file_id,idx,text_ed,IS,premise0,premise0_cw_annA,premise1,premise1_cw_annA,premise2,premise2_cw_annA,conclusion,conclusion_cw_annA,concat,weak,premise0_hate,premise1_hate,premise2_hate,conclusion_hate,arg_comps_ok,target_ok,premise0_cw_annB,premise1_cw_annB,premise2_cw_annB,conclusion_cw_annB
30679934_1,0,"the kind of perversion that leads to homosexuality also leads to pedophilia. why take the risk , and even if the homosexuals turned out not to be pedophiles why would anyone want a child to live with two perverts .",gay men are perverts.,The kind of perversion that leads to homosexuality also leads to pedophilia.,CFS,Gay men may turn out to be pedophiles.,CFS,,,It is not worth taking the risk of allowing homosexuals to raise children.,CFS,"The kind of perversion that leads to homosexuality also leads to pedophilia. Gay men may turn out to be pedophiles. Therefore, It is not worth taking the risk of allowing homosexuals to raise children.",premise0,1.0,1.0,0.0,1.0,1.0,1.0,NFS,NFS,NFS,NFS
13470210_2,1,The Jews say they are The Chosen Ones The Blacks say they are the original Hebrews Israelites Our worst enemies want to be us and we refuse to accept that we are HIS ! ... and so it goes ..,jewish people are inferior to other groups.,The Jews believe they are The Chosen Ones.,CFS,The Blacks claim to be the original Hebrews and Israelites.,CFS,,,Our worst enemies desire to be like us.,NFS,"The Jews believe they are The Chosen Ones. The Blacks claim to be the original Hebrews and Israelites. Therefore, Our worst enemies desire to be like us.",conclusion,0.0,0.0,0.0,0.0,1.0,1.0,NFS,NFS,NFS,NFS
12834493_1,2,"She may or may not be a Jew but she 's certainly stupid , she seems to think the Blacks wo n't kill her alongside every other White they can get their dirty hands on , what a muppet !",jewish folks are stupid.,she seems to think the Blacks wo n't kill her alongside every other White they can get their dirty hands on.,NFS,,,,,She may or may not be a Jew but she 's certainly stupid.,NFS,"she seems to think the Blacks wo n't kill her alongside every other White they can get their dirty hands on. Therefore, She may or may not be a Jew but she 's certainly stupid.",premise0,1.0,0.0,0.0,1.0,1.0,1.0,NFS,CFS,NFS,NFS
13251831_1,3,"I always thought it would be cool if somebody covertly set off a nuke in Kashmir , and then we all could sit back and watch as the Paki 's and Indians nuke the scheiss out of each other .",Indians and Pakis should be killed.,It would be cool if someone secretly detonated a nuclear bomb in Kashmir.,NFS,,,,,It would be cool to see the Pakistani and Indian people annihilate each other through a covertly set off nuclear bomb in Kashmir.,NFS,"It would be cool if someone secretly detonated a nuclear bomb in Kashmir. Therefore, It would be cool to see the Pakistani and Indian people annihilate each other through a covertly set off nuclear bomb in Kashmir.",conclusion,1.0,0.0,0.0,1.0,0.0,1.0,NFS,NFS,NFS,NFS
14039975_1,4,"Was walking through tooting broadway in SW London a couple of weeks ago .... was the only white dude around and all I could see was nigs and pakis walking down the street spitting , made me feel ill !",black folks are inferior.,I was the only white person in the area through Tooting Broadway in SW London.,CFS,Nigs and pakis were walking down the street spitting.,UFS,,,Seeing them made me feel ill.,NFS,"I was the only white person in the area through Tooting Broadway in SW London. Nigs and pakis were walking down the street spitting. Therefore, Seeing them made me feel ill.",conclusion,1.0,1.0,0.0,1.0,1.0,1.0,NFS,NFS,NFS,NFS
14412365_1,5,"I just refer to them as primates as through THEIR evolution process they are just a little bit higher on the evolutionary chain which makes them all the more dangerous to whites , than any of their animalistic cousins .",black people are animals.,Black people are higher on the evolutionary chain.,UFS,Black people are like primates.,UFS,,,Black people are more dangerous to whites than the other primates.,CFS,"Black people are higher on the evolutionary chain. Black people are like primates. Therefore, Black people are more dangerous to whites than the other primates.",conclusion,0.0,1.0,0.0,1.0,0.0,1.0,NFS,NFS,CFS,NFS
13855831_1,6,another coon giving out about Ireland and as if her opinion counts being second generation London jamican only means her mother was a filthy immigrant who waited till she got off the banana boat to give birth to her litter,immigrants are dirty.,A person that is second generation London Jamaican is giving out about Ireland.,CFS,This means that her mother was a filthy immigrant who waited till she got off the banana boat to give birth to her litter.,NFS,,,Her opinion does not count.,NFS,"A person that is second generation London Jamaican is giving out about Ireland. This means that her mother was a filthy immigrant who waited till she got off the banana boat to give birth to her litter. Therefore, Her opinion does not count.",premise1,0.0,1.0,0.0,1.0,1.0,1.0,NFS,NFS,CFS,NFS
14088263_1,7,"...mating with other mulattos would be ideal , but since there are n't huge numbers of mulatto children compared to those of Whites or blacks I 'd rather see them up with blacks so that White bloodlines stay intact .",black people are inferior to whites.,Mulatto children should mate with other mulattos.,NFS,There are not many mulatto children compared to those of Whites or blacks.,UFS,,,I would rather see mulatto children end up with blacks so that White bloodlines stay intact.,NFS,"Mulatto children should mate with other mulattos. There are not many mulatto children compared to those of Whites or blacks. Therefore, I would rather see mulatto children end up with blacks so that White bloodlines stay intact.",conclusion,1.0,1.0,0.0,1.0,0.0,1.0,NFS,CFS,NFS,NFS
31755241_1,8,if he 's a coke addict - try to find out where he gets the coke from and rat him out .... you will be a hero and can have your own party while all the nigs are behind bars,black folks are criminals.,"If he is a coke addict, you should try to find out where he gets the coke from and rat him out.",NFS,,,,,Ratting out the coke addict will make you a hero and allow you to have your own party while all the nigs are behind bars.,CFS,"If he is a coke addict, you should try to find out where he gets the coke from and rat him out. Therefore, Ratting out the coke addict will make you a hero and allow you to have your own party while all the nigs are behind bars.",conclusion,0.0,0.0,0.0,1.0,0.0,1.0,NFS,NFS,NFS,NFS
13849898_1,9,how the hell are they going to integrate into Irish society ? They come from a dirt poor medieval country and have spent the last 3 years living in a refugee camp.what skills are they going to bring here ?,immigrants are poor and can't learn.,They come from a dirt poor medieval country.,CFS,They have spent the last 3 years living in a refugee camp.,CFS,What skills are they going to bring here?,CFS,They are not going to integrate into Irish society.,CFS,"They come from a dirt poor medieval country. They have spent the last 3 years living in a refugee camp. What skills are they going to bring here? Therefore, They are not going to integrate into Irish society.",premise2,1.0,0.0,0.0,0.0,1.0,0.0,NFS,CFS,NFS,NFS
14406890_1,10,There are things we can do to stop the rapes that occur when blacks and other non whites con white women and girls into getting in cars with them etc For a start teach our women to respect themselves .,people of color are rapists.,Black and other non-white individuals are responsible for conning white women and girls into getting in cars with them.,CFS,There are things we can do to stop the rapes that occur when blacks and other non whites con white women and girls into getting in cars with them etc.,UFS,,,We should teach our women to respect themselves.,NFS,"Black and other non-white individuals are responsible for conning white women and girls into getting in cars with them. There are things we can do to stop the rapes that occur when blacks and other non whites con white women and girls into getting in cars with them etc. Therefore, We should teach our women to respect themselves.",premise0,1.0,1.0,0.0,0.0,1.0,1.0,NFS,NFS,CFS,NFS
31754206_1,11,ya my little sister doesnt like little black girls when they try to talk to her she pulls a disgusted face and says why are you black ?? and i laugh and say `` Maggie dont talk to her '',black folks are inferior to whites.,My little sister does not like little black girls.,NFS,"When a little black girl tries to talk to my sister, she pulls a disgusted face.",UFS,,,I tell my little sister not to talk with black girls.,UFS,"My little sister does not like little black girls. When a little black girl tries to talk to my sister, she pulls a disgusted face. Therefore, I tell my little sister not to talk with black girls.",conclusion,1.0,1.0,0.0,1.0,1.0,1.0,NFS,NFS,NFS,NFS
30640962_1,12,"``Confrontingthe Girl Who Shot Me In the Face '' -- Dr. Phil - YouTube The female negro is making excuses like its not her fault but we all know its TNB , I feel for that poor white woman",black folks are criminals.,The black female perpetrator is making excuses for her actions.,UFS,We all know the female negro is responsible of the crime.,UFS,,,I feel for the white woman who is the victim.,NFS,"The black female perpetrator is making excuses for her actions. We all know the female negro is responsible of the crime. Therefore, I feel for the white woman who is the victim.",premise1,1.0,1.0,0.0,0.0,1.0,1.0,NFS,NFS,NFS,NFS
13862375_2,13,Seen some black girl about 6 years old begging on grafton street once and we were coming out of a shop a few mins later when her father pulls up in a decent car. scum. the lot of them .,black folks are scum.,Saw a young girl begging on Grafton Street.,UFS,The father of the young girl had a decent car.,UFS,,,Black people are scum.,NFS,"Saw a young girl begging on Grafton Street. The father of the young girl had a decent car. Therefore, Black people are scum.",conclusion,0.0,0.0,0.0,1.0,1.0,1.0,NFS,UFS,NFS,NFS
31766409_1,14,HIV will do its job. the fags keep searching for a cure but they will never find one because it keeps on changing and mutating. already 60 percent of faggot apes have AIDS and it continues to grow .,gay men have HIV.,60% of faggot apes already have AIDS.,CFS,The fags (homosexuals) are searching for a cure for HIV.,CFS,HIV is constantly changing and mutating.,,The fags (homosexuals) will never find a cure for HIV.,CFS,"60% of faggot apes already have AIDS. The fags (homosexuals) are searching for a cure for HIV. HIV is constantly changing and mutating. Therefore, The fags (homosexuals) will never find a cure for HIV.",conclusion,1.0,1.0,0.0,1.0,1.0,1.0,NFS,NFS,CFS,NFS
14660756_1,15,"Your both our enemies plain and simple , jews try to destroy us with their immigration and the jew would not be able to get as far as they did if many of them did not look white .",jewish people are trying to destroy the country.,The Jews would not have been able to get as far as they did without looking white.,CFS,,,,,The Jews are using their white appearance to further their goal of destroying us through immigration.,CFS,"The Jews would not have been able to get as far as they did without looking white. Therefore, The Jews are using their white appearance to further their goal of destroying us through immigration.",conclusion,1.0,0.0,0.0,1.0,1.0,1.0,NFS,NFS,NFS,NFS
30627161_1,16,"If black monkeys are on my property i call animal control and defend my family and property with whatever means possible , simply talking sense to a monkey and pointing at it will not stop it from misbehaving !",black folks are monkeys.,Simply talking sense to a black monkey and pointing at it will not stop it from misbehaving.,NFS,,,,,I must use whatever means necessary to stop the black monkeys from misbehaving.,NFS,"Simply talking sense to a black monkey and pointing at it will not stop it from misbehaving. Therefore, I must use whatever means necessary to stop the black monkeys from misbehaving.",premise0,1.0,0.0,0.0,1.0,1.0,1.0,NFS,NFS,NFS,NFS
13269862_1,17,"As soon as i found out she was with child by a mulatto and she 's a wet back too , I suddenly found her to be repulsive and shall never watch anything she is in again .",people of color are repulsive.,This woman has a child by a mulatto and she 's a wet back too.,UFS,,,,,I suddenly found this woman to be repulsive and shall never watch anything she is in again.,NFS,"This woman has a child by a mulatto and she 's a wet back too. Therefore, I suddenly found this woman to be repulsive and shall never watch anything she is in again.",conclusion,1.0,0.0,0.0,1.0,1.0,1.0,NFS,CFS,NFS,NFS
14040305_1,18,"Its about time we as a nation take matters into our own hands , over throw the government stop the white genocide deport all immigrants and establish a government to help indigenous white Britons rebuild this country .",immigrants are destroying the country.,White genocide is happening.,CFS,,,,,"Action needs to be taken to overthrow the government, stop white genocide, deport immigrants, and establish a new government to help indigenous white Britons rebuild the country.",NFS,"White genocide is happening. Therefore, Action needs to be taken to overthrow the government, stop white genocide, deport immigrants, and establish a new government to help indigenous white Britons rebuild the country.",conclusion,0.0,0.0,0.0,1.0,1.0,1.0,NFS,CFS,NFS,NFS
14071005_1,19,"Like it or not , and I certainly do n't , but Ireland , especially NI is littered with memorials to , and even statues of , red terrorists .",communists are terrorists.,"Ireland, especially Northern Ireland, is filled with memorials and statues of red terrorists.",CFS,,,,,I certainly don't like this fact.,NFS,"Ireland, especially Northern Ireland, is filled with memorials and statues of red terrorists. Therefore, I certainly don't like this fact.",premise0,0.0,0.0,0.0,0.0,1.0,1.0,NFS,NFS,NFS,NFS
13465908_1,20,"France has been gone for a long time , we will have to retake it later because there will be no French people in not too long .",immigrants are taking over the country.,France has been gone for a long time.,CFS,There will be no French people in not too long in France.,NFS,,,We will have to retake France later.,NFS,"France has been gone for a long time. There will be no French people in not too long in France. Therefore, We will have to retake France later.",premise1,0.0,1.0,0.0,1.0,1.0,1.0,NFS,NFS,NFS,NFS
14412910_1,21,All of this diversity crap needs to stop soon whites will be extinct and I 'm not living in a brown world I want a clean white world,black people are inferior to whites.,Soon whites will be extinct.,CFS," I 'm not living in a brown world, I want a clean white world.",NFS,,,All of this diversity crap needs to stop.,NFS,"Soon whites will be extinct.  I 'm not living in a brown world, I want a clean white world. Therefore, All of this diversity crap needs to stop.",premise1,1.0,1.0,0.0,1.0,1.0,1.0,NFS,NFS,NFS,NFS
30742787_1,22,I'm not really surprised - now going to college with blacks I can tell you they continue to behave in such a manner even in higher education .,black people behave badly.,I'm going to college with blacks.,UFS,Blacks continue to behave in a certain manner even in higher education.,,,,I am not surprised by the behavior of blacks in higher education.,NFS,"I'm going to college with blacks. Blacks continue to behave in a certain manner even in higher education. Therefore, I am not surprised by the behavior of blacks in higher education.",premise1,1.0,0.0,0.0,1.0,1.0,1.0,NFS,NFS,NFS,NFS
13273318_1,23,I've heard the name before but I too have no idea who she is .. one of the benefits of turning off the Talmudivision and watching very few modern movies,jews are evil.,I don't watch the Talmudivision and I watch very few modern movies.,UFS,,,,,I have no idea who she is.,NFS,"I don't watch the Talmudivision and I watch very few modern movies. Therefore, I have no idea who she is.",premise0,1.0,0.0,0.0,0.0,1.0,1.0,NFS,CFS,NFS,NFS
30429635_1,24,When asked how I knew the holocaust was a lie my answer was if it was the truth there would be no laws against saying it was a lie .,jewish folks are liars.,"If the holocaust was the truth, there would be no laws against saying it was a lie.",CFS,,,,,The holocaust is a lie.,CFS,"If the holocaust was the truth, there would be no laws against saying it was a lie. Therefore, The holocaust is a lie.",premise0,1.0,0.0,0.0,1.0,1.0,1.0,NFS,NFS,NFS,NFS
30712850_3,25,"If the Jews are allowed to decide for everyone the correct version of history , I 'm sure they 'll eventually re-write the history around Jesus Christ .",jewish people are greedy.,The Jews have the power to decide the correct version of history for everyone.,CFS,,,,,The Jews will eventually re-write history around Jesus Christ.,CFS,"The Jews have the power to decide the correct version of history for everyone. Therefore, The Jews will eventually re-write history around Jesus Christ.",premise0,1.0,0.0,0.0,1.0,1.0,1.0,NFS,UFS,NFS,NFS
31757189_1,26,There are many alternatives to adopting little mud babies.There is srrogate mothers and invitro fertilization are just two.If these are not financialy possile then wait till it is .,women are sluts.,There are many alternatives to adopting little mud babies. Surrogate mothers and invitro fertilization are just two.,CFS,These solutions might not be financially possible.,NFS,,,You should wait until these alternative solutions are financially possible rather than adopting mud babies.,NFS,"There are many alternatives to adopting little mud babies. Surrogate mothers and invitro fertilization are just two. These solutions might not be financially possible. Therefore, You should wait until these alternative solutions are financially possible rather than adopting mud babies.",conclusion,1.0,0.0,0.0,1.0,1.0,0.0,NFS,NFS,NFS,NFS
14283736_1,27,"To hell with making a stand , i think we should all go to the southwest and go on the offenceive and drive every race down into Mexico .",immigrants are a threat to the country.,We should not limit ourselves to make a stance.,NFS,,,,,We should go to the southwest and go on the offensive and drive every race down into Mexico.,NFS,"We should not limit ourselves to make a stance. Therefore, We should go to the southwest and go on the offensive and drive every race down into Mexico.",conclusion,0.0,0.0,0.0,1.0,1.0,1.0,NFS,NFS,NFS,NFS
13502514_1,28,Africa is a hole area of natural resources and only made mud huts from it ... what wild life are able to make even better huts ie birds,africans are incompetent.,Africa is an area rich in natural resources.,CFS,The people of Africa only use these resources to make mud huts.,CFS,,,Birds are able to make better huts than the people of Africa.,UFS,"Africa is an area rich in natural resources. The people of Africa only use these resources to make mud huts. Therefore, Birds are able to make better huts than the people of Africa.",premise1,0.0,0.0,0.0,1.0,1.0,1.0,CFS,NFS,CFS,NFS
13503418_1,29,"Yes, before age of 10 i never saw an negro in real life , when i moved to Holland i was horrified by the amount of non-whites .",black people are inferior to whites.,"Before the age of 10, I had never seen a black person in real life.",UFS,,,,,I was horrified by the amount of non-white people after moving to Holland.,CFS,"Before the age of 10, I had never seen a black person in real life. Therefore, I was horrified by the amount of non-white people after moving to Holland.",conclusion,0.0,0.0,0.0,1.0,1.0,1.0,NFS,NFS,NFS,NFS
30679927_2,30,"Homosexuals practice a perverse lifestyle that destroys the body , mind , and soul just as drug use does ; merely two paths to the same destructive end .",homosexuals are sef-destructive,"Homosexuals practice a perverse lifestyle that destroys the body , mind , and soul.",CFS,,,,,Homosexuals and drug users are both on a path to a destructive end.,NFS,"Homosexuals practice a perverse lifestyle that destroys the body , mind , and soul. Therefore, Homosexuals and drug users are both on a path to a destructive end.",premise0,1.0,0.0,0.0,1.0,1.0,1.0,NFS,NFS,NFS,NFS
30691153_1,31,Americans and Irish understand each other better than Spaniards and the beaners .. the US and Ireland are the 1st world so they are educated unlike the beaners .,immigrants are inferior to whites.,The US and Ireland are the 1st world.,CFS,They are educated unlike the beaners.,CFS,,,Americans and Irish understand each other better than Spaniards and the beaners.,CFS,"the US and Ireland are the 1st world so they are educated unlike the beaners . Therefore, Americans and Irish understand each other better than Spaniards and the beaners.",premise1,0.0,1.0,0.0,0.0,1.0,1.0,NFS,NFS,NFS,NFS
33677053_1,32,"Why White people used to say that sex was a sin used to be a mystery to me until I saw the children of browns and mixed race children popping up all around me. There, I understood the consequences of interracial relationships.",black people are inferior to whites.,White people used to say that sex was a sin.,CFS,I saw children of browns and mixed race children popping up all around them.,UFS,I did not understand why this was the case.,,I understood the consequences of interracial relationships.,CFS,"White people used to say that sex was a sin. I saw children of browns and mixed race children popping up all around them. I did not understand why this was the case. Therefore, I understood the consequences of interracial relationships.",premise1,0.0,0.0,0.0,1.0,1.0,1.0,NFS,NFS,NFS,NFS
12848217_3,33,"I was basically a babysitter , and the apes went nuts , and frankly , I could not control them and had to press the panic button twice to get someone to help me from the apes.",black folks are apes.,The apes went nuts and I could not control them.,UFS,,,,,I had to press the panic button twice to get someone to help me from the apes.,UFS,"The apes went nuts and I could not control them. Therefore, I had to press the panic button twice to get someone to help me from the apes.",conclusion,1.0,0.0,0.0,1.0,1.0,1.0,NFS,UFS,UFS,NFS
31744151_1,34,things u put on yer teeth just kidding ... seen guys with those things that suppose to hold up pants ? theyre red or white ? and theyre not belts. welcome to skinhead charades .,skinheads are a joke.,Skinheads wear things on their teeth that are supposed to hold up pants.,CFS,,,,,Welcome to skinhead charades.,NFS,"Skinheads wear things on their teeth that are supposed to hold up pants. Therefore, Welcome to skinhead charades.",premise0,1.0,0.0,0.0,1.0,1.0,1.0,NFS,NFS,NFS,NFS
12843325_1,35,We have a little piece of legislation called the Prohibition of Foreign Military Assistance Act This prohibits mercs from operating in South Africa. on pain of five years of hell in a kaffer jail .,black folks are mercenaries.,There is a piece of legislation called the Prohibition of Foreign Military Assistance Act.,CFS,The punishment for violating this law is five years in a kaffer jail.,CFS,,,This prohibits mercs from operating in South Africa.,CFS,"There is a piece of legislation called the Prohibition of Foreign Military Assistance Act. The punishment for violating this law is five years in a kaffer jail. Therefore, This prohibits mercs from operating in South Africa.",conclusion,0.0,0.0,0.0,0.0,1.0,1.0,CFS,NFS,NFS,NFS
14102803_1,36,id like kids eventually. but not now. as for your sterlization. that is great. there really is no use for ppl to produce kids if they are wackos. being a nutjob is herditary .,people with disabilities shouldn't be able to reproduce,"As for your sterilization, that's great, as you won't be able to reproduce.",NFS,You are a nutjob.,NFS,Being a nutjob is hereditary.,CFS,There's no use for people to produce kids if they are wackos because they will be nutjobs as well.,CFS,"As for your sterilization, that's great, as you won't be able to reproduce. You are a nutjob. Being a nutjob is hereditary. Therefore, There's no use for people to produce kids if they are wackos because they will be nutjobs as well.",conclusion,1.0,1.0,1.0,1.0,1.0,0.0,NFS,NFS,NFS,NFS
13857116_1,37,This filth is a sectarian Irish song. The sort of scum who wrote and admire this filth have no place on a White Nationalist forum yet alone an Irish forum,Irish are scum.,This filth is a sectarian Irish song.,UFS,The sort of scum who wrote and admire this filth have no place on a White Nationalist forum.,CFS,,,They only have place on an Irish forum.,CFS,"This filth is a sectarian Irish song. The sort of scum who wrote and admire this filth have no place on a White Nationalist forum. Therefore, They only have place on an Irish forum.",premise1,1.0,1.0,0.0,0.0,1.0,1.0,NFS,NFS,NFS,NFS
13553208_1,38,Is that couple in the second picture with the dark yellow background an Asian female with a White male or is it something that looks like it designed to send the same message ? Asians shouldn't mix with Whites.,Asian people are inferior to white folks.,There is a couple in a picture that consists of an Asian female and a White male.,UFS,The couple is being used to promote interracial relationships.,CFS,,,Asians shouldn't mix with Whites.,NFS,"There is a couple in a picture that consists of an Asian female and a White male. The couple is being used to promote interracial relationships. Therefore, Asians shouldn't mix with Whites.",conclusion,0.0,0.0,0.0,1.0,1.0,1.0,UFS,NFS,NFS,NFS
13866393_1,39,So now Stormfront Ireland is solely responsible for all racist attacks in Ireland. lol Ted is right this is the work of the Kikes those * * * * ers are never happy with what they get in Ireland.,jewish are criminals.,Stormfront Ireland is solely responsible for all racist attacks in Ireland.,CFS,Kikes are never happy with what they receive in Ireland.,CFS,,,This is the work of those * * * * ers Kikes.,UFS,"Stormfront Ireland is solely responsible for all racist attacks in Ireland. Kikes are never happy with what they receive in Ireland. Therefore, This is the work of those * * * * ers Kikes.",premise1,0.0,1.0,0.0,1.0,1.0,1.0,NFS,NFS,NFS,NFS
13474456_1,40,"zpridez NO big deal , I got your drift.IMO If these bellyaching Black peoples et al continue to negate/or ignore the present ' Products of Progress ' within society we 're all doomed .",black people are incompetent.,Black people and others are constantly complaining and ignoring the progress in society.,CFS,,,,,We are all doomed.,UFS,"Black people and others are constantly complaining and ignoring the progress in society. Therefore, We are all doomed.",conclusion,1.0,0.0,0.0,0.0,1.0,1.0,NFS,NFS,NFS,NFS
14676826_1,41,"Some whites are corrupt whores for Jewish supremacists , therefore Whites should not oppose Jewish supremacist extermination of all Whites and JS efforts to control humanity 's future .",jews are trying to control the world,Some whites are corrupt whores for Jewish supremacists.,CFS,Jewish supremacists are trying to control humanity's future.,CFS,,,Whites should not oppose Jewish supremacist extermination of all Whites and JS efforts to control humanity's future.,NFS,"Some whites are corrupt whores for Jewish supremacists. Jewish supremacists are trying to control humanity's future. Therefore, Whites should not oppose Jewish supremacist extermination of all Whites and JS efforts to control humanity's future.",conclusion,1.0,1.0,0.0,1.0,1.0,1.0,NFS,NFS,NFS,NFS
31041845_1,42,"The jews represent everything vile , deviant and unnatural , everything and anything that is an abomination to our Lord Jesus Christ , I hope he is burning with his father in hell .",jewish folks are deviants and unnatural.,"The jews are seen as representing everything vile, deviant, and unnatural.",CFS,They are considered to be an abomination to our Lord Jesus Christ.,CFS,,,I hope jews are burning in hell with their father.,NFS,"The jews are seen as representing everything vile, deviant, and unnatural. They are considered to be an abomination to our Lord Jesus Christ. Therefore, I hope jews are burning in hell with their father.",premise1,1.0,1.0,0.0,1.0,1.0,0.0,NFS,NFS,NFS,NFS
30500196_1,43,"Just wait until they find a school where Asian girls are more violent and stupid than black males , and the leftists will have a plan on how to fight the achievement gap .",people of color are stupid and violent,Asian girls might be more violent and stupid than black males.,CFS,,,,,The leftists will have a plan on how to fight the achievement gap in this case.,UFS,"Asian girls might be more violent and stupid than black males. Therefore, The leftists will have a plan on how to fight the achievement gap in this case.",premise0,1.0,0.0,0.0,0.0,1.0,1.0,NFS,CFS,NFS,NFS
14658037_2,44,We should have a new version of the old Plantation system where every white person on earth makes millions of dollars off of the enslaved labor of all the non-Whites in the world .,black people are slaves.,The old Plantation system was profitable (resulting in millions of dollars) for white people.,CFS,Non-Whites were enslaved and forced to work on plantations.,CFS,,,We should have a new version of the old Plantation system.,NFS,"The old Plantation system was profitable (resulting in millions of dollars) for white people. Non-Whites were enslaved and forced to work on plantations. Therefore, We should have a new version of the old Plantation system.",premise0,0.0,0.0,0.0,1.0,1.0,1.0,CFS,NFS,NFS,NFS
13455369_4,45,"WE GOT MONEY AROUND HERE TOO Compton Crips Pt.1 - YouTube These negroes are in the middle of the street , seems like something of a zoo , playing with their cheap lowriders .",black folks act like animals.,These negroes are in the middle of the street.,UFS,They seem like something of a zoo.,CFS,They are playing with their cheap lowriders.,UFS,Black people actions are indicative of the Compton Crips gang's behavior.,CFS,"These negroes are in the middle of the street. They seem like something of a zoo. They are playing with their cheap lowriders. Therefore, Black people actions are indicative of the Compton Crips gang's behavior.",conclusion,1.0,1.0,0.0,1.0,1.0,1.0,NFS,NFS,NFS,NFS
14023352_1,46,put the kids in a ophanage and arrest the whore of a mother to a point of not having more biracial kids 8 kids have to suffer all their lives to due a whore,black folks shouldn't reproduce.,The mother is a whore.,NFS,The mother has biracial kids.,UFS,The kids will suffer all their lives because of their mother.,CFS,The mother should be arrested and the kids should be put in an orphanage.,NFS,"The mother is a whore. The mother has biracial kids. The kids will suffer all their lives because of their mother. Therefore, The mother should be arrested and the kids should be put in an orphanage.",conclusion,1.0,0.0,0.0,1.0,1.0,1.0,NFS,NFS,NFS,NFS
14411178_1,47,Actually Monkeys and Apes are more noble creatures and rarely act violent it really is unfare to the Monkeys and Apes to be compared with subhuman Negroids who are by contrast very murderous .,black people are violent.,Monkeys and Apes are noble creatures and they rarely act violently.,CFS,Subhuman Negroids are by contrast very murderous.,CFS,,,It is unfair to compare Monkeys and Apes with subhuman Negroids.,NFS,"Monkeys and Apes are noble creatures and they rarely act violently. Subhuman Negroids are by contrast very murderous. Therefore, It is unfair to compare Monkeys and Apes with subhuman Negroids.",premise1,0.0,1.0,0.0,1.0,1.0,1.0,NFS,NFS,NFS,NFS
14030423_1,48,These figures show that no one now could just talk about the need to restrict non-white immigration ( as the current government does ) ; large-scale repatriation of non-whites is absolutely essential .,immigrants should be deported.,These figures show that it is not enough to just talk about the restriction of non-white immigration.,CFS,The current government talks about restricting non-white immigration.,CFS,,,Large-scale repatriation of non-whites is absolutely essential.,CFS,"These figures show that it is not enough to just talk about the restriction of non-white immigration. The current government talks about restricting non-white immigration. Therefore, Large-scale repatriation of non-whites is absolutely essential.",conclusion,0.0,0.0,0.0,1.0,1.0,1.0,NFS,CFS,UFS,NFS
13639875_1,49,"how could you have a debate with a nigerian woman ! pity i wasn't listening in , should have been a good laugh listening to that person trying to hold a civilised conversation",nigerian folks are inferior.,Nigerian women don't know how to hold civilised conversations.,CFS,I regret not being able to witness the debate.,NFS,,,Having a debate with a Nigerian woman would be entertaining as she would struggle.,CFS,"Nigerian women don't know how to hold civilised conversations. I regret not being able to witness the debate. Therefore, Having a debate with a Nigerian woman would be entertaining as she would struggle.",premise0,1.0,0.0,0.0,1.0,1.0,1.0,NFS,NFS,NFS,NFS
14059957_1,50,"Notice how not one of these Hungarians gave one good source validating their preposterous claims , they just came here to complain and start name calling , just as stupid liberals do .",hungarians and liberals are stupid.,Not one of these Hungarians gave one good source validating their preposterous claims.,NFS,Hungarians just came here to complain and start name calling.,NFS,Stupid liberals also behave in the same manner.,,Hungarians and liberals don't know how to give good arguments.,CFS,"Not one of these Hungarians gave one good source validating their preposterous claims. Hungarians just came here to complain and start name calling. Stupid liberals also behave in the same manner. Therefore, Hungarians and liberals don't know how to give good arguments.",conclusion,1.0,0.0,1.0,1.0,1.0,1.0,NFS,NFS,NFS,NFS
13492128_1,51,"somebody``hcf''calledputin``ahero''!lololol!This``hero''finallytransformedformersovietjewnion in ``russian''judea!In this misery-torn country-are there-70 officially billionaries , tens f thousands millionaries , and tens of millions of poor and miserable who look for their pittance at the garbage places !",jews are greedy.,"In this misery-torn country, there are 70 officially billionaires, tens of thousands millionaires, and tens of millions of poor and miserable people.",CFS,The poor and miserable people look for their pittance at garbage places.,CFS,,,Putin finally transformed former Soviet Union into Russian Judea.,CFS,"In this misery-torn country, there are 70 officially billionaires, tens of thousands millionaires, and tens of millions of poor and miserable people. The poor and miserable people look for their pittance at garbage places. Therefore, Putin finally transformed former Soviet Union into Russian Judea.",conclusion,0.0,1.0,0.0,1.0,1.0,1.0,CFS,NFS,NFS,NFS
14414465_3,52,http://www.abc25.com/Global/story.asp ? S = 5352185 Non whites commit far more crimes against whites each year but its never considered a hate crime and alot of them never spend any time in jail !,black folks are criminals.,Non-whites commit more crimes against whites each year.,CFS,These crimes are not considered hate crimes.,CFS,,,Many of these non-whites do not go to jail.,CFS,"Non-whites commit more crimes against whites each year. These crimes are not considered hate crimes. Therefore, Many of these non-whites do not go to jail.",premise0,1.0,0.0,0.0,0.0,1.0,1.0,NFS,NFS,UFS,NFS
12858198_1,53,"I will at least never willingly pay to see this propaganda , maybe just watch it for free to show the influence the jews have got in the white genocide to people .",jewish people are manipulative.,The propaganda is created by Jews.,CFS,The Jews are using their propaganda to influence the white genocide.,CFS,,,I will at least never willingly pay to see this propaganda.,NFS,"The propaganda is created by Jews. The Jews are using their propaganda to influence the white genocide. Therefore, I will at least never willingly pay to see this propaganda.",premise1,1.0,1.0,0.0,0.0,1.0,1.0,NFS,NFS,NFS,NFS
30570257_1,54,Look what happens when Whites leave black Countries alone to do what they do naturally The blacks in White Countries today should be on their knees thanking Whites for trying to civilize them,black people are inferior to whites.,Whites have left black countries alone to do what they do naturally.,CFS,black people is uncivilized.,CFS,,,The blacks in white countries should be on their knees thanking whites for their efforts to civilize them.,NFS,"Whites have left black countries alone to do what they do naturally. black people is uncivilized. Therefore, The blacks in white countries should be on their knees thanking whites for their efforts to civilize them.",conclusion,1.0,1.0,0.0,1.0,1.0,1.0,NFS,NFS,NFS,NFS
32940552_1,55,"If we are White and wish to save this country rather than have it turn into a disorderly non-White hegemony , then we are all at a loss for what to do .",black people are inferior to whites.,Non-whites are becoming a hegemony.,CFS,,,,,We are all at a loss to prevent the country from becoming a disorderly non-White hegemony.,CFS,"Non-whites are becoming a hegemony. Therefore, We are all at a loss to prevent the country from becoming a disorderly non-White hegemony.",conclusion,1.0,0.0,0.0,1.0,1.0,1.0,CFS,NFS,NFS,NFS
13332658_1,56,Let mother nature evolve these preople naturally because no amount of money or aid is going to drag these ' things ' into the civilized world where they serve absolutely no purpose .,black people are uncivilized.,Black people who are not part of the civilized world serve no purpose.,CFS,No amount of money or aid can bring these people into the civilized world.,CFS,,,Mother nature should be allowed to evolve these people naturally.,NFS,"Black people who are not part of the civilized world serve no purpose. No amount of money or aid can bring these people into the civilized world. Therefore, Mother nature should be allowed to evolve these people naturally.",premise0,1.0,1.0,0.0,1.0,1.0,1.0,NFS,NFS,NFS,NFS
13455266_2,57,The raw footage of these black beasts in their moments of candor is so much more revealing and persuasive for helping our fellow white brothers and sisters see the truth than a thousand books could ever be .,black folks are animals.,Helping white brothers and sisters see the truth is important.,NFS,A thousand books could never be as effective as raw footage.,,,,The raw footage of beasts is more effective than books.,CFS,"Helping white brothers and sisters see the truth is important. A thousand books could never be as effective as raw footage. Therefore, The raw footage of beasts is more effective than books.",conclusion,0.0,0.0,0.0,1.0,1.0,1.0,NFS,NFS,NFS,NFS
30670272_1,58,"Dude stink bomb this event , when it gets dark , chuck a bunch of them on the floor , different spots , when the chimps start jiving and grooving , they will step on them .",black people are animals.,You should throw the stink bombs on the floor.,NFS,You should target the chimps at the event.,NFS,,,The chimps will be affected by the stink bombs and cause chaos at the event.,UFS,"You should throw the stink bombs on the floor. You should target the chimps at the event. Therefore, The chimps will be affected by the stink bombs and cause chaos at the event.",conclusion,1.0,1.0,0.0,1.0,1.0,1.0,NFS,NFS,NFS,NFS
12959685_1,59,"Yep the bottom line is without a strong family behind her a young girl is very vulnerable .. The Jew knows this and Glamorises the Negro using its media power , here we see the results .",jewish folks are manipulative.,"Without a strong family behind her, a young girl is vulnerable.",CFS,The Jew uses its media power.,CFS,,,The young girl is vulnerable because the Jew glamorizes the Negro using its media power.,CFS,"Without a strong family behind her, a young girl is vulnerable. The Jew uses its media power. Therefore, The young girl is vulnerable because the Jew glamorizes the Negro using its media power.",conclusion,0.0,1.0,0.0,1.0,1.0,1.0,NFS,NFS,NFS,NFS
13504803_2,60,"Situation in Switzerland is terrible , blacks and muslims are everywhere ! We were a great Country with a great People but all these monkeys are transforming Switzerland in a zoo where law is not respected .",black people are monkeys.,Blacks and Muslims are everywhere.,CFS,All these monkeys are transforming Switzerland into a zoo.,CFS,,,The situation in Switzerland is terrible.,CFS,"Blacks and Muslims are everywhere. All these monkeys are transforming Switzerland into a zoo. Therefore, The situation in Switzerland is terrible.",premise1,1.0,1.0,0.0,0.0,1.0,1.0,NFS,NFS,NFS,NFS
13072439_1,61,"Well then , that makes the fact these scum are sending millions of their kin to my country , taking jobs from the White inhabitants , killing our people and mongrelizing our race all alright then .",immigrants are taking jobs from white people.,The scum are sending millions of their kin to my country.,CFS,"They are taking jobs from the White inhabitants.They are killing our people, and mongrelizing our race.",CFS,,,All of this is not alright.,NFS,"The scum are sending millions of their kin to my country. They are taking jobs from the White inhabitants.They are killing our people, and mongrelizing our race. Therefore, All of this is not alright.",premise1,1.0,1.0,0.0,0.0,1.0,0.0,NFS,NFS,NFS,NFS
14014876_1,62,One reason we moved out of our ( at one time 99 % white ) neighborhood was because massive numbers of Chinese moved in and i swear to you a literal rotten smell came with them .,asian people smell bad.,Our neighborhood was once 99% white.,CFS,Massive numbers of Chinese people moved into our neighborhood.,CFS,A literal rotten smell came with the Chinese people.,CFS,We moved out of our neighborhood.,UFS,"Our neighborhood was once 99% white. Massive numbers of Chinese people moved into our neighborhood. A literal rotten smell came with the Chinese people. Therefore, We moved out of our neighborhood.",conclusion,0.0,0.0,1.0,0.0,1.0,1.0,NFS,NFS,NFS,UFS
14666450_1,63,Another black is now trying to convince me that black slaves were force-fed animal lard through huge tubes and had their hands and feet cut off so they could work in the cotton fields without running away,black folks are slaves.,Another black is trying to convince me that black slaves were force-fed animal lard through huge tubes.,CFS,The same person is also claiming that black slaves had their hands and feet cut off.,CFS,,,They are trying to convince us that they were subjected to inhumane treatment in order to keep them from escaping their forced labor.,CFS,"Another black is trying to convince me that black slaves were force-fed animal lard through huge tubes. The same person is also claiming that black slaves had their hands and feet cut off. Therefore, They are trying to convince us that they were subjected to inhumane treatment in order to keep them from escaping their forced labor.",conclusion,1.0,1.0,0.0,0.0,1.0,1.0,NFS,CFS,NFS,CFS
14669476_2,64,"Him , his wife , and his kids have absolutely no place in a white nation and it 's disgusting how they put an end to thousands of years of evolution for being so selfish .",immigrants are selfish.,"Him, his wife, and his kids have no place in a white nation.",CFS,Their presence is disgusting.,NFS,,,They are selfish and have disrupted thousands of years of evolution.,CFS,"Him, his wife, and his kids have no place in a white nation. Their presence is disgusting. Therefore, They are selfish and have disrupted thousands of years of evolution.",conclusion,1.0,1.0,0.0,1.0,1.0,1.0,NFS,NFS,CFS,NFS
14018061_1,65,"There's no way to stop them from coming to Canada all that is needed is proof of ownership of a house in India , africa etc and they can enter in on a tourist visa .",immigrants are invading us.,People from India and Africa can enter Canada on a tourist visa if they can provide proof of ownership of a house in their home country.,CFS,,,,,There is no way to prevent them from entering Canada.,CFS,"People from India and Africa can enter Canada on a tourist visa if they can provide proof of ownership of a house in their home country. Therefore, There is no way to prevent them from entering Canada.",premise0,0.0,0.0,0.0,1.0,1.0,1.0,CFS,NFS,NFS,CFS
14267984_1,66,"Fine with me as long as they do n't parade the city and demand `` gay rights '' ... keep it in the closed god damnit , homosexuality is n't exatly something to be proud of",gays are inferior to whites.,Homosexuality is not something to be proud of.,CFS,It should be kept in the closed.,NFS,,,Parade and demand for gay rights in the city should not be allowed.,NFS,"Homosexuality is not something to be proud of. It should be kept in the closed. Therefore, Parade and demand for gay rights in the city should not be allowed.",conclusion,1.0,1.0,0.0,1.0,1.0,1.0,NFS,NFS,NFS,NFS
13858341_1,67,"I disagree you can never justify race mixing Some of them girls may have been brainwashed by media , also you are condemning their kids and furture generations of kids to a non white future .",People of color are inferior.,Girls having interratial relationships are condemning their kids and furture generations of kids to a non white future .,CFS,Some girls may have been brainwashed by media to have interracial relationships.,CFS,,,"In this case, race mixing can be justified.",NFS,"Girls having interratial relationships are condemning their kids and furture generations of kids to a non white future . Some girls may have been brainwashed by media to have interracial relationships. Therefore, In this case, race mixing can be justified.",premise1,1.0,1.0,0.0,0.0,1.0,1.0,NFS,NFS,NFS,NFS
30384063_1,68,"Thank you for posting this ! this disgusting lie will hopefully one day be addressed and corrected , at that point I would hope the world will see the Jews for what they really are .",jewish people are liars.,"Hopefully, this disgusting lie spread by the Jews will be addressed and corrected one day.",CFS,,,,,The world will see the Jews for who they really are.,CFS,"Hopefully, this disgusting lie spread by the Jews will be addressed and corrected one day. Therefore, The world will see the Jews for who they really are.",conclusion,1.0,0.0,0.0,1.0,1.0,1.0,NFS,NFS,NFS,NFS
30623598_1,69,"Those boys will use the plastic whisks as swords , and the girls ' lego creations will consist of dollhouses for the few white dolls , with the dark ones in the adjoining farm pen .",black folks are animals.,The boys will use the plastic whisks as swords.,NFS,The girls' lego creations will consist of dollhouses for the few white dolls.,NFS,,,"The girls' lego creations will not include dark dolls, place in the farm pen.",NFS,"The boys will use the plastic whisks as swords. The girls' lego creations will consist of dollhouses for the few white dolls. Therefore, The girls' lego creations will not include dark dolls, place in the farm pen.",conclusion,0.0,0.0,0.0,1.0,1.0,1.0,NFS,NFS,NFS,NFS
13250684_1,71,"There is no different versions of bad when it comes to race traitors , if you date a non white it is bad , no matter if the non-white is asian , black or arab.",people of color are traitors.,Dating a non-white person is considered bad.,CFS,"This applies to all non-white races, including Asians, Blacks, and Arabs.",CFS,,,There is no different versions of bad when it comes to race traitors.,CFS,"Dating a non-white person is considered bad. This applies to all non-white races, including Asians, Blacks, and Arabs. Therefore, There is no different versions of bad when it comes to race traitors.",conclusion,1.0,1.0,0.0,1.0,1.0,1.0,NFS,NFS,NFS,NFS
14036151_1,72,"one is one too many , i bet all the white girls and wiggers go crazy for the young coon , whichever school you are in , wigggers outnumber metalheads or `` normal '' whites",black people are inferior to whites.,Normal whites are outnumbered by wiggers in schools.,CFS,White girls and wiggers (white people who act like black people) are attracted to young black people.,CFS,,,One person of a certain race is already too many.,CFS,"Normal whites are outnumbered by wiggers in schools. White girls and wiggers (white people who act like black people) are attracted to young black people. Therefore, One person of a certain race is already too many.",conclusion,1.0,1.0,0.0,1.0,1.0,1.0,NFS,NFS,NFS,NFS
14034302_1,73,"The UAF are just a bunch of middle class faggots , the EDL should steam into them every time they show up to counter a demonstration , they 'll soon run home to daddy .",gay men are inferior.,The UAF are just a bunch of middle class faggots.,CFS,The EDL should confront the UAF at every demonstration.,CFS,,,They'll soon run home to daddy.,CFS,"The UAF are just a bunch of middle class faggots. The EDL should confront the UAF at every demonstration. Therefore, They'll soon run home to daddy.",premise1,1.0,1.0,0.0,1.0,1.0,1.0,NFS,NFS,NFS,NFS
30593472_1,74,a nice kick to the nuts will always work I find it a dirty move to kick another man in the knackers but after all .. a black does n't equate to the same standard,black folks are inferior to whites.,It is considered a dirty move to kick another man in the nuts.,UFS,A black does n't equate to the same standard as other people.,CFS,,,Kicking a black person in the nuts is an effective way to hurt them.,UFS,"It is considered a dirty move to kick another man in the nuts. A black does n't equate to the same standard as other people. Therefore, Kicking a black person in the nuts is an effective way to hurt them.",premise1,0.0,1.0,0.0,1.0,1.0,1.0,NFS,NFS,NFS,NFS
13946706_6,75,18 times in the last 20 years It 's time for the next generation to fight back to regain our country from immigrants ..... the baby boomers will lose it for us if we do nothing .,immigrants are taking over the country.,The baby boomers are in control of the country.,CFS,The baby boomers will lose the country for us.,CFS,,,It 's time for the next generation to fight back to regain our country from immigrants.,CFS,"The baby boomers are in control of the country. The baby boomers will lose the country for us. Therefore, It 's time for the next generation to fight back to regain our country from immigrants.",conclusion,0.0,0.0,0.0,1.0,1.0,1.0,NFS,NFS,NFS,NFS
13588153_1,76,"If you think that 's funny , you should have seen the black guy that used to run around my home town wearing a kkk emblem.But people like that are usualy not that bright .",black folks are stupid,There was a black man in my hometown who wore a KKK emblem.,UFS,,,,,I believe that the black man is not very bright.,CFS,"There was a black man in my hometown who wore a KKK emblem. Therefore, I believe that the black man is not very bright.",conclusion,0.0,0.0,0.0,1.0,1.0,,CFS,CFS,NFS,NFS
14297733_2,77,Black and Asian immigrants who are coming in and those who were borne here and their breading patterns are the threat to our gene pool and not other white Europeans such as polish people .,people of color are invaders.,Black and Asian immigrants are coming into our country.,CFS,These immigrants and those who were born here have different breeding patterns.,CFS,,,"They are a threat to our gene pool, differently from other white Europeans like Polish people.",CFS,"Black and Asian immigrants are coming into our country. These immigrants and those who were born here have different breeding patterns. Therefore, They are a threat to our gene pool, differently from other white Europeans like Polish people.",conclusion,0.0,0.0,0.0,1.0,,,NFS,NFS,NFS,NFS
13588719_1,78,"I'm glad to hear about my brothers being ready to fight like that , lets just hope in the future these immigrants with no right will get something good enough so they 'll finally leave",immigrants should be deported.,I am glad to hear about my brothers being ready to fight against immigrants.,NFS,Immigrants have no right to be here.,CFS,,,I hope something good happens to make them leave.,NFS,"I am glad to hear about my brothers being ready to fight against immigrants. Immigrants have no right to be here. Therefore, I hope something good happens to make them leave.",premise1,1.0,1.0,0.0,1.0,,,NFS,NFS,CFS,NFS
14670146_1,79,"It is important for people to realize that gays want gay marriage ..... not because they desire some sort of government paperwork , but because they are seeking the right to adopt defenseless children .",gays take advantage of children.,Gays want gay marriage.,CFS,Gays do not desire government paperwork.,CFS,,,Gays are seeking the right to adopt defenseless children.,CFS,"Gays want gay marriage. Gays do not desire government paperwork. Therefore, Gays are seeking the right to adopt defenseless children.",conclusion,0.0,0.0,0.0,1.0,,,NFS,NFS,NFS,NFS
31709840_1,80,"Or try yelling * * * * the nigs ya 'll get suspended , jumped and hopefully some new wn friends or ya 'll die trying. lol Rohawa its a battle cry .",black folks are niggers.,"Yelling at ""the nigs"" will result in consequences such as suspension, getting jumped, and potentially making new ""wn friends""",CFS,,,,,ROHAWA is a battle cry.,CFS,"Yelling at ""the nigs"" will result in consequences such as suspension, getting jumped, and potentially making new ""wn friends"" Therefore, ROHAWA is a battle cry.",premise0,1.0,0.0,0.0,0.0,,,CFS,NFS,NFS,NFS
31764430_1,81,I think asians are hot but they arent the girls I wanna get with.A wolf is pretty but do you wanna pet one ? White girls are only ones to be trusted .,asians are not trustworthy.,A wolf is pretty but you don't wanna pet one.,CFS,asians are hot but they arent the girls I wanna get with.,NFS,,,White girls are only ones to be trusted .,CFS,"A wolf is pretty but you don't wanna pet one. asians are hot but they arent the girls I wanna get with. Therefore, White girls are only ones to be trusted .",conclusion,0.0,0.0,0.0,1.0,,,NFS,NFS,CFS,NFS
14013954_1,82,"Seriously Canada would have been better off if they left the pakis at home , im like you I do n't object to asians because they at least try to fit in .",immigrants are unwanted.,The pakis are not trying to fit in.,CFS,,,,,Canada would have been better off without pakis.,CFS,"The pakis are not trying to fit in. Therefore, Canada would have been better off without pakis.",conclusion,0.0,0.0,0.0,1.0,,,NFS,NFS,NFS,NFS
30457422_1,83,"And then there 's Asiacourt , the once beautiful , safe , WHITE , area of Scarborough ... ( and the last i checked ) was a garbage infested Chinease outpost .",Chinese people are garbage.,"Asiacourt used to be a beautiful, safe and white area in Scarborough.",CFS,,,,,Asiacourt has become a garbage-infested Chinese outpost.,CFS,"Asiacourt used to be a beautiful, safe and white area in Scarborough. Therefore, Asiacourt has become a garbage-infested Chinese outpost.",conclusion,1.0,0.0,0.0,1.0,,,NFS,NFS,NFS,NFS
14014176_1,84,"It would be far from the first time jews come up with a fake hate crimes and besides all they do in general , so they 're guilty until proven innocent .",jewish people are liars.,Jews have a history of coming up with fake hate crimes.,CFS,,,,,Jews should be assumed guilty until proven innocent.,NFS,"Jews have a history of coming up with fake hate crimes. Therefore, Jews should be assumed guilty until proven innocent.",premise0,1.0,0.0,0.0,1.0,,,NFS,NFS,NFS,NFS
30777604_2,85,I 'm sure I would have done great in public school if the Mexican gang members stopped kicking my * * * long enough for me to get my homework done ...,immigrants are violent and aggressive.,"Mexican gang members constantly kicked me, preventing me from completing my homework.",CFS,,,,,I would have done great in public school if the Mexican gang members had stopped kicking me.,NFS,"Mexican gang members constantly kicked me, preventing me from completing my homework. Therefore, I would have done great in public school if the Mexican gang members had stopped kicking me.",premise0,1.0,0.0,0.0,0.0,,,NFS,NFS,NFS,NFS
13857273_2,86,"Do they expect us to go out and welcome these leeches on our society with open arms. they should give them zyklon b for lunch , thad would help the suitation !!!",Immigrants are leeches.,"Welcoming ""leeches"" into society is not acceptable.",CFS,,,,,"Giving ""leeches"" Zyklon B for lunch would improve the situation.",CFS,"Welcoming ""leeches"" into society is not acceptable. Therefore, Giving ""leeches"" Zyklon B for lunch would improve the situation.",premise0,1.0,0.0,0.0,1.0,,,NFS,NFS,NFS,NFS
13861502_1,87,I would' nt even consider these knackers/pykies as Irish as they have no respect for their race or loyalty to Ireland and should be put down like the dogs they are .,Immigrants are not part of our country.,These knackers/pykies have no respect for their race or loyalty to Ireland .,CFS,,,,,These knackers/pykies are not truly Irish.,CFS,"These knackers/pykies have no respect for their race or loyalty to Ireland . Therefore, These knackers/pykies are not truly Irish.",conclusion,1.0,0.0,0.0,1.0,,,NFS,NFS,NFS,NFS
13861569_1,88,i SEE UTV DID NOT POST MY COMMENTS TYPICAL SPREAD THE WORD THROUGHOUT IRELAND RUN THESE INVADERS OUT GO HOME AFGANIES WOULD YOU SEE US DOING THIS IN YOUR COUNTRY ??????????????????????????????????????????? ??,immigrants are invaders.,We wouldn't do to Afganies what they are doing in our country.,NFS,,,,,Afganies should run out of Ireland and go home.,NFS,"We wouldn't do to Afganies what they are doing in our country. Therefore, Afganies should run out of Ireland and go home.",conclusion,0.0,0.0,0.0,1.0,,,NFS,NFS,NFS,NFS
14283266_1,89,If you had your way their would be no whites to pay taxes so the blacks could collect welfare and as they have proved in Africa they are incapable of feeding themselves,black folks can't feed themselves.,"In Africa, people have proven to be incapable of feeding themselves.",CFS,,,,,"If whites were not paying taxes, blacks would not be able to collect welfare.",CFS,"In Africa, people have proven to be incapable of feeding themselves. Therefore, If whites were not paying taxes, blacks would not be able to collect welfare.",conclusion,1.0,0.0,0.0,1.0,,,NFS,NFS,NFS,NFS
12849464_3,90,"I 've always considered teaching as one of the professions I would like to get into , but not in a neighbourhood like that ... never. black kids like that disgust me .",black people are disgusting.,I have always considered teaching as one of the professions I would like to get into.,NFS,In that neighborhood there are black kids.,UFS,,,I do not want to teach in a neighborhood like that.,NFS,"I have always considered teaching as one of the professions I would like to get into. In that neighborhood there are black kids. Therefore, I do not want to teach in a neighborhood like that.",conclusion,0.0,0.0,0.0,0.0,,,NFS,NFS,NFS,NFS
14416527_4,91,Though I have had problems at one or two that were groid infested elsewhere getting stale bread etc so will no go to any that have lotsof groids working in them .,black people are groid.,I have had problems at one or two places that were infested with groids.,UFS,These places had stale bread and other issues.,UFS,,,I will not go to any place that has a lot of groids working in them.,NFS,"I have had problems at one or two places that were infested with groids. These places had stale bread and other issues. Therefore, I will not go to any place that has a lot of groids working in them.",conclusion,1.0,0.0,0.0,1.0,,,NFS,NFS,NFS,NFS
31723718_1,92,You are white and you are better then them and the next time they harass you and someone else form a group of buddies and go up to the proncipal office .,black people are inferior.,You are white and you are better then them.,CFS,,,,,The next time they harass you and someone else form a group of buddies and go up to the principal's office .,NFS,"You are white and you are better then them. Therefore, The next time they harass you and someone else form a group of buddies and go up to the principal's office .",premise0,1.0,0.0,0.0,0.0,,,NFS,NFS,NFS,NFS
13385834_1,93,I've always said that black people make the perfect slaves because anyone who cannot or will not take responsibility and be master of their own lives is already a slave .,black people are slaves.,Anyone who cannot or will not take responsibility and be master of their own lives is already a slave.,UFS,,,,,Black people make the perfect slaves.,CFS,"Anyone who cannot or will not take responsibility and be master of their own lives is already a slave. Therefore, Black people make the perfect slaves.",conclusion,0.0,0.0,0.0,1.0,,,NFS,CFS,NFS,NFS
13456335_2,94,"It 's amazing how stupid liberals are , even after being nearly murdered for being white Mr. Begley is still a ridiculous * * * * * * -loving fool .",People of color are criminals.,Even after being nearly murdered for being white Mr. Begley is still a ridiculous * * * * * * -loving fool .,CFS,,,,,Liberals are stupid.,NFS,"Even after being nearly murdered for being white Mr. Begley is still a ridiculous * * * * * * -loving fool . Therefore, Liberals are stupid.",premise0,1.0,0.0,0.0,1.0,,,NFS,NFS,NFS,NFS
30481053_2,95,If Canada was small the nonwhites would be everywhere but so many whites live rurally or in small towns so they do n't see the racial disaster unfolding on Canada .,people of color are inferior to whites.,Many whites live in rural areas or small towns.,CFS,,,,,Whites do not see the racial disaster unfolding in Canada.,CFS,"Many whites live in rural areas or small towns. Therefore, Whites do not see the racial disaster unfolding in Canada.",conclusion,0.0,0.0,0.0,1.0,,,UFS,NFS,NFS,NFS
13449094_1,96,There should not be problems between the different classes inside the race white since we are all whites they should be joined to fight against non-whites they are our enemies .,people of color are enemies,We are all whites.,CFS,There should not be problems between the different classes inside the race white.,NFS,,,Whites should be united to fight against non-whites.,NFS,"We are all whites. There should not be problems between the different classes inside the race white. Therefore, Whites should be united to fight against non-whites.",conclusion,0.0,0.0,0.0,1.0,,,NFS,NFS,NFS,NFS
14676136_1,97,Are you asking the Africans in South Africa why they hate White people so much that they have murdered over 40 thousand of them since the end of White rule ?,black people are violent.,Africans in South Africa have murdered over 40 thousand of them since the end of White rule.,CFS,,,,,We should ask the Africans in South Africa why they hate White people so much.,CFS,"Africans in South Africa have murdered over 40 thousand of them since the end of White rule. Therefore, We should ask the Africans in South Africa why they hate White people so much.",conclusion,1.0,0.0,0.0,0.0,,,NFS,CFS,NFS,NFS
30682994_1,98,"This is the argument homosexuals use to justify their behavior , that because there are no `` red letters '' about it , then homosexuality is not a bad thing .",gay men are bad.,"Homosexuals use the argument that there are no ""red letters"" about their behavior to justify it.",CFS,,,,,"Therefore, they think homosexuality is not a bad thing.",CFS,"Homosexuals use the argument that there are no ""red letters"" about their behavior to justify it. Therefore, Therefore, they think homosexuality is not a bad thing.",premise0,0.0,0.0,0.0,1.0,,,NFS,CFS,NFS,NFS
30454971_1,99,"Agreed, The Blacks and Hispanics should have their own school only for them and have worse education than the children whites like that might not compete with our children whites .",black people and hispanics are inferior to whites.,The Blacks and Hispanics should have their own school and have worse education.,NFS,,,,,This would prevent the competition with our white children.,CFS,"The Blacks and Hispanics should have their own school and have worse education. Therefore, This would prevent the competition with our white children.",premise0,1.0,0.0,0.0,1.0,,,NFS,NFS,NFS,NFS
13592619_1,100,"I would like to say and I can proudly say that there are no jews in Iceland , those that tried to get here were all sent back to Germany ...",Jews have no place in our country.,The jews that tried to get here were all sent back to Germany.,CFS,,,,,I would like to say and I can proudly say that there are no jews in Iceland.,CFS,"The jews that tried to get here were all sent back to Germany. Therefore, I would like to say and I can proudly say that there are no jews in Iceland.",conclusion,0.0,0.0,0.0,1.0,,,NFS,NFS,NFS,NFS
14032559_1,101,ye i heard that one to. or ' we all came from Africa any way so why dose it matter ' ........ my answer ? ' we evolved to be better',africans are inferior to whites.,We have evolved to be better.,CFS,,,,,"The country of origin matters, even if we all originally came from Africa.",CFS,"We have evolved to be better. Therefore, The country of origin matters, even if we all originally came from Africa.",premise0,0.0,0.0,0.0,0.0,,,NFS,NFS,NFS,NFS
13615314_1,102,To be honest .. i dont think this Muslim killed him because he thought the swedish boy looked like a racist ... it was probably just an excuse .,muslims are racist.,i dont think this Muslim killed him because he thought the swedish boy looked like a racist.,CFS,,,,,It was probably just an excuse.,NFS,"i dont think this Muslim killed him because he thought the swedish boy looked like a racist. Therefore, It was probably just an excuse.",conclusion,0.0,0.0,0.0,0.0,,,NFS,NFS,UFS,NFS
13844126_1,103,I hate the word racist it makes people being called racist think that they are doing something wrong when they the immigrants coming here are doing something wrong,immigrants are worse than racists.,"The word ""racist"" makes people being called racist think they are doing something wrong.",CFS,Immigrants coming here are doing something wrong.,CFS,,,Racists are not doing something wrong.,CFS,"The word ""racist"" makes people being called racist think they are doing something wrong. Immigrants coming here are doing something wrong. Therefore, Racists are not doing something wrong.",conclusion,0.0,1.0,0.0,1.0,,,NFS,NFS,NFS,NFS
14031438_2,104,I wonder how they 'll paint them up plus the 1million or more illegals who are working in the service industry living in their bosses ' cupboards .,immigrants should be deported.,There are 1 million or more illegal immigrants working in the service industry.,CFS,These immigrants are living in their bosses' cupboards.,CFS,,,"I am wondering how these immigrants will be ""painted"" in the future.",NFS,"There are 1 million or more illegal immigrants working in the service industry. These immigrants are living in their bosses' cupboards. Therefore, I am wondering how these immigrants will be ""painted"" in the future.",premise0,0.0,1.0,0.0,1.0,,,CFS,NFS,NFS,NFS
14040165_2,105,Disgusted that Birmingham has gone from the `` workshop of the world '' ( a city of a thousand trades ) to producing black scumbags like this .,black people are scum.,"Birmingham was once known as the ""workshop of the world"" and a city of a thousand trades.",CFS,The city has now deteriorated and is producing black scumbags.,CFS,,,I am really disgusted by what Birmingham has become.,NFS,"Birmingham was once known as the ""workshop of the world"" and a city of a thousand trades. The city has now deteriorated and is producing black scumbags. Therefore, I am really disgusted by what Birmingham has become.",premise1,0.0,1.0,0.0,0.0,,,UFS,NFS,NFS,NFS
13385970_1,106,"http://news.bbc.co.uk/2/hi/africa/6217719.stm There you have it folks , Nigeria is acting like one big ghetto queen squeezing out more baby negroes for a bigger handout from the government .",nigerians are opportunistic.,Nigeria is acting like one big ghetto queen.,CFS,Nigeria is squeezing out more baby negroes.,CFS,,,Nigeria wants a bigger handout from the government.,CFS,"Nigeria is acting like one big ghetto queen. Nigeria is squeezing out more baby negroes. Therefore, Nigeria wants a bigger handout from the government.",conclusion,1.0,1.0,0.0,0.0,,,NFS,NFS,NFS,NFS
14677898_3,107,"Liberals will have you believe it is so they can blame Whitey but it 's all such a mixed hell hole , all that breeding with arabs ....",arabs are breeding out other races.,Liberals want to blame White people.,CFS,The breeding with Arabs is the cause of the problem.,CFS,,,Liberals are trying to deceive people.,CFS,"Liberals want to blame White people. The breeding with Arabs is the cause of the problem. Therefore, Liberals are trying to deceive people.",premise1,1.0,1.0,0.0,1.0,,,NFS,NFS,NFS,NFS
13591202_2,108,"Yes Muslims do breed like vermin , i believe that 's part of their intention to breed out other races in order to make themselves the majority .",muslims want to breed out other races.,Muslims breed like vermin.,CFS,,,,,Muslims want to breed out other races in order to become the majority.,CFS,"Muslims breed like vermin. Therefore, Muslims want to breed out other races in order to become the majority.",conclusion,1.0,0.0,0.0,1.0,,,NFS,NFS,CFS,NFS
13843813_1,109,Not good news at all but this happens in all European nations and is no doubt pushed by the likes of Jews like Summer Redstone and MTV !!,jewish people control the media.,Jews of Summer Redstone and MTV put likes on media posts.,CFS,This happens in all European nations.,CFS,,,News and media is pushed by Jews.,CFS,"Jews of Summer Redstone and MTV put likes on media posts. This happens in all European nations. Therefore, News and media is pushed by Jews.",conclusion,0.0,0.0,0.0,1.0,,,NFS,NFS,NFS,NFS
13851926_1,110,"The red scum will never wake up , ignorant lefties fight for `` their class '' when their making a mockery of their culture and heritage . commie scum ..",lefties are scum.,"Ignorant lefties fight for ""their class"".",CFS,Lefties are making a mockery of their culture and heritage.,CFS,,,The red scum will never wake up.,CFS,"Ignorant lefties fight for ""their class"". Lefties are making a mockery of their culture and heritage. Therefore, The red scum will never wake up.",premise0,1.0,1.0,0.0,1.0,,,NFS,NFS,NFS,NFS
30553883_1,111,"This is becoming a sickening trend , even in countries like mine where there are not many Negroes they do this and all because of the sickening media brainwashing .",black folks are brainwashed by the media.,The sickening media brainwashes the negroes.,CFS,This is present even in countries where there are not many Negroes.,CFS,,,This is becoming a sickening trend in society.,CFS,"The sickening media brainwashes the negroes. This is present even in countries where there are not many Negroes. Therefore, This is becoming a sickening trend in society.",premise0,1.0,1.0,0.0,0.0,,,NFS,NFS,NFS,NFS
14060188_1,112,"Legitimate refugees should be treated differently, especially if they are legitimate from a war conflict , as opposed to the fake black and brown refugees that are flooding the country now .",black folks are flooding our country.,Black and brown refugees that are flooding the country now are fake.,CFS,,,,,Legitimate refugees from a war conflict should be treated differently from black and brown refugees.,CFS,"Black and brown refugees that are flooding the country now are fake. Therefore, Legitimate refugees from a war conflict should be treated differently from black and brown refugees.",conclusion,1.0,0.0,0.0,1.0,,,NFS,NFS,NFS,NFS
14024252_1,113,Seeing the teams of white nations have black players in their ranks is a depressing site to see.They should be representing the best of our nations not the worst,black folks are inferior to whites.,The teams should represent the best of our nations.,CFS,,,,,Seeing the teams of white nations have black players in their ranks is a depressing sight.,CFS,"The teams should represent the best of our nations. Therefore, Seeing the teams of white nations have black players in their ranks is a depressing sight.",conclusion,0.0,0.0,0.0,1.0,,,NFS,NFS,NFS,NFS
13641495_1,114,"My wife 's favorite place in Ireland is in the Kingdom , Cloghane Village , and O' Connor 's pub. I hope that place has n't been invaded .",immigrants are invaders.,"My wife 's favorite place in Ireland is in the Kingdom , Cloghane Village , and O' Connor 's pub.",UFS,,,,,I hope that O'Connor's pub in Cloghane Village has not been invaded.,NFS,"My wife 's favorite place in Ireland is in the Kingdom , Cloghane Village , and O' Connor 's pub. Therefore, I hope that O'Connor's pub in Cloghane Village has not been invaded.",conclusion,0.0,0.0,0.0,1.0,,,UFS,NFS,NFS,NFS
13844825_1,115,"They do it because they know it pisses the whites off , by showing disrespect as such for other people shows they have no respect for themselves .",black folks are disrespectful to white folks.,They show disrespect to other people because they know it pisses the whites off.,CFS,,,,,They have no respect for themselves.,CFS,"They show disrespect to other people because they know it pisses the whites off. Therefore, They have no respect for themselves.",premise0,1.0,0.0,0.0,0.0,,,NFS,NFS,NFS,NFS
30560311_1,116,Honestly if they ever fired them I 'd expect they 'd do more damage to themselves since the average negro lacks the intellect for basic firearms training .,black folks are stupid.,Average negro lacks the intellect for basic firearms training.,CFS,,,,,If they ever fired them I'd expect they'd do more damage to themselves.,NFS,"Average negro lacks the intellect for basic firearms training. Therefore, If they ever fired them I'd expect they'd do more damage to themselves.",premise0,1.0,0.0,0.0,1.0,,,NFS,NFS,CFS,NFS
12905789_1,117,"I think it 's time for some old west justice ... like takin ' these two sombitches out and ..... well , I think you get my point .....",black folks are criminals.,It's time for some old west justice.,NFS,,,,,These two sombitches need to be taken out.,NFS,"It's time for some old west justice. Therefore, These two sombitches need to be taken out.",premise0,1.0,0.0,0.0,1.0,,,NFS,NFS,NFS,NFS
12854968_2,118,My wife had to spend time at the UP Hospital in Philadelphia - thank God I was licensed to carry in Pa. Downtown Philadelphia is becoming a cesspool .,immigrants are invaders.,My wife had to spend time at the UP Hospital in Philadelphia.,UFS,thank God I was licensed to carry in Pa. Downtown.,UFS,,,Downtown Philadelphia is becoming a cesspool.,CFS,"My wife had to spend time at the UP Hospital in Philadelphia. thank God I was licensed to carry in Pa. Downtown. Therefore, Downtown Philadelphia is becoming a cesspool.",conclusion,0.0,0.0,0.0,1.0,,,UFS,NFS,NFS,NFS
13941117_2,119,I feel like I should pull out my passport when I want into walmart with all the * * * * ing pakis and * * * * in there,pakis folks are criminals.,Walmart is full of * * * * ing pakis and * * * * in there .,CFS,,,,,I should pull out my passport when I want into walmart.,NFS,"Walmart is full of * * * * ing pakis and * * * * in there . Therefore, I should pull out my passport when I want into walmart.",premise0,1.0,0.0,0.0,0.0,,,NFS,NFS,UFS,NFS
30392062_1,120,White kids need to interact with kneegrows and other non white kids or they 'll be lost in the real come the time they leave home ...,black folks are inferior to whites.,White kids need to interact with kneegrows and other non white kids.,CFS,,,,,"If they don't, they will be lost in the real world.",NFS,"White kids need to interact with kneegrows and other non white kids. Therefore, If they don't, they will be lost in the real world.",premise0,1.0,0.0,0.0,0.0,,,NFS,CFS,NFS,NFS
13860974_1,121,I didnt know that bar was owned by a negro i will make sure i will never set foot in their again i was in their once !!!,black folks are inferior to whites.,I was unaware that the bar was owned by a person of color.,UFS,,,,,I will never go to the bar again.,NFS,"I was unaware that the bar was owned by a person of color. Therefore, I will never go to the bar again.",conclusion,0.0,0.0,0.0,1.0,,,NFS,NFS,NFS,NFS
13506182_1,122,Because the communist party was almost all jew out to kill any gentile that stood in their way or had property that the jew - communist wanted .,jews are killers.,The communist party was mostly composed of Jews.,CFS,The communist party wanted to take the property of non-Jewish people.,CFS,,,"To do this, they wanted to kill any non-Jewish person who stood in their way or had property that they desired.",CFS,"The communist party was mostly composed of Jews. The communist party wanted to take the property of non-Jewish people. Therefore, To do this, they wanted to kill any non-Jewish person who stood in their way or had property that they desired.",premise1,0.0,1.0,0.0,1.0,,,NFS,CFS,NFS,CFS
14023149_1,123,Yeah they are buying a lot of houses around my area to probz so they can house there massive inbred family when they come over to the UK .,immigrants are taking over the country.,A lot of houses are being bought in my area.,CFS,,,,,In these houses a large inbred family coming to the UK can be housed.,UFS,"A lot of houses are being bought in my area. Therefore, In these houses a large inbred family coming to the UK can be housed.",conclusion,0.0,0.0,0.0,1.0,,,UFS,NFS,NFS,NFS
14034178_1,124,"All of the security guards i see are white but maybe , just maybe , i 'm blessed because no doubt these negro security guards abuse their power .",black people abuse their power.,All of the security guards I see are white.,CFS,Negro security guards abuse their power.,CFS,,,I am blessed.,NFS,"All of the security guards I see are white. Negro security guards abuse their power. Therefore, I am blessed.",premise1,0.0,1.0,0.0,0.0,,,NFS,NFS,NFS,NFS
13288491_1,125,Yes the negroes have been busy the last few weeks but we have to expect it because nothing is being done to them when a crime is committed,black folks are criminals.,Nothing is being done to negroes when a crime is committed.,CFS,,,,,It is expectable that negroes have been busy the last few weeks.,UFS,"Nothing is being done to negroes when a crime is committed. Therefore, It is expectable that negroes have been busy the last few weeks.",premise0,1.0,0.0,0.0,1.0,,,NFS,NFS,NFS,NFS
30486700_1,126,There is no good in reasoning a bitch that is hungry for a dick.Forget her and let her perish in shame after negroid kicks her after a few tries .,black folks are niggers.,A bitch that is hungry for a dick is not worth reasoning with.,NFS,Negroid men will eventually kick her after a few tries.,CFS,,,It is better to forget her and let her perish in shame.,NFS,"A bitch that is hungry for a dick is not worth reasoning with. Negroid men will eventually kick her after a few tries. Therefore, It is better to forget her and let her perish in shame.",premise0,1.0,1.0,0.0,1.0,,,NFS,NFS,NFS,NFS
14039567_1,127,"Yeah London has gone to hell , when all the remaining whites are gone it will become a zombie town of crumbling buildings , dealers and junkies .",black people are dealers and junkies.,The remaining whites are leaving London.,CFS,London has gone to hell.,CFS,,,"London will become a zombie town of crumbling buildings, dealers, and junkies.",CFS,"The remaining whites are leaving London. London has gone to hell. Therefore, London will become a zombie town of crumbling buildings, dealers, and junkies.",conclusion,0.0,0.0,0.0,1.0,,,NFS,NFS,NFS,NFS
14039939_1,128,i would move to surrey just outside Kingston upon Thames ok Kingston is infested but outer areas are not too bad inner London is just a joke,immigrants are infesting.,Kingston upon Thames is infested by immigrants.,CFS,"Surrey, just outside Kingston upon Thames, is a better option than living in inner London.",CFS,,,"I would move to Surrey, just outside Kingston upon Thames,.",NFS,"Kingston upon Thames is infested by immigrants. Surrey, just outside Kingston upon Thames, is a better option than living in inner London. Therefore, I would move to Surrey, just outside Kingston upon Thames,.",premise0,1.0,0.0,0.0,0.0,,,NFS,NFS,NFS,NFS
31752057_3,129,And second of all whites are smarter than asians and if you ever look at bodybuilding contests you will see only whites maybe one or 2 blacks .,people of color are inferior.,Bodybuilding contests only have whites and maybe one or two blacks.,CFS,,,,,Whites are smarter and stronger than asians and blacks.,CFS,"Bodybuilding contests only have whites and maybe one or two blacks. Therefore, Whites are smarter and stronger than asians and blacks.",conclusion,0.0,0.0,0.0,1.0,,,NFS,NFS,NFS,NFS
30411170_1,130,"Strange how the Swedes were once the most peaceful people in the world , then the Jews make them into liberals who wanted to genocide them selves .",jewish people want to wipe out the world.,The Swedes were once known as the most peaceful people in the world.,CFS,The Jews influenced the Swedes to become more liberal.,CFS,,,The Swedes' wanted to commit genocide against themselves.,CFS,"The Swedes were once known as the most peaceful people in the world. The Jews influenced the Swedes to become more liberal. Therefore, The Swedes' wanted to commit genocide against themselves.",conclusion,0.0,0.0,0.0,1.0,,,NFS,NFS,NFS,NFS
13060194_2,131,We need to make sure every white child and adult is fed before we worry about helpless people who have to eat cow crap in order to survive .,black folks are animals.,We need to prioritize every white child and adult is fed.,NFS,,,,,We don't need to worry about helpless people who have to eat cow crap in order to survive .,CFS,"We need to prioritize every white child and adult is fed. Therefore, We don't need to worry about helpless people who have to eat cow crap in order to survive .",conclusion,1.0,0.0,0.0,1.0,,,NFS,NFS,NFS,NFS
14062533_7,132,"Well Marco is a German patriot and musician who , in the sick minds of ZOG , committed the heinious crime of producing music for a local school .",jewish people are evil.,Marco is a German patriot and musician.,UFS,Marco produced music for a local school.,UFS,,,ZOG thinks Marco committed a heinous crime.,UFS,"Marco is a German patriot and musician. Marco produced music for a local school. Therefore, ZOG thinks Marco committed a heinous crime.",conclusion,0.0,0.0,0.0,0.0,,,UFS,CFS,NFS,NFS
14078237_1,133,"If this stupid brown savages would stop slaughtering animals or worshipping them ( like they do in India ) , maybe they would n't be starving and so poor .",black people are savages.,Stupid brown savages are slaughtering animals and worshipping them in India.,CFS,,,,,They are poor and starving.,CFS,"Stupid brown savages are slaughtering animals and worshipping them in India. Therefore, They are poor and starving.",conclusion,1.0,0.0,0.0,1.0,,,NFS,NFS,NFS,NFS
14670440_1,134,"When the wheel hits the road , it wo n't matter if you swing for yellow or black , just that you swing from the nearest overpass .",people of color are inferior.,when you drive you have to swing.,UFS,,,,,The swing would hit either yellow or black people.,NFS,"when you drive you have to swing. Therefore, The swing would hit either yellow or black people.",conclusion,0.0,0.0,0.0,1.0,,,NFS,NFS,NFS,NFS
14039906_2,135,There have been times when I have walked past some nigerian or skinny and they will cough with hand at their side without care for those around them .,immigrants are dirty.,There have been times when I have walked past some Nigerian or skinny people.,UFS,They will cough with their hand at their side.,UFS,,,They don't care for those around them .,NFS,"There have been times when I have walked past some Nigerian or skinny people. They will cough with their hand at their side. Therefore, They don't care for those around them .",conclusion,0.0,0.0,0.0,1.0,,,NFS,NFS,NFS,NFS
13643462_1,136,Can i suggest some of the locals get up of their behinds and lets these traitors know that this anti-white festival is not welcome in their town 828,immigrants are traitors.,There is an anti-white festival in town.,UFS,The festival is not welcomed.,UFS,,,The locals should take action against the anti-white festival in their town.,NFS,"There is an anti-white festival in town. The festival is not welcomed. Therefore, The locals should take action against the anti-white festival in their town.",conclusion,0.0,0.0,0.0,1.0,,,NFS,NFS,NFS,NFS
30754294_1,137,you just say blacks hate the cold. the only reason they are good athletes is because when you have to run lions and tigers you get fast or eaten .,black people are animals.,Blacks have to run from lions and tigers.,UFS,,,,,Black people are good athletes.,CFS,"Blacks have to run from lions and tigers. Therefore, Black people are good athletes.",premise0,1.0,0.0,0.0,0.0,,,NFS,NFS,NFS,NFS
14030456_1,138,We'll never give up ... The jews can keep trying opening our borders and sending their third world minions after the European people but WE WILL NEVER CAPITULATE ...,jewish people are minions.,The Jews are sending their third world minions after the European people.,CFS,,,,,"We will never give up, and we will never surrender to the Jews.",NFS,"The Jews are sending their third world minions after the European people. Therefore, We will never give up, and we will never surrender to the Jews.",premise0,1.0,0.0,0.0,1.0,,,NFS,NFS,NFS,NFS
14302798_1,139,Call the jackass and tell him about hundreds of thousands of foreign nationals who have invaded our country and laid seige to our cities on May 1 .,immigrants are invading the country.,Foreign nationals have invaded our country.,CFS,,,,,We should call the jackass and inform him about the situation.,NFS,"Foreign nationals have invaded our country. Therefore, We should call the jackass and inform him about the situation.",premise0,1.0,0.0,0.0,0.0,,,NFS,NFS,NFS,NFS
30618051_1,140,"If you want to see what having a black , kenyan White-hating muslime in the Whitehouse has created , go look at Tarantino 's latest flick Django Unchained .",black people hate white folks.,"Having a black, Kenyan White-hating muslime in the Whitehouse has created something bad.",CFS,,,,,The result can be seen in Tarantino's latest flick Django Unchained.,,"Having a black, Kenyan White-hating muslime in the Whitehouse has created something bad. Therefore, The result can be seen in Tarantino's latest flick Django Unchained.",premise0,1.0,0.0,0.0,0.0,,,NFS,NFS,CFS,UFS
13477847_1,141,"A federal judge in New York closed a filthy jew kosher slaughterhouse Tuesday , saying the plant 's dirty birds posed a health risk to the community .",jewish folks are dirty.,The dirty birds in a filthy jew kosher slaughterhouse posed a health risk to the community.,CFS,,,,,A federal judge in New York closed a filthy jew kosher slaughterhouse Tuesday.,CFS,"The dirty birds in a filthy jew kosher slaughterhouse posed a health risk to the community. Therefore, A federal judge in New York closed a filthy jew kosher slaughterhouse Tuesday.",premise0,1.0,0.0,0.0,1.0,,,NFS,NFS,NFS,CFS
12834493_1,142,"She may or may not be a Jew but she seems to think the Blacks wo n't kill her alongside every other White they can get their dirty hands on , what a muppet !",jewish folks are stupid.,she seems to think the Blacks wo n't kill her alongside every other White they can get their dirty hands on.,CFS,,,,,She may or may not be a Jew.,UFS,"she seems to think the Blacks wo n't kill her alongside every other White they can get their dirty hands on. Therefore, She may or may not be a Jew.",premise0,1.0,0.0,0.0,0.0,,,NFS,NFS,NFS,NFS
13855831_1,143,another coon giving out about Ireland and as if her opinion counts being second generation London jamican only means her mother was an immigrant who waited till she got off the boat to give birth,immigrants are dirty.,A person that is second generation London Jamaican is giving out about Ireland.,NFS,This means that her mother was an immigrant who waited till she got off the boat to give birth.,CFS,,,Her opinion does not count.,NFS,"A person that is second generation London Jamaican is giving out about Ireland. This means that her mother was an immigrant who waited till she got off the boat to give birth. Therefore, Her opinion does not count.",premise1,0.0,0.0,0.0,1.0,,,NFS,CFS,NFS,NFS
31766409_1,144,HIV will do its job. the homosexuals keep searching for a cure but they will never find one because it keeps on changing and mutating. already 60 percent of them have AIDS and it continues to grow .,gay men have HIV.,60% of homosexuals already have AIDS.,CFS,Homosexuals are searching for a cure for HIV.,CFS,HIV is constantly changing and mutating.,CFS,The fags (homosexuals) will never find a cure for HIV.,CFS,"60% of homosexuals already have AIDS. Homosexuals are searching for a cure for HIV. HIV is constantly changing and mutating. Therefore, The fags (homosexuals) will never find a cure for HIV.",conclusion,0.0,0.0,0.0,1.0,,,NFS,NFS,CFS,NFS
13269862_1,145,"As soon as i found out she was with child by a mulatto, I suddenly found her to be repulsive and shall never watch anything she is in again .",people of color are repulsive.,This woman has a child by a mulatto.,NFS,,,,,I suddenly found this woman to be repulsive and shall never watch anything she is in again.,NFS,"This woman has a child by a mulatto. Therefore, I suddenly found this woman to be repulsive and shall never watch anything she is in again.",conclusion,0.0,0.0,0.0,1.0,,,CFS,NFS,NFS,NFS
30742787_1,146,I'm not really surprised - now going to college with black people I can tell you they continue to behave in such a manner even in higher education .,black people behave badly.,I'm going to college with black people.,UFS,They continue to behave in a certain manner even in higher education.,CFS,,,I am not surprised by the behavior of blacks in higher education.,CFS,"I'm going to college with black people. They continue to behave in a certain manner even in higher education. Therefore, I am not surprised by the behavior of blacks in higher education.",premise1,0.0,0.0,0.0,1.0,,,NFS,UFS,NFS,NFS
31757189_1,147,There are many alternatives to adopting babies.There is srrogate mothers and invitro fertilization are just two.If these are not financialy possile then wait till it is .,women are sluts.,There are many alternatives to adopting babies. Surrogate mothers and invitro fertilization are just two.,CFS,These solutions might not be financially possible.,UFS,,,You should wait until these alternative solutions are financially possible rather than adopting mud babies.,CFS,"There are many alternatives to adopting babies. Surrogate mothers and invitro fertilization are just two. These solutions might not be financially possible. Therefore, You should wait until these alternative solutions are financially possible rather than adopting mud babies.",conclusion,0.0,0.0,0.0,1.0,,,CFS,NFS,NFS,NFS
12848217_3,148,"I was basically a babysitter , and the apes went nuts , and frankly , I could not control them and had to press the panic button twice to get someone to help me.",black folks are apes.,The apes went nuts and I could not control them.,CFS,,,,,I had to press the panic button twice to get someone to help me.,NFS,"The apes went nuts and I could not control them. Therefore, I had to press the panic button twice to get someone to help me.",conclusion,1.0,0.0,0.0,0.0,,,NFS,NFS,NFS,NFS
13455369_4,150,"WE GOT MONEY AROUND HERE TOO Compton Crips Pt.1 - YouTube These black people are in the middle of the street , playing with their cheap lowriders .",black folks act like animals.,Black people are in the middle of the street.,UFS,,,They are playing with their cheap lowriders.,UFS,Black people actions are indicative of the Compton Crips gang's behavior.,CFS,"Black people are in the middle of the street.  They are playing with their cheap lowriders. Therefore, Black people actions are indicative of the Compton Crips gang's behavior.",conclusion,0.0,0.0,0.0,1.0,,,NFS,NFS,NFS,NFS
14023352_1,151,put the kids in a ophanage and arrest the mother to a point of not having more biracial kids 8 kids have to suffer all their lives.,black folks shouldn't reproduce.,The mother has biracial kids.,UFS,The kids will suffer all their lives because of their mother.,CFS,,,The mother should be arrested and the kids should be put in an orphanage.,CFS,"The mother has biracial kids. The kids will suffer all their lives because of their mother. Therefore, The mother should be arrested and the kids should be put in an orphanage.",conclusion,0.0,0.0,0.0,1.0,,,UFS,NFS,NFS,NFS
14411178_1,152,Actually Monkeys and Apes are more noble creatures and rarely act violent it really is unfare to the Monkeys and Apes to be compared with black people who are by contrast very murderous .,black people are violent.,Monkeys and Apes are noble creatures and they rarely act violently.,CFS,Black people are by contrast very murderous.,CFS,,,It is unfair to compare Monkeys and Apes with black people.,NFS,"Monkeys and Apes are noble creatures and they rarely act violently. Black people are by contrast very murderous. Therefore, It is unfair to compare Monkeys and Apes with black people.",premise1,0.0,1.0,0.0,0.0,,,NFS,NFS,NFS,NFS
14059957_1,153,"Notice how not one of these Hungarians gave one good source validating their claims , they just came here to complain and start name calling , just as liberals do .",hungarians and liberals are stupid.,Not one of these Hungarians gave one good source validating their claims.,UFS,Hungarians just came here to complain and start name calling.,CFS,Liberals also behave in the same manner.,CFS,Hungarians and liberals don't know how to give good arguments.,NFS,"Not one of these Hungarians gave one good source validating their claims. Hungarians just came here to complain and start name calling. Liberals also behave in the same manner. Therefore, Hungarians and liberals don't know how to give good arguments.",conclusion,0.0,0.0,0.0,1.0,,,NFS,NFS,NFS,NFS
13492128_1,154,"somebody``hcf''calledputin``ahero''!lololol!This``hero''finallytransformedformersovietjewnion in ``russian''judea!In this misery-torn country-are there-70 officially billionaries , tens f thousands millionaries , and tens of millions of poor and miserable.",jews are greedy.,"In this misery-torn country, there are 70 officially billionaires, tens of thousands millionaires, and tens of millions of poor and miserable people.",CFS,,,,,Putin finally transformed former Soviet Union into Russian Judea.,CFS,"In this misery-torn country, there are 70 officially billionaires, tens of thousands millionaires, and tens of millions of poor and miserable people. Therefore, Putin finally transformed former Soviet Union into Russian Judea.",conclusion,0.0,0.0,0.0,1.0,,,CFS,NFS,NFS,NFS
14014876_1,155,One reason we moved out of our ( at one time 99 % white ) neighborhood was because massive numbers of Chinese moved in.,asian people smell bad.,Our neighborhood was once 99% white.,CFS,Massive numbers of Chinese people moved into our neighborhood.,CFS,,,We moved out of our neighborhood.,UFS,"Our neighborhood was once 99% white. Massive numbers of Chinese people moved into our neighborhood. Therefore, We moved out of our neighborhood.",conclusion,0.0,0.0,0.0,0.0,,,CFS,NFS,NFS,UFS
14036151_1,156,"one is one too many , i bet all the white girls go crazy for the young black people , whichever school you are in.",black people are inferior to whites.,White girls are attracted to young black people.,CFS,,,,,One person of a certain race is already too many.,NFS,"White girls are attracted to young black people. Therefore, One person of a certain race is already too many.",conclusion,0.0,0.0,0.0,1.0,,,NFS,NFS,NFS,NFS
30457422_1,157,"And then there 's Asiacourt , the once beautiful area of Scarborough ... ( and the last i checked ) was a garbage infested Chinease outpost .",Chinese people are garbage.,Asiacourt used to be a beautiful area in Scarborough.,CFS,,,,,Asiacourt has become a garbage-infested Chinese outpost.,CFS,"Asiacourt used to be a beautiful area in Scarborough. Therefore, Asiacourt has become a garbage-infested Chinese outpost.",conclusion,0.0,0.0,0.0,1.0,,,NFS,NFS,NFS,NFS
14416527_4,158,Though I have had problems at one or two where there were black people elsewhere getting stale bread etc so will no go to any that have lotsof groids working in them .,black people are groid.,I have had problems at one or two places where there were black people.,UFS,These places had stale bread and other issues.,UFS,,,I will not go to any place that has a lot of groids working in them.,NFS,"I have had problems at one or two places where there were black people. These places had stale bread and other issues. Therefore, I will not go to any place that has a lot of groids working in them.",conclusion,0.0,0.0,0.0,1.0,,,NFS,NFS,NFS,NFS
13456335_2,159,"It 's amazing how stupid liberals are , even after being nearly murdered for being white Mr. Begley is still loving black people.",People of color are criminals.,Even after being nearly murdered for being white Mr. Begley is still loving black people.,CFS,,,,,Liberals are stupid.,NFS,"Even after being nearly murdered for being white Mr. Begley is still loving black people. Therefore, Liberals are stupid.",premise0,0.0,0.0,0.0,1.0,,,NFS,UFS,NFS,NFS
14031438_2,160,I wonder how they 'll paint them up plus the 1million or more illegals who are working in the service industry.,immigrants should be deported.,There are 1 million or more illegal immigrants working in the service industry.,CFS,,,,,"I am wondering how these immigrants will be ""painted"" in the future.",NFS,"There are 1 million or more illegal immigrants working in the service industry. Therefore, I am wondering how these immigrants will be ""painted"" in the future.",premise0,0.0,0.0,0.0,1.0,,,CFS,NFS,NFS,NFS
13385970_1,161,"http://news.bbc.co.uk/2/hi/africa/6217719.stm There you have it folks , Nigeria is squeezing out more baby negroes for a bigger handout from the government .",nigerians are opportunistic.,Nigeria is squeezing out more babies.,CFS,,,,,Nigeria wants a bigger handout from the government.,CFS,"Nigeria is squeezing out more babies. Therefore, Nigeria wants a bigger handout from the government.",conclusion,0.0,0.0,0.0,0.0,,,NFS,NFS,NFS,NFS
12905789_1,162,"I think it 's time for some justice ... like takin ' these two sombitches out and ..... well , I think you get my point .....",black folks are criminals.,It's time for some justice.,NFS,,,,,These two sombitches need to be taken out.,NFS,"It's time for some justice. Therefore, These two sombitches need to be taken out.",premise0,0.0,0.0,0.0,1.0,,,NFS,NFS,NFS,NFS
13477847_1,163,"A federal judge in New York closed a filthy jew kosher slaughterhouse Tuesday , saying the plant 's dirty birds posed a health risk to the community .",jewish folks are dirty.,The dirty birds in a filthy jew kosher slaughterhouse posed a health risk to the community.,CFS,,,,,A federal judge in New York closed a kosher slaughterhouse Tuesday.,CFS,"The dirty birds in a filthy jew kosher slaughterhouse posed a health risk to the community. Therefore, A federal judge in New York closed a kosher slaughterhouse Tuesday.",premise0,1.0,0.0,0.0,0.0,,,NFS,NFS,NFS,CFS
13861385_1,164,"the white race will soon be on the brink of being a minority in a few years if nothing is done to stop these vile hordes invading our lands , I for one do not want to live in a city like Bradford or Birmingham where we are outnumbered 2 to 1 or worse",immigrants are invaders.,vile hordes are invading our lands.,CFS,the white race will soon be on the brink of being a minority in a few years.,CFS,,,i do not want to live in a city like bradford or birmingham where we are outnumbered 2 to 1 or worse.,NFS,"vile hordes are invading our lands. the white race will soon be on the brink of being a minority in a few years. Therefore, i do not want to live in a city like bradford or birmingham where we are outnumbered 2 to 1 or worse.",conclusion,1.0,1.0,0.0,1.0,,,NFS,NFS,NFS,NFS
14025960_2,165,"What I do know is that I live on a small Island and it seems that a lot of people from various countries in the world are willing to desert their homelands and their families just to come here , in my mind that tells me a lot about said people and their home countries , most of all it highlights their weaknesses of how their own countries have let them down and how they feel the need to feed off somebody elses country , how should we English interpret this without sounding rude ??? , locust ??? , parasite ??? , you tell me .",immigrants are parasites.,people from various countries are willing to desert their homelands and families to come to a small island.,CFS,this highlights the weaknesses of their own countries and how they feel the need to feed off somebody else's country.,CFS,,,people from other countries are locusts or parasites.,CFS,"people from various countries are willing to desert their homelands and families to come to a small island. this highlights the weaknesses of their own countries and how they feel the need to feed off somebody else's country. Therefore, people from other countries are locusts or parasites.",conclusion,1.0,1.0,0.0,1.0,,,NFS,NFS,CFS,NFS
14028870_1,166,"These areas that you name are the preserve of the rich , you wont find a single white working class person living there.We might look down on blacks and pakis as scum and not want them living near us but the upper class feel exactly the same about us",black people are scum.,we might look down on blacks and pakis as scum and not want them living near us.,NFS,"these areas that you name are the preserve of the rich, you wont find a single white working class person living there.",CFS,,,upper class people feel the same way about white working class people as we do about blacks and pakis.,CFS,"we might look down on blacks and pakis as scum and not want them living near us. these areas that you name are the preserve of the rich, you wont find a single white working class person living there. Therefore, upper class people feel the same way about white working class people as we do about blacks and pakis.",conclusion,0.0,1.0,0.0,1.0,,,NFS,NFS,NFS,NFS
14029067_1,167,"sounds just like leicester mate ... still what about our porr comrades that live in brighton , when there look out there window , there see the sight of 50 thousand queers there all strtting there * * * * on the street",lesbian women are promiscuous.,leicester has a large queer population.,CFS,brighton has a large queer population.,CFS,,,"there are 50 thousand queers in brighton, all standing on the street.",UFS,"leicester has a large queer population. brighton has a large queer population. Therefore, there are 50 thousand queers in brighton, all standing on the street.",conclusion,1.0,1.0,0.0,1.0,,,NFS,NFS,NFS,NFS
14040288_1,168,Sort of a back handed compliment that the anti-Whites are so keen to come on here and tell us that all is lost - in their heart of hearts even they must know that what they have constructed is only temporary and all will be ripped down some day .,black people are inferior.,anti-whites are keen to come on here and tell us that all is lost.,CFS,what they have constructed is only temporary.,CFS,,,all that the anti-whites have constructed will be ripped down some day.,CFS,"anti-whites are keen to come on here and tell us that all is lost. what they have constructed is only temporary. Therefore, all that the anti-whites have constructed will be ripped down some day.",conclusion,1.0,0.0,0.0,1.0,,,NFS,NFS,NFS,NFS
14073953_1,169,I am not Ukrainian but the Ukraine nationalists and right wing should understand that our white race in all nations in Europe North America Australia and South Africa along with any other white nations should support each other and join together against the Marxist multiculturistic agenda that 's invading every white nation and start to over through the powers to be that is responsible for this genocide and start considering deportation of non whites in white nations !,people of color are trying to destroy white people.,ukraine nationalists and right wing should understand that our white race in all nations in europe north america australia and south africa along with any other white nations should support each other and join together.,NFS,marxist multiculturistic agenda is invading every white nation.,CFS,powers to be are responsible for this genocide.,CFS,white nations should consider deportation of non-whites in order to overthrow the powers to be and stop the marxist multiculturistic agenda.,CFS,"ukraine nationalists and right wing should understand that our white race in all nations in europe north america australia and south africa along with any other white nations should support each other and join together. marxist multiculturistic agenda is invading every white nation. powers to be are responsible for this genocide. Therefore, white nations should consider deportation of non-whites in order to overthrow the powers to be and stop the marxist multiculturistic agenda.",conclusion,1.0,1.0,0.0,1.0,,,NFS,NFS,NFS,NFS
14279550_3,170,"Living in a boarder state , Texas , the problems of illegal aliens is , naturally , a stark reality , and let me add that the only solution that I see is the implimentation of U.S. Troops as guards on the Mexican boarder .",immigrants should be deported.,"living in a border state, texas, the problems of illegal aliens is a stark reality.",CFS,,,,,the only solution to the problem of illegal aliens is the implementation of u.s. troops as guards on the mexican border.,CFS,"living in a border state, texas, the problems of illegal aliens is a stark reality. Therefore, the only solution to the problem of illegal aliens is the implementation of u.s. troops as guards on the mexican border.",conclusion,1.0,0.0,0.0,0.0,,,NFS,NFS,NFS,NFS
14678603_1,171,I am White and I believe all White people know the difference between right and wrong no matter what they say about their political positions.We are facing genocide as a people and the infighting is just loved by non Whites .,black people are inferior.,non-whites love the infighting among white people.,CFS,white people know the difference between right and wrong.,CFS,,,white people are facing genocide.,CFS,"non-whites love the infighting among white people. white people know the difference between right and wrong. Therefore, white people are facing genocide.",conclusion,1.0,0.0,0.0,1.0,,,NFS,NFS,NFS,NFS
30407919_4,172,"Also some of us on here , like myself , do not believe in the genocide of another race which is what abortion is doing to the Black race as 92 % of abortion clinics are in Black communities , we just do n't believe in race mixing .",black people are inferior.,abortion is leading to the genocide of the black race.,CFS,92% of abortion clinics are in black communities.,CFS,,,we do not believe in race mixing.,NFS,"abortion is leading to the genocide of the black race. 92% of abortion clinics are in black communities. Therefore, we do not believe in race mixing.",premise0,0.0,0.0,0.0,1.0,,,NFS,CFS,NFS,NFS
30466478_1,173,"I am sure California is full of sick self hating whites , who think that for the good of all the black brown and yellow peoples of the world , whites need to commit racial suicide and disappear from their face of the earth for their sake and wo n't that be just dandy !",blacks hate whites.,california is full of sick self-hating whites.,CFS,"for the good of all the black, brown, and yellow peoples of the world, whites need to commit racial suicide and disappear from their face of the earth.  .",NFS,,,"this would be beneficial for the black, brown, and yellow peoples of the world.",NFS,"california is full of sick self-hating whites. for the good of all the black, brown, and yellow peoples of the world, whites need to commit racial suicide and disappear from their face of the earth.  . Therefore, this would be beneficial for the black, brown, and yellow peoples of the world.",premise1,0.0,1.0,0.0,1.0,,,NFS,NFS,NFS,NFS
30632767_1,174,"If ra-heem had a gat wit 17 bumps and jose ' dised him in front of OG peeps and he capped dat bitch twice den double tapp hector jus cause he be dere , monique pregnant , say ra-heem baby daddy , how much welfare they get ? multiply food stamps X project housing add free utilities , stolen cars and drugs sold to find out why they are still poor",black folks are poor.,ra-heem had a gun with 17 bumps and jose disrespected him in front of og people.,UFS,ra-heem then capped jose twice and double tapped hector just because he was there.,UFS,monique is pregnant and says ra-heem is the baby daddy.,UFS,"ra-heem and monique are still poor despite getting welfare, food stamps, project housing, free utilities, stolen cars and drugs sold, because they are engaging in criminal activities.",CFS,"ra-heem had a gun with 17 bumps and jose disrespected him in front of og people. ra-heem then capped jose twice and double tapped hector just because he was there. monique is pregnant and says ra-heem is the baby daddy. Therefore, ra-heem and monique are still poor despite getting welfare, food stamps, project housing, free utilities, stolen cars and drugs sold, because they are engaging in criminal activities.",conclusion,1.0,1.0,0.0,1.0,,,NFS,NFS,NFS,NFS
31759324_1,175,I know how you feel BreakTheSilence luckily this is your last year in school and it is almost over otherwise I would say you should look into independent study where you do not have to put up with all the filth that is in the public education system .,black folks are filth.,this is the last year in school for the target of hate.,UFS,the public education system is full of filth.,CFS,,,the target of hate should look into independent study.,NFS,"this is the last year in school for the target of hate. the public education system is full of filth. Therefore, the target of hate should look into independent study.",premise1,0.0,1.0,0.0,1.0,,,NFS,NFS,CFS,NFS
31765374_1,176,i live up the block from a muslim mask. every friday they rule the streets. they think that they can walk anywhere they want and if your are white they give you a look just klike when you pass through a black neighborhood. they are the same as them nigs,muslims are niggas.,muslims rule the streets every friday.,CFS,they think they can walk anywhere they want.,UFS,they give white people a look when they pass through a black neighborhood.,UFS,"muslims are the same as ""nigs"" (a derogatory term for african americans).",NFS,"muslims rule the streets every friday. they think they can walk anywhere they want. they give white people a look when they pass through a black neighborhood. Therefore, muslims are the same as ""nigs"" (a derogatory term for african americans).",premise0,0.0,1.0,0.0,0.0,,,NFS,NFS,NFS,NFS
31785659_1,177,"its simple , your white. your genetic code doesnt include a racial commitment to crime. be glad and for for those reasons. this is what society has turned into. take a stand and defend your race. we must secure the existence of our people and a future for white children.-david lane white racial loyalty starts here keep it white",immigrants commit crimes.,,,we must take a stand and defend our race.,NFS,,,we must secure the existence of our people and a future for white children and keep it white.,NFS,"we must take a stand and defend our race. Therefore, we must secure the existence of our people and a future for white children and keep it white.",conclusion,0.0,1.0,0.0,1.0,,,CFS,NFS,NFS,NFS
12842670_1,178,"I watch fights on gay parade in budapest together with my friends from hungary , we were together on vacation in one croatian island , it was great to watch how hungarian nationalists were smashing gay parade btw I have some hungarian blood , my grandmother was hungarian Kitartas !",gays are inferior.,i watch fights on gay parade in budapest together with my friends from hungary.,UFS,we were together on vacation in one croatian island.,UFS,it was great to watch how hungarian nationalists were smashing gay parade.,UFS,it is clear that hungarian nationalists have a strong hatred towards the lgbt community.,CFS,"i watch fights on gay parade in budapest together with my friends from hungary. we were together on vacation in one croatian island. it was great to watch how hungarian nationalists were smashing gay parade. i have some hungarian blood, my grandmother was hungarian. . Therefore, it is clear that hungarian nationalists have a strong hatred towards the lgbt community.",conclusion,0.0,0.0,1.0,1.0,,,NFS,UFS,NFS,NFS
12848217_9,179,"Went outside for recess , and noticed two niglet boys being hostile and ready to rumble , and I figured right that they jumped on each other after returning to class , grabbing Niglet Number One , hauling him outside and pressed that panic button again .",black folks are violent.,two niglet boys were being hostile and ready to rumble.,UFS,they jumped on each other after returning to class.,UFS,someone grabbed niglet number one and hauled him outside.,UFS,the two niglet boys were the target of hate and violence.,UFS,"two niglet boys were being hostile and ready to rumble. they jumped on each other after returning to class. someone grabbed niglet number one and hauled him outside. the panic button was pressed again. Therefore, the two niglet boys were the target of hate and violence.",premise0,0.0,0.0,0.0,1.0,,,NFS,UFS,NFS,NFS
13299159_1,180,"Perhaps I should walk back into my H.S. when it starts Monday and get on the P.A. system and say I want to tie all * * * * * * s to the back of my car and drag them across the ground till they die , and then say I 'm joking .",black folks deserve to die.,i want to express my hatred towards a certain group of people.,NFS,i want to do something extreme to show my hatred.,NFS,,,i should make a joke about tying them to the back of my car and dragging them across the ground till they die.,NFS,"i want to express my hatred towards a certain group of people. i want to do something extreme to show my hatred. Therefore, i should make a joke about tying them to the back of my car and dragging them across the ground till they die.",conclusion,1.0,1.0,0.0,1.0,,,NFS,NFS,NFS,NFS
13467182_1,181,"When I was last time in South Africa , we went to Sun City and saw little black monkey children swimming , funniest thing was watching drying water off their faces , it looks exactly like baboon or something , way they do it , whites have certain mannerisms with doing things , they have completely ape-like ones .",black folks are monkeys.,"when i was last time in south africa, we went to sun city and saw little black monkey children swimming. .",UFS,"funniest thing was watching drying water off their faces, it looks exactly like baboon or something. .",UFS,"whites have certain mannerisms with doing things, they have completely ape-like ones. .",CFS,"the black monkey children are being compared to apes, implying that they are inferior to whites.",CFS,"when i was last time in south africa, we went to sun city and saw little black monkey children swimming. . funniest thing was watching drying water off their faces, it looks exactly like baboon or something. . whites have certain mannerisms with doing things, they have completely ape-like ones. . Therefore, the black monkey children are being compared to apes, implying that they are inferior to whites.",conclusion,1.0,1.0,1.0,1.0,,,NFS,NFS,NFS,NFS
13468636_1,182,"The jew media likes to prop this whites becoming the minority non sense up because they want to try and scare whitey , the media plays on the fears that the average retard thinks hispanic or latino is a race and they play word play with titles like white hispanic and white non hispanic it is all a magic show nothing more .. But Whites becoming a minority in Europe the homeland is a much more serious issue that concerns me greatly .",jews are trying to manipulate whites.,the jew media likes to prop this whites becoming the minority non sense up because they want to try and scare whitey.,CFS,the media plays on the fears that the average retard thinks hispanic or latino is a race and they play word play with titles like white hispanic and white non hispanic.,CFS,it is all a magic show nothing more.,NFS,"whites becoming a minority in europe, the homeland, is a much more serious issue that concerns me greatly.",CFS,"the jew media likes to prop this whites becoming the minority non sense up because they want to try and scare whitey. the media plays on the fears that the average retard thinks hispanic or latino is a race and they play word play with titles like white hispanic and white non hispanic. it is all a magic show nothing more. Therefore, whites becoming a minority in europe, the homeland, is a much more serious issue that concerns me greatly.",conclusion,0.0,1.0,0.0,1.0,,,NFS,NFS,NFS,NFS
13468931_1,183,All i have to say is none of this crap that is happening in the world is going to change unless people on a large scale actually stand up and say no we have had enough and drag the scum in the streets and deal with them in a most violent way .,black folks are criminals.,"people need to stand up and say ""no, we have had enough"".  .",NFS,people need to drag the scum in the streets.,NFS,people need to deal with them in a most violent way.,NFS,the world will not change unless people take these actions against the target of hate.,NFS,"people need to stand up and say ""no, we have had enough"".  . people need to drag the scum in the streets. people need to deal with them in a most violent way. Therefore, the world will not change unless people take these actions against the target of hate.",conclusion,0.0,1.0,1.0,1.0,,,NFS,NFS,NFS,NFS
13500353_1,184,Any purported `` holy book '' which says such vile & despicable things as the talmud says about Mary & Jesus cannot come from a place of goodness.Jews are so convinced of their superiority that they think they can trick God of their love & fidelity by pretending to honor him .,jewish folks are liars.,the talmud says vile and despicable things about mary and jesus.,CFS,jews think they can trick god of their love and fidelity by pretending to honor him.,CFS,,,"jews are so convinced of their superiority that they think they can trick god of their love and fidelity by pretending to honor him, which is evidenced by the fact that any purported ""holy book"" which says such vile and despicable things about mary and jesus cannot come from a place of goodness.",CFS,"the talmud says vile and despicable things about mary and jesus. jews think they can trick god of their love and fidelity by pretending to honor him. Therefore, jews are so convinced of their superiority that they think they can trick god of their love and fidelity by pretending to honor him, which is evidenced by the fact that any purported ""holy book"" which says such vile and despicable things about mary and jesus cannot come from a place of goodness.",conclusion,0.0,1.0,0.0,1.0,,,NFS,NFS,NFS,NFS
13503506_1,185,thats good there they was cleaning the moscow the same way like the capital i with thay would clean here this banana republic ( Washington DC ) send all this blacks and welffare resipiance to the mexico or at list Detroid 2056,blacks should be cleansed of the country.,moscow is being cleaned in a certain way.,CFS,washington dc should send all its black people and welfare recipients to mexico or detroit.,NFS,,,the author is expressing hate towards black people and welfare recipients.,NFS,"moscow is being cleaned in a certain way. washington dc should send all its black people and welfare recipients to mexico or detroit. Therefore, the author is expressing hate towards black people and welfare recipients.",conclusion,0.0,1.0,0.0,0.0,,,UFS,NFS,NFS,NFS
13504803_9,186,"I had the luck ( ... ) to meet some africans in the past and I promise you that black are the worse cancer of the world , they 're ready to sell their own sister so you can imagine what will they do with our Countries ..",black folks are uncivilized.,i had the luck to meet some africans in the past.,UFS,black people are ready to sell their own sister.,CFS,,,black people are the worse cancer of the world and they are ready to do harm to our countries.,CFS,"i had the luck to meet some africans in the past. black people are ready to sell their own sister. Therefore, black people are the worse cancer of the world and they are ready to do harm to our countries.",conclusion,0.0,1.0,0.0,1.0,,,NFS,NFS,NFS,NFS
13507183_1,187,"Couple Befriend Negroid , Negroid Tries To Burn Down Couples Home - NNN Reporters Newsroom Forum Moblie Couple Says Neighbor Tried to Set Their Apartment on Fire Reported by : Irika Sargent Last Update : 4/25 9 : 01 pm Moblie Couple Says Neighbor Tried to Set Their Apartment on Fire | Local15tv.com , Mobile & Pensacola News , Entertainment , Videos , Business Search and Shopping This is what happens when you make friends with spearchuckers .",black folks are violent.,couple befriend negroid.,NFS,negroid tries to burn down couples home.,CFS,,,this is what happens when you make friends with spearchuckers ..,NFS,"couple befriend negroid. negroid tries to burn down couples home. Therefore, this is what happens when you make friends with spearchuckers ..",conclusion,1.0,1.0,0.0,1.0,,,NFS,NFS,NFS,NFS
13849752_2,188,"Every action he 's taken reveals that he is completely unacceptable. as a citizen , in White societies All the blacks and browns can do is wreck and destroy - and that is all they have done , and do .",black people destroy societies.,Every action he's taken reveals that he is completely unacceptable as a citizen in White societies.,CFS,All the blacks and browns can do is wreck and destroy.,CFS,,,Blacks and browns are only capable of destruction.,CFS,"Every action he's taken reveals that he is completely unacceptable as a citizen in White societies. All the blacks and browns can do is wreck and destroy. Therefore, Blacks and browns are only capable of destruction.",conclusion,1.0,1.0,0.0,1.0,,,NFS,NFS,NFS,NFS
13859132_1,189,Typical i suppose in the eyes of the law he is just another tourist beaten on sydneys streets oh yeah and we all know if it was a poor black fella bashed it would be on the news for weeks on end and mr whitey would be branded a big bad evil racist,black folks are criminals.,"If it was a poor black fella bashed, it would be on the news for weeks on end.",CFS,Mr Whitey would be branded a big bad evil racist.,CFS,,,The law is biased against poor black people.,CFS,"If it was a poor black fella bashed, it would be on the news for weeks on end. Mr Whitey would be branded a big bad evil racist. Therefore, The law is biased against poor black people.",conclusion,1.0,1.0,0.0,1.0,,,NFS,NFS,NFS,NFS
13940778_1,190,"So sick of the way its working , I remember when I was growing up in Winnipeg the little shops were all white runned and owned and would hire people from the community and it was great it helped people and kept streets safe even though me and others would cause some bull * * * * it wasnt anything to how it is now .",black folks are inferior to whites.,Little shops were white runned and owned and would hire people from the community.,CFS,This helped people and kept streets safe.,CFS,Nowadays it is different.,CFS,"The current situation is worse than before, as it does not help people or keep streets safe.",CFS,"Little shops were white runned and owned and would hire people from the community. This helped people and kept streets safe. Nowadays it is different. Therefore, The current situation is worse than before, as it does not help people or keep streets safe.",conclusion,0.0,0.0,0.0,0.0,,,NFS,NFS,NFS,NFS
14030596_1,191,Got to laugh at how he is saying about how forward thinking and how much egyptians love democracy when they are about to hand power to a bunch of hard line Islamic fundamentalists who are more backward and worse than the last mob you Could n't make it up,muslims are fundamentalists.,Egyptians are about to hand power to a bunch of hard line Islamic fundamentalists.,CFS,These Islamic fundamentalists are more backward and worse than the last mob.,CFS,,,It is ridiculous that the Egyptians are talking about how forward thinking and how much they love democracy.,CFS,"Egyptians are about to hand power to a bunch of hard line Islamic fundamentalists. These Islamic fundamentalists are more backward and worse than the last mob. Therefore, It is ridiculous that the Egyptians are talking about how forward thinking and how much they love democracy.",premise1,1.0,1.0,0.0,1.0,,,NFS,NFS,NFS,NFS
14032786_1,192,i sort of understand where you are coming from but plenty of whites have sold us down the river so to speak although the jew is always in the background its very complicated will we ever find out the truth. somalians = scumalians !,jews are conspiring.,Plenty of whites have sold us down the river so to speak.,CFS,"""The Jew is always in the background.""",CFS,,,Somalians = scumalians!,CFS,"Plenty of whites have sold us down the river so to speak. ""The Jew is always in the background."" Therefore, Somalians = scumalians!",premise1,1.0,1.0,0.0,1.0,,,NFS,NFS,NFS,NFS
14034954_1,193,London nowadays is more dangerous for tourists than Zimbabwe Like the above poster says do n't go to London just go someplace else that is much better like Bath or Stratford Upon Avon ( Shakespeare Birthplace ) Londonistan is a craphole,black people are dangerous.,London nowadays is more dangerous for tourists than Zimbabwe.,CFS,Do not go to London.,NFS,,,"Go someplace else that is much better like Bath or Stratford Upon Avon (Shakespeare Birthplace) and avoid Londonistan, which is a craphole.",NFS,"London nowadays is more dangerous for tourists than Zimbabwe. Do not go to London. Therefore, Go someplace else that is much better like Bath or Stratford Upon Avon (Shakespeare Birthplace) and avoid Londonistan, which is a craphole.",premise0,1.0,0.0,0.0,1.0,,,NFS,NFS,NFS,NFS
14062684_1,194,"This is really not European news , but everybody should know that after years of Lebanese and other arabs intimmidating white women on Cronulla beach and after the cowardly attack on two white life-savers ( !! ) the Lebanese got theirs yesterday .",muslims are violent.,Lebanese and other Arabs have been intimidating white women on Cronulla beach.,CFS,Two white life-savers were cowardly attacked.,UFS,,,The Lebanese got theirs yesterday.,UFS,"Lebanese and other Arabs have been intimidating white women on Cronulla beach. Two white life-savers were cowardly attacked. Therefore, The Lebanese got theirs yesterday.",premise0,1.0,1.0,0.0,1.0,,,NFS,NFS,NFS,NFS
14287665_3,195,"BTW you are not wrong about Mildura , I went through there in mid 2000 and there was n't a non-White in sight but late last year when I went through there all I saw were islanders , indians , asians , and whatever other crap little johnnie could get dumped into the country .",people of colour are invading us.,In mid 2000 there were no non-White people in Mildura.,CFS,"Late last year there were islanders, Indians, Asians and other people from different countries in Mildura.",CFS,,,Little Johnnie is dumping people from different countries into the country.,CFS,"In mid 2000 there were no non-White people in Mildura. Late last year there were islanders, Indians, Asians and other people from different countries in Mildura. Therefore, Little Johnnie is dumping people from different countries into the country.",conclusion,0.0,0.0,0.0,0.0,,,CFS,UFS,UFS,NFS
14422949_1,196,"I always thought it was be fun to put on a minstrel show , a little entertainment showing things how they really are without black/jew/fag involvment . . if it ever gets put together i 'll be sure to tape and and pass it around for all to enjoy","black people, jews and gays are inferior.",It would be fun to put on a minstrel show.,NFS,The show should not involve black/Jewish/LGBTQ people.,NFS,,,The show should be taped and passed around for all to enjoy.,NFS,"It would be fun to put on a minstrel show. The show should not involve black/Jewish/LGBTQ people. Therefore, The show should be taped and passed around for all to enjoy.",premise1,0.0,0.0,0.0,0.0,,,NFS,NFS,NFS,NFS
14652747_2,197,Of course White race tend to be the smartest race and many of your nonwhites are either just too stupid to acknowledge that or just want to make use of your nonwhite stupidity to cause more misery to us who wish to seek the truth .,people of color are stupid.,White race tend to be the smartest race.,CFS,Many nonwhites are either too stupid to acknowledge that or want to cause more misery to those who seek the truth.,CFS,,,Nonwhites are the target of hate.,NFS,"White race tend to be the smartest race. Many nonwhites are either too stupid to acknowledge that or want to cause more misery to those who seek the truth. Therefore, Nonwhites are the target of hate.",premise0,1.0,1.0,0.0,0.0,,,NFS,NFS,NFS,NFS
30444129_1,198,"I never really thought about it before but I guess bicycling is primarily a white activity , kind of like sunbathing , going swimming , playing golf , tennis , attending a social function without a brawl taking place , not smelling like a wild animal in the locker room after a hard workout , and speaking proper English .",black folks are inferior to whites.,"Bicycling is primarily a white activity, like sunbathing, going swimming, playing golf, tennis, and attending a social function without a brawl taking place.",CFS,Non-white people smell like a wild animal in the locker room after a hard workout and do not speak proper English.,CFS,,,Non-white people are not as civilized as white people.,CFS,"Bicycling is primarily a white activity, like sunbathing, going swimming, playing golf, tennis, and attending a social function without a brawl taking place. Non-white people smell like a wild animal in the locker room after a hard workout and do not speak proper English. Therefore, Non-white people are not as civilized as white people.",conclusion,1.0,1.0,0.0,1.0,,,NFS,NFS,NFS,CFS
30585978_1,199,"seven billion `` Humans '' on the planet and with Open borders , H1-b visas , fake social security numbers , colleges hiring foreign nationals over White Legal Americans , and Obama 's Amnesty on line with an apathetic public , , , well , dye your skin black and unlearn your english and you might get a good job .",immigrants are inferior to whites.,There are seven billion humans on the planet.,CFS,"There are open borders, H1-b visas, fake social security numbers, and colleges hiring foreign nationals over White Legal Americans.",CFS,Obama's Amnesty is on line with an apathetic public.,CFS,"To get a good job, one should dye their skin black and unlearn their English.",CFS,"There are seven billion humans on the planet. There are open borders, H1-b visas, fake social security numbers, and colleges hiring foreign nationals over White Legal Americans. Obama's Amnesty is on line with an apathetic public. Therefore, To get a good job, one should dye their skin black and unlearn their English.",conclusion,0.0,1.0,0.0,1.0,,,CFS,CFS,NFS,NFS
31748709_1,200,"miscegination is a killer for all races. it destroys perfectly good DNA , even nonwhite DNA. we might need our diversity some day to save an entire species. it would be a shame if that DNA was destroyed becasue of some leftist ideal bullsnot",immigrants destroy the diversity of our species.,"Miscegenation destroys perfectly good DNA, even nonwhite DNA.",CFS,We might need our diversity some day to save an entire species.,CFS,Leftist ideals are responsible for this destruction of DNA.,CFS,It would be a shame if nonwhite DNA was destroyed because of leftist ideals.,NFS,"Miscegenation destroys perfectly good DNA, even nonwhite DNA. We might need our diversity some day to save an entire species. Leftist ideals are responsible for this destruction of DNA. Therefore, It would be a shame if nonwhite DNA was destroyed because of leftist ideals.",conclusion,1.0,1.0,1.0,1.0,,,NFS,NFS,NFS,NFS
31755187_1,201,whats up I thought I might put my pic up here I 'm looking for some friends theres too many negroes around here some times I feel like there is' int any white guy left in the world. so message me and let me know there is stll some white brothers out their .,black folks are invading us.,There are too many negroes around here.,NFS,Sometimes I feel like there isn't any white guy left in the world.,NFS,,,Message me and let me know there is still some white brothers out there.,NFS,"There are too many negroes around here. Sometimes I feel like there isn't any white guy left in the world. Therefore, Message me and let me know there is still some white brothers out there.",premise0,1.0,1.0,0.0,1.0,,,NFS,NFS,NFS,NFS
13862513_1,202,i am just down the road to you.welcome to the board.it breaks my heart every time i go to Galway city and see the amount of blacks there.the other week i was walking down shop street and there was a moslem standing in the street selling copies of the koran,blacks are inferior.,"every time i go to galway city, i see a lot of black people. .",CFS,the other week i was walking down shop street and there was a muslim selling copies of the koran.,UFS,,,i feel heartbroken because of the presence of people of color and muslims in galway city.,NFS,"every time i go to galway city, i see a lot of black people. . the other week i was walking down shop street and there was a muslim selling copies of the koran. Therefore, i feel heartbroken because of the presence of people of color and muslims in galway city.",conclusion,0.0,0.0,0.0,1.0,,,NFS,UFS,NFS,NFS
13863162_1,203,i feel sorry for her if one of her daughters did die but the harsh reality is she has no connection to ireland and she must go.as a mother it is her job to protect her children in Nigeria.every Nigerian who has a problem cant come running over here,africans are poor.,one of her daughters may have died.,UFS,she has no connection to ireland.,UFS,it is her job to protect her children in nigeria.,NFS,every nigerian who has a problem cannot come running over to ireland.,NFS,"one of her daughters may have died. she has no connection to ireland. it is her job to protect her children in nigeria. Therefore, every nigerian who has a problem cannot come running over to ireland.",conclusion,0.0,0.0,0.0,1.0,,,NFS,NFS,NFS,NFS
13866727_1,204,"ive seen some very beautiful white women and nothing sickens me more than to see them pull up at the mall , grocery store , or gas station and think damn shes beautiful then to see her open the back door and walk in with an oreo baby kinda makes you wish it was still 1940 here in alabama 16",black folks are ugly.,i have seen some very beautiful white women.,UFS,"it sickens me to see them pull up at the mall, grocery store, or gas station.",NFS,,,"it makes me wish it was still 1940 here in alabama, where interracial relationships were not accepted.",CFS,"i have seen some very beautiful white women. it sickens me to see them pull up at the mall, grocery store, or gas station. Therefore, it makes me wish it was still 1940 here in alabama, where interracial relationships were not accepted.",conclusion,0.0,0.0,0.0,1.0,,,NFS,NFS,NFS,NFS
14031868_2,205,"The chairman of the FA is one David Bernstein and , yes , he is a member of a certain tribe that delight in bringing diversity and the benefits of multi-culturalism and ' anti-racism ' , along with boatloads of third-worlders to Britain .",black people are inferior.,david bernstein is a member of a certain tribe.,CFS,this tribe delights in bringing diversity and the benefits of multi-culturalism and 'anti-racism' to britain.,CFS,,,boatloads of third-worlders are being brought to britain.,CFS,"david bernstein is a member of a certain tribe. this tribe delights in bringing diversity and the benefits of multi-culturalism and 'anti-racism' to britain. Therefore, boatloads of third-worlders are being brought to britain.",conclusion,0.0,0.0,0.0,1.0,,,NFS,NFS,NFS,NFS
14061449_1,206,"POLICE ARREST MOORE STREET , DUBLIN CITY CENTRE - 1 - YouTube http://www.youtube.com/watch ? v = LY-6O4ChVA8 Wait till the blacks riot and and attack cops i give a few years and they will be full scale black riots in Ireland .",black people are violent.,"police have arrested someone on moore street, dublin city centre.  .",CFS,there is a video on youtube about it.,UFS,,,"in a few years, there will be full-scale black riots in ireland targeting the police.",CFS,"police have arrested someone on moore street, dublin city centre.  . there is a video on youtube about it. Therefore, in a few years, there will be full-scale black riots in ireland targeting the police.",conclusion,0.0,0.0,0.0,1.0,,,CFS,UFS,NFS,NFS
14106678_1,207,"DuetschGirlTX, No I live in a tiny ass town where i am only one of 100 white folks ( maybe less ) . near San Antonio. there are so many dirts around and they all stick together. so when it comes to a White Girl in this town i gotta have my own back ALWAYS Is that where you are ?",black folks are inferior.,there are many people of different backgrounds living in the same town.,CFS,people of the same background tend to stick together.,CFS,,,the white girl must always have her own back.,NFS,"there are many people of different backgrounds living in the same town. people of the same background tend to stick together. Therefore, the white girl must always have her own back.",conclusion,0.0,0.0,0.0,1.0,,,UFS,NFS,NFS,NFS
14266657_1,208,what about it. that 's exactly what I said and I meant every word he thought I might and that was enough and with you two talking behind my back like some jew what do you expect me to say have a nice life .,jewish folks are liars.,he thought i might [say something],NFS,you two were talking behind my back like some [jew],UFS,,,have a nice life [directed to the two people talking behind his back],NFS,"he thought i might [say something] you two were talking behind my back like some [jew] Therefore, have a nice life [directed to the two people talking behind his back]",premise1,0.0,1.0,0.0,0.0,,,NFS,NFS,NFS,NFS
14667444_1,209,Those in the countries you mentioned are the mongrel offspring between whites ( Aryans ) and Arabs and its funny how those of the East who claim to be the Aryans talk about white people who came and mixed with them and the only Aryans apparently in the East are those with light skin and blue eyes .,muslims are inferior.,those in the countries mentioned are the mongrel offspring between whites (aryans) and arabs.,UFS,it is funny how those of the east who claim to be the aryans talk about white people who came and mixed with them.,CFS,,,"the only aryans apparently in the east are those with light skin and blue eyes, implying that those with darker skin and eyes are not considered to be aryans.",CFS,"those in the countries mentioned are the mongrel offspring between whites (aryans) and arabs. it is funny how those of the east who claim to be the aryans talk about white people who came and mixed with them. Therefore, the only aryans apparently in the east are those with light skin and blue eyes, implying that those with darker skin and eyes are not considered to be aryans.",conclusion,0.0,0.0,0.0,1.0,,,NFS,NFS,NFS,NFS
14667513_1,210,They preach diversity at their professor jobs and government jobs and it makes those White Liberal Neighborhoods and gated communities TOO white and in need of some `` Black flavor '' at home the joy of diversity right in their White daughter 's bedroom !,black people are inferior.,white liberal neighborhoods and gated communities are too white.,CFS,"there is a need for ""black flavor"" in these communities.  .",CFS,,,the joy of diversity should be brought into white daughter's bedrooms.,NFS,"white liberal neighborhoods and gated communities are too white. there is a need for ""black flavor"" in these communities.  . Therefore, the joy of diversity should be brought into white daughter's bedrooms.",conclusion,0.0,0.0,0.0,1.0,,,NFS,NFS,NFS,NFS
31723707_3,211,"There is only about 10 black kids in our school and 300 f' n spics. its my senior year and i really cant stand all this anymore. i know there are lots of others on this board that feel the same , but i need some support !",black folks are inferior.,there are only 10 black kids in our school and 300 hispanic kids.,CFS,it is the senior year.,UFS,there are others who feel the same.,UFS,the speaker cannot stand the large number of hispanic people in the school and needs support.,NFS,"there are only 10 black kids in our school and 300 hispanic kids. it is the senior year. there are others who feel the same. Therefore, the speaker cannot stand the large number of hispanic people in the school and needs support.",conclusion,0.0,0.0,0.0,1.0,,,CFS,UFS,NFS,NFS
31760414_1,212,"Looking at your guys situation makes me realise how lucky I am that my high school is 100 % white however even in my remote countryside community there are more and more black 's moving into the area , and their kids .",blacks are taking over the country.,my high school is 100% white.,CFS,there are more and more black people moving into the area.,CFS,,,"i am lucky to have a white high school, and i don't want black people in my community.",NFS,"my high school is 100% white. there are more and more black people moving into the area. Therefore, i am lucky to have a white high school, and i don't want black people in my community.",conclusion,0.0,0.0,0.0,1.0,,,NFS,NFS,NFS,NFS
12866622_1,213,"If your house door was locked , but at midnight your neighbor opened the door for some muslims to come inside and take your stuff , rape your wife and beat you nearly to death ... would you still think your neighbor was a nice guy ?",muslims are rapists.,your house door was locked.,UFS,your neighbor opened the door for some muslims to come inside.,UFS,"the muslims took your stuff, raped your wife and beat you nearly to death. .",UFS,you would not think your neighbor was a nice guy.,UFS,"your house door was locked. your neighbor opened the door for some muslims to come inside. the muslims took your stuff, raped your wife and beat you nearly to death. . Therefore, you would not think your neighbor was a nice guy.",premise2,0.0,0.0,1.0,0.0,,,UFS,NFS,NFS,NFS
13391410_1,214,they act as if negros with aids should have the right to reproduce when they will die off and have no way to take care of the kid I cant believe that they are doing this by the millions its crazy,black people have aids.,they act as if negros with aids should have the right to reproduce.,NFS,they will die off and have no way to take care of the kid.,CFS,,,"i can't believe that they are doing this by the millions, it's crazy.",NFS,"they act as if negros with aids should have the right to reproduce. they will die off and have no way to take care of the kid. Therefore, i can't believe that they are doing this by the millions, it's crazy.",premise0,1.0,0.0,0.0,0.0,,,NFS,NFS,NFS,NFS
13446781_3,215,When most whites today have so much white guilt laid upon them that they feel they have to act black or have sexual relations and children with blacks just to be accepted there is a problem with the white race memo .,black people are inferior.,whites today have white guilt laid upon them.,UFS,they feel they have to act black or have sexual relations and children with blacks.,CFS,,,there is a problem with the white race.,NFS,"whites today have white guilt laid upon them. they feel they have to act black or have sexual relations and children with blacks. Therefore, there is a problem with the white race.",premise1,0.0,1.0,0.0,0.0,,,NFS,NFS,NFS,NFS
13467138_1,216,"They should make all know about this book his friends as that they know like are the things , we need that all the whites know like they are the things and the Jewish threat and negroid on our race .",jewish people are dangerous.,all of his friends should know about this book.,NFS,,,,,all whites should be aware of the jewish threat and the threat of the negroid race to our race.,CFS,"all of his friends should know about this book. Therefore, all whites should be aware of the jewish threat and the threat of the negroid race to our race.",conclusion,0.0,0.0,0.0,1.0,,,NFS,NFS,CFS,NFS
13480579_1,217,"just saw a hershey 's commercial on tv , ca n't find it on jewtube shows a White woman happily sharing candy with some mop headed groid male on an escalator guess I wo n't be buying that stuff ever again",jewish folks are goths.,i just saw a hershey's commercial on tv.,UFS,i can't find it on youtube.,UFS,it shows a white woman happily sharing candy with some mop headed groid male on an escalator.,UFS,i won't be buying that stuff ever again.,NFS,"i just saw a hershey's commercial on tv. i can't find it on youtube. it shows a white woman happily sharing candy with some mop headed groid male on an escalator. Therefore, i won't be buying that stuff ever again.",premise2,0.0,0.0,1.0,0.0,,,UFS,UFS,NFS,NFS
13484565_1,218,"i've felt anger when i 've read it on forum , but we have to do our part and speaking at loud voice this fact , because , for example , i 'm from europe and this fact is not pased on tv news or in the news paper ... knows your enemies is the first pass for vicory on them !",immigrants are enemies.,we have to do our part and speak out loud about the fact that hate is not being reported in the news or in the newspapers.,CFS,knowing our enemies is the first step to victory over them.,NFS,,,we must take action to speak out against hate and to know our enemies in order to defeat them.,NFS,"we have to do our part and speak out loud about the fact that hate is not being reported in the news or in the newspapers. knowing our enemies is the first step to victory over them. Therefore, we must take action to speak out against hate and to know our enemies in order to defeat them.",conclusion,0.0,0.0,0.0,1.0,,,NFS,NFS,NFS,NFS
13594099_1,219,hope one day i will be able to see finland withouth those * * * * ing monkey ass soumalian ... im glad .. because finland has lowest immigrate in europe ..... kick those * * * * ing soumalians ass .....,black people are monkeys.,finland has the lowest immigration rate in europe.,CFS,there are soumalians in finland.,CFS,,,kick the soumalians out of finland.,NFS,"finland has the lowest immigration rate in europe. there are soumalians in finland. Therefore, kick the soumalians out of finland.",conclusion,0.0,0.0,0.0,1.0,,,CFS,CFS,NFS,NFS
13843470_1,220,"These are the latest statistics , Ethnic groups : Irish 87.4 % , other white 7.5 % , Asian 1.3 % , black 1.1 % , mixed 1.1 % , unspecified 1.6 % ( 2006 census ) , so even if that seven percent was all poles , if you add up all the mud races , it would be equivalent .",black people are inferior.,"irish 87.4%, other white 7.5%, asian 1.3%, black 1.1%, mixed 1.1%, unspecified 1.6% (2006 census). .",CFS,even if that seven percent was all poles.,NFS,,,"all the ""mud races"" (non-white ethnic groups) are equivalent in number to the poles.",CFS,"irish 87.4%, other white 7.5%, asian 1.3%, black 1.1%, mixed 1.1%, unspecified 1.6% (2006 census). . even if that seven percent was all poles. Therefore, all the ""mud races"" (non-white ethnic groups) are equivalent in number to the poles.",conclusion,0.0,0.0,0.0,1.0,,,CFS,NFS,NFS,NFS
13843768_1,221,and i bet not a single one was a dirty African.they will be well taken care of on welfare payments.just like the old days the Irish starve and have to go abroad to find work only this time parasitical foriegners stay here in nice new homes well fed watching big flat screen tellyspeople of Ireland WAKE UP !,africans are poor.,african people are receiving welfare payments.,CFS,irish people have to go abroad to find work.,CFS,"foreigners are staying in nice new homes, well fed and watching big flat screen tvs.  .",CFS,people of ireland should wake up and take action against the foreigners who are taking advantage of the welfare system.,CFS,"african people are receiving welfare payments. irish people have to go abroad to find work. foreigners are staying in nice new homes, well fed and watching big flat screen tvs.  . Therefore, people of ireland should wake up and take action against the foreigners who are taking advantage of the welfare system.",conclusion,0.0,0.0,0.0,1.0,,,NFS,NFS,NFS,NFS
13862513_1,222,i am just down the road to you.welcome to the board.it breaks my heart every time i go to Galway city and see the amount of niggas there.the other week i was walking down shop street and there was a moslem standing in the street selling copies of the koran,black people are inferior.,"every time i go to galway city, i see a lot of niggas.",CFS,the other week i was walking down shop street and there was a muslim selling copies of the koran.,UFS,,,i feel heartbroken because of the presence of people of color and muslims in galway city.,NFS,"every time i go to galway city, i see a lot of niggas. the other week i was walking down shop street and there was a muslim selling copies of the koran. Therefore, i feel heartbroken because of the presence of people of color and muslims in galway city.",conclusion,1.0,0.0,0.0,1.0,,,NFS,UFS,NFS,NFS
14667513_1,223,They preach diversity at their professor jobs and government jobs and it makes those White Liberal Neighborhoods and gated communities TOO white and in need of some `` nigga flavor '' at home the joy of diversity right in their White daughter 's bedroom !,black people are inferior to whites.,white liberal neighborhoods and gated communities are too white.,CFS,"there is a need for ""nigga flavor"" in these communities.  .",CFS,,,the joy of diversity should be brought into white daughter's bedrooms.,CFS,"white liberal neighborhoods and gated communities are too white. there is a need for ""nigga flavor"" in these communities.  . Therefore, the joy of diversity should be brought into white daughter's bedrooms.",conclusion,0.0,1.0,0.0,1.0,,,NFS,NFS,NFS,NFS
31723707_3,224,"There is only about 10 niggas in our school and 300 fucking spics. its my senior year and i really cant stand all this anymore. i know there are lots of others on this board that feel the same , but i need some support !",black folks and hispanics are inferior.,there are only 10 niggas in our school and 300 fucking hispanic kids.,CFS,it is the senior year.,CFS,there are others who feel the same.,NFS,the speaker cannot stand the large number of hispanic people in the school and needs support.,NFS,"there are only 10 niggas in our school and 300 fucking hispanic kids. it is the senior year. there are others who feel the same. Therefore, the speaker cannot stand the large number of hispanic people in the school and needs support.",conclusion,1.0,0.0,0.0,1.0,,,NFS,UFS,NFS,NFS
31760414_1,225,"Looking at your guys situation makes me realise how lucky I am that my high school is 100 % white however even in my remote countryside community there are more and more niggas moving into the area , and their kids .",black folks are invading us.,my high school is 100% white.,CFS,there are more and more niggas moving into the area.,CFS,,,"i am lucky to have a white high school, and i don't want black people in my community.",NFS,"my high school is 100% white. there are more and more niggas moving into the area. Therefore, i am lucky to have a white high school, and i don't want black people in my community.",conclusion,0.0,1.0,0.0,1.0,,,NFS,NFS,NFS,NFS
13480579_1,226,"just saw a hershey 's commercial on tv , ca n't find it on jewtube shows a White woman happily sharing candy with a jew on an escalator guess I wo n't be buying that stuff ever again",jews are inferior.,i just saw a hershey's commercial on tv.,UFS,i can't find it on youtube.,UFS,it shows a white woman happily sharing candy with a jew on an escalator.,UFS,i won't be buying that stuff ever again.,NFS,"i just saw a hershey's commercial on tv. i can't find it on youtube. it shows a white woman happily sharing candy with a jew on an escalator. Therefore, i won't be buying that stuff ever again.",premise2,0.0,0.0,0.0,0.0,,,UFS,UFS,NFS,NFS
13843470_1,227,"These are the latest statistics , Ethnic groups : Irish 87.4 % , other white 7.5 % , Asian 1.3 % , black 1.1 % , mixed 1.1 % , unspecified 1.6 % ( 2006 census ) , so even if that seven percent was all poles , if you add up all the non-white people , it would be equivalent .",people of color are inferior.,"irish 87.4%, other white 7.5%, asian 1.3%, black 1.1%, mixed 1.1%, unspecified 1.6% (2006 census). .",CFS,even if that seven percent was all poles.,NFS,,,all the non-white ethnic groups are equivalent in number to the poles.,CFS,"irish 87.4%, other white 7.5%, asian 1.3%, black 1.1%, mixed 1.1%, unspecified 1.6% (2006 census). . even if that seven percent was all poles. Therefore, all the non-white ethnic groups are equivalent in number to the poles.",conclusion,0.0,0.0,0.0,0.0,,,CFS,NFS,NFS,NFS
13850107_1,228,An Irish prison is like a luxury hotel where they come and thats even if they get sent to prison and thats if they get do n't flee the country and thats if they get caught doing the crime ... so crime does pay in Ireland .,Immigrants are criminals,An Irish prison is like a luxury hotel.,CFS,People don't flee the country if they get caught doing the crime.,CFS,,,Crime pays in Ireland.,CFS,"An Irish prison is like a luxury hotel.People don't flee the country if they get caught doing the crime.Therefore, Crime pays in Ireland.",premise0,0.0,0.0,0.0,0.0,,,NFS,NFS,CFS,NFS
