INDEX,cw
0,Check-worthy Factual
1,Check-worthy Factual
2,Check-worthy Factual
3,Check-worthy Factual
4,Check-worthy Factual
5,Check-worthy Factual
6,Check-worthy Factual
7,Check-worthy Factual
8,Non-Factual
9,Non-Factual
10,Non-Factual
11,Non-Factual
12,Non-Factual
13,Non-Factual
14,Check-worthy Factual
15,Check-worthy Factual
16,Check-worthy Factual
17,Non-Factual
18,Check-worthy Factual
19,Check-worthy Factual
20,Check-worthy Factual
21,Check-worthy Factual
22,Non-Factual
23,Check-worthy Factual
24,Check-worthy Factual
25,Non-Factual
26,Check-worthy Factual
27,Check-worthy Factual
28,Non-Factual
29,Non-Factual
30,Non-Factual
31,Check-worthy Factual
32,Non-Factual
33,Check-worthy Factual
34,Non-Factual
35,Check-worthy Factual
36,Check-worthy Factual
37,Non-Factual
38,Non-Factual
39,Check-worthy Factual
40,Non-Factual
41,Check-worthy Factual
42,Check-worthy Factual
43,Non-Factual
44,Check-worthy Factual
45,Check-worthy Factual
46,Non-Factual
47,Check-worthy Factual
48,Check-worthy Factual
49,Non-Factual
50,Check-worthy Factual
51,Check-worthy Factual
52,Check-worthy Factual
53,Check-worthy Factual
54,Check-worthy Factual
55,Unimportant Factual
56,Check-worthy Factual
57,Non-Factual
58,Check-worthy Factual
59,Check-worthy Factual
60,Check-worthy Factual
61,Check-worthy Factual
62,Check-worthy Factual
63,Check-worthy Factual
64,Check-worthy Factual
65,Check-worthy Factual
66,Check-worthy Factual
67,Check-worthy Factual
68,Non-Factual
69,Check-worthy Factual
70,Non-Factual
71,Check-worthy Factual
72,Check-worthy Factual
73,Check-worthy Factual
74,Check-worthy Factual
75,Check-worthy Factual
76,Check-worthy Factual
77,Check-worthy Factual
78,Non-Factual
79,Check-worthy Factual
80,Check-worthy Factual
81,Non-Factual
82,Check-worthy Factual
83,Non-Factual
84,Check-worthy Factual
85,Check-worthy Factual
86,Check-worthy Factual
87,Check-worthy Factual
88,Non-Factual
89,Non-Factual
90,Non-Factual
91,Non-Factual
92,Check-worthy Factual
93,Check-worthy Factual
94,Check-worthy Factual
95,Non-Factual
96,Check-worthy Factual
97,Check-worthy Factual
98,Non-Factual
99,Non-Factual
100,Check-worthy Factual
101,Check-worthy Factual
102,Check-worthy Factual
103,Check-worthy Factual
104,Check-worthy Factual
105,Non-Factual
106,Non-Factual
107,Non-Factual
108,Non-Factual
109,Non-Factual
110,Check-worthy Factual
111,Non-Factual
112,Check-worthy Factual
113,Unimportant Factual
114,Check-worthy Factual
115,Non-Factual
116,Check-worthy Factual
117,Non-Factual
118,Unimportant Factual
119,Non-Factual
120,Non-Factual
121,Non-Factual
122,Non-Factual
123,Check-worthy Factual
124,Check-worthy Factual
125,Non-Factual
126,Check-worthy Factual
127,Non-Factual
128,Check-worthy Factual
129,Check-worthy Factual
130,Check-worthy Factual
131,Check-worthy Factual
132,Check-worthy Factual
133,Check-worthy Factual
134,Check-worthy Factual
135,Non-Factual
136,Non-Factual
137,Check-worthy Factual
138,Check-worthy Factual
139,Check-worthy Factual
140,Non-Factual
141,Check-worthy Factual
142,Check-worthy Factual
143,Check-worthy Factual
144,Check-worthy Factual
145,Check-worthy Factual
146,Check-worthy Factual
147,Check-worthy Factual
148,Check-worthy Factual
149,Non-Factual
150,Check-worthy Factual
151,Check-worthy Factual
152,Non-Factual
153,Non-Factual
154,Non-Factual
155,Non-Factual
156,Non-Factual
157,Non-Factual
158,Non-Factual
159,Non-Factual
160,Non-Factual
161,Check-worthy Factual
162,Non-Factual
163,Non-Factual
164,Check-worthy Factual
165,Non-Factual
166,Check-worthy Factual
167,Check-worthy Factual
168,Non-Factual
169,Non-Factual
170,Check-worthy Factual
171,Check-worthy Factual
172,Non-Factual
173,Non-Factual
174,Check-worthy Factual
175,Check-worthy Factual
176,Check-worthy Factual
177,Check-worthy Factual
178,Check-worthy Factual
179,Non-Factual
180,Check-worthy Factual
181,Non-Factual
182,Non-Factual
183,Non-Factual
184,Non-Factual
185,Non-Factual
186,Non-Factual
187,Check-worthy Factual
188,Unimportant Factual
189,Check-worthy Factual
190,Check-worthy Factual
191,Check-worthy Factual
192,Check-worthy Factual
193,Non-Factual
194,Non-Factual
195,Non-Factual
196,Non-Factual
197,Non-Factual
198,Non-Factual
199,Non-Factual
200,Non-Factual
201,Non-Factual
202,Non-Factual
203,Check-worthy Factual
204,Check-worthy Factual
205,Check-worthy Factual
206,Check-worthy Factual
207,Check-worthy Factual
208,Check-worthy Factual
209,Check-worthy Factual
210,Check-worthy Factual
211,Check-worthy Factual
212,Check-worthy Factual
213,Check-worthy Factual
214,Check-worthy Factual
215,Check-worthy Factual
216,Check-worthy Factual
217,Check-worthy Factual
218,Check-worthy Factual
219,Check-worthy Factual
220,Check-worthy Factual
221,Non-Factual
222,Check-worthy Factual
223,Non-Factual
224,Non-Factual
225,Non-Factual
226,Non-Factual
227,Non-Factual
228,Non-Factual
229,Non-Factual
230,Non-Factual
231,Check-worthy Factual
232,Check-worthy Factual
233,Check-worthy Factual
234,Check-worthy Factual
235,Check-worthy Factual
236,Check-worthy Factual
237,Check-worthy Factual
238,Check-worthy Factual
239,Check-worthy Factual
240,Check-worthy Factual
241,Check-worthy Factual
242,Check-worthy Factual
243,Check-worthy Factual
244,Check-worthy Factual
245,Check-worthy Factual
246,Check-worthy Factual
247,Check-worthy Factual
248,Check-worthy Factual
249,Non-Factual
250,Non-Factual
251,Check-worthy Factual
252,Check-worthy Factual
253,Check-worthy Factual
254,Check-worthy Factual
255,Check-worthy Factual
256,Check-worthy Factual
257,Check-worthy Factual
258,Check-worthy Factual
259,Check-worthy Factual
260,Check-worthy Factual
261,Check-worthy Factual
262,Check-worthy Factual
263,Non-Factual
264,Non-Factual
265,Check-worthy Factual
266,Check-worthy Factual
267,Non-Factual
268,Non-Factual
269,Non-Factual
270,Non-Factual
271,Non-Factual
272,Non-Factual
273,Non-Factual
274,Non-Factual
275,Non-Factual
276,Check-worthy Factual
277,Check-worthy Factual
278,Check-worthy Factual
279,Check-worthy Factual
280,Check-worthy Factual
281,Check-worthy Factual
282,Check-worthy Factual
283,Check-worthy Factual
284,Check-worthy Factual
285,Check-worthy Factual
286,Check-worthy Factual
287,Check-worthy Factual
288,Check-worthy Factual
289,Non-Factual
290,Non-Factual
291,Non-Factual
292,Non-Factual
293,Non-Factual
294,Non-Factual
295,Non-Factual
296,Check-worthy Factual
297,Check-worthy Factual
298,Check-worthy Factual
299,Unimportant Factual
300,Check-worthy Factual
301,Non-Factual
302,Check-worthy Factual
303,Check-worthy Factual
304,Check-worthy Factual
305,Check-worthy Factual
306,Check-worthy Factual
307,Check-worthy Factual
308,Check-worthy Factual
309,Check-worthy Factual
310,Check-worthy Factual
311,Check-worthy Factual
312,Check-worthy Factual
313,Check-worthy Factual
314,Check-worthy Factual
315,Check-worthy Factual
316,Check-worthy Factual
317,Check-worthy Factual
318,Check-worthy Factual
319,Check-worthy Factual
320,Check-worthy Factual
321,Check-worthy Factual
322,Check-worthy Factual
323,Check-worthy Factual
324,Check-worthy Factual
325,Check-worthy Factual
326,Check-worthy Factual
327,Check-worthy Factual
328,Check-worthy Factual
329,Check-worthy Factual
330,Check-worthy Factual
331,Check-worthy Factual
332,Check-worthy Factual
333,Check-worthy Factual
334,Check-worthy Factual
335,Check-worthy Factual
336,Check-worthy Factual
337,Check-worthy Factual
338,Check-worthy Factual
339,Check-worthy Factual
340,Check-worthy Factual
341,Check-worthy Factual
342,Check-worthy Factual
343,Check-worthy Factual
344,Check-worthy Factual
345,Check-worthy Factual
346,Check-worthy Factual
347,Check-worthy Factual
348,Check-worthy Factual
349,Check-worthy Factual
350,Check-worthy Factual
351,Check-worthy Factual
352,Check-worthy Factual
353,Check-worthy Factual
354,Check-worthy Factual
355,Check-worthy Factual
356,Check-worthy Factual
357,Check-worthy Factual
358,Non-Factual
359,Non-Factual
360,Non-Factual
361,Non-Factual
362,Non-Factual
363,Non-Factual
364,Non-Factual
365,Non-Factual
366,Non-Factual
367,Non-Factual
368,Check-worthy Factual
369,Check-worthy Factual
370,Check-worthy Factual
371,Non-Factual
372,Check-worthy Factual
373,Non-Factual
374,Non-Factual
375,Check-worthy Factual
376,Check-worthy Factual
377,Check-worthy Factual
378,Check-worthy Factual
379,Check-worthy Factual
380,Non-Factual
381,Non-Factual
382,Non-Factual
383,Check-worthy Factual
384,Non-Factual
385,Non-Factual
386,Non-Factual
387,Check-worthy Factual
388,Check-worthy Factual
389,Check-worthy Factual
390,Check-worthy Factual
391,Check-worthy Factual
392,Check-worthy Factual
393,Check-worthy Factual
394,Check-worthy Factual
395,Non-Factual
396,Check-worthy Factual
397,Non-Factual
398,Non-Factual
399,Check-worthy Factual
400,Check-worthy Factual
401,Non-Factual
402,Non-Factual
403,Check-worthy Factual
404,Check-worthy Factual
405,Check-worthy Factual
406,Check-worthy Factual
407,Non-Factual
408,Check-worthy Factual
409,Non-Factual
410,Non-Factual
411,Non-Factual
412,Check-worthy Factual
413,Non-Factual
414,Check-worthy Factual
415,Check-worthy Factual
416,Check-worthy Factual
417,Check-worthy Factual
418,Check-worthy Factual
419,Check-worthy Factual
420,Check-worthy Factual
421,Check-worthy Factual
422,Check-worthy Factual
423,Check-worthy Factual
424,Check-worthy Factual
425,Non-Factual
426,Non-Factual
427,Non-Factual
428,Check-worthy Factual
429,Non-Factual
430,Unimportant Factual
431,Non-Factual
432,Check-worthy Factual
433,Non-Factual
434,Non-Factual
435,Non-Factual
436,Non-Factual
437,Non-Factual
438,Check-worthy Factual
439,Check-worthy Factual
440,Check-worthy Factual
441,Check-worthy Factual
442,Non-Factual
443,Check-worthy Factual
444,Non-Factual
445,Check-worthy Factual
446,Check-worthy Factual
447,Check-worthy Factual
448,Check-worthy Factual
449,Check-worthy Factual
450,Non-Factual
451,Non-Factual
452,Check-worthy Factual
453,Check-worthy Factual
454,Non-Factual
455,Check-worthy Factual
456,Check-worthy Factual
457,Check-worthy Factual
458,Check-worthy Factual
459,Check-worthy Factual
460,Check-worthy Factual
461,Unimportant Factual
462,Check-worthy Factual
463,Non-Factual
464,Non-Factual
465,Non-Factual
466,Non-Factual
467,Check-worthy Factual
468,Check-worthy Factual
469,Check-worthy Factual
470,Check-worthy Factual
471,Check-worthy Factual
472,Check-worthy Factual
473,Check-worthy Factual
474,Check-worthy Factual
475,Check-worthy Factual
476,Non-Factual
477,Check-worthy Factual
478,Check-worthy Factual
479,Check-worthy Factual
480,Check-worthy Factual
481,Check-worthy Factual
482,Check-worthy Factual
483,Check-worthy Factual
484,Check-worthy Factual
485,Check-worthy Factual
486,Check-worthy Factual
487,Check-worthy Factual
488,Check-worthy Factual
489,Check-worthy Factual
490,Check-worthy Factual
491,Check-worthy Factual
492,Non-Factual
493,Non-Factual
494,Check-worthy Factual
495,Check-worthy Factual
496,Non-Factual
497,Non-Factual
498,Check-worthy Factual
499,Check-worthy Factual
500,Non-Factual
501,Non-Factual
502,Non-Factual
503,Non-Factual
504,Non-Factual
505,Check-worthy Factual
506,Check-worthy Factual
507,Check-worthy Factual
508,Check-worthy Factual
509,Non-Factual
510,Check-worthy Factual
511,Non-Factual
512,Non-Factual
513,Check-worthy Factual
514,Check-worthy Factual
515,Check-worthy Factual
516,Non-Factual
517,Non-Factual
518,Check-worthy Factual
519,Unimportant Factual
520,Check-worthy Factual
521,Non-Factual
522,Check-worthy Factual
523,Check-worthy Factual
524,Non-Factual
525,Unimportant Factual
526,Non-Factual
527,Unimportant Factual
528,Non-Factual
529,Non-Factual
530,Non-Factual
531,Non-Factual
532,Non-Factual
533,Non-Factual
534,Non-Factual
535,Non-Factual
536,Check-worthy Factual
537,Non-Factual
538,Non-Factual
539,Non-Factual
540,Non-Factual
541,Non-Factual
542,Check-worthy Factual
543,Check-worthy Factual
544,Check-worthy Factual
545,Check-worthy Factual
546,Check-worthy Factual
547,Check-worthy Factual
548,Non-Factual
549,Check-worthy Factual
550,Check-worthy Factual
551,Check-worthy Factual
552,Check-worthy Factual
553,Check-worthy Factual
554,Check-worthy Factual
555,Check-worthy Factual
556,Non-Factual
557,Check-worthy Factual
558,Check-worthy Factual
559,Check-worthy Factual
560,Check-worthy Factual
561,Non-Factual
562,Check-worthy Factual
563,Check-worthy Factual
564,Unimportant Factual
565,Non-Factual
566,Non-Factual
567,Non-Factual
568,Non-Factual
569,Unimportant Factual
570,Non-Factual
571,Check-worthy Factual
572,Check-worthy Factual
573,Check-worthy Factual
574,Check-worthy Factual
575,Check-worthy Factual
576,Check-worthy Factual
577,Check-worthy Factual
578,Check-worthy Factual
579,Check-worthy Factual
580,Check-worthy Factual
581,Check-worthy Factual
582,Non-Factual
583,Check-worthy Factual
584,Check-worthy Factual
585,Check-worthy Factual
586,Check-worthy Factual
587,Non-Factual
588,Non-Factual
589,Check-worthy Factual
590,Check-worthy Factual
591,Check-worthy Factual
592,Check-worthy Factual
593,Check-worthy Factual
594,Non-Factual
595,Non-Factual
596,Non-Factual
597,Unimportant Factual
598,Non-Factual
599,Non-Factual
600,Check-worthy Factual
601,Unimportant Factual
602,Non-Factual
603,Non-Factual
604,Unimportant Factual
605,Unimportant Factual
606,Check-worthy Factual
607,Non-Factual
608,Non-Factual
609,Non-Factual
610,Non-Factual
611,Non-Factual
612,Non-Factual
613,Check-worthy Factual
614,Non-Factual
615,Check-worthy Factual
616,Check-worthy Factual
617,Check-worthy Factual
618,Non-Factual
619,Check-worthy Factual
620,Non-Factual
621,Non-Factual
622,Non-Factual
623,Non-Factual
624,Check-worthy Factual
625,Check-worthy Factual
626,Check-worthy Factual
627,Check-worthy Factual
628,Check-worthy Factual
629,Check-worthy Factual
630,Check-worthy Factual
631,Non-Factual
632,Non-Factual
633,Check-worthy Factual
634,Check-worthy Factual
635,Check-worthy Factual
636,Check-worthy Factual
637,Check-worthy Factual
638,Non-Factual
639,Check-worthy Factual
640,Non-Factual
641,Non-Factual
642,Check-worthy Factual
643,Non-Factual
644,Non-Factual
645,Check-worthy Factual
646,Check-worthy Factual
647,Non-Factual
648,Non-Factual
649,Non-Factual
650,Check-worthy Factual
651,Check-worthy Factual
652,Check-worthy Factual
653,Check-worthy Factual
654,Check-worthy Factual
655,Non-Factual
656,Non-Factual
657,Check-worthy Factual
658,Non-Factual
659,Non-Factual
660,Non-Factual
661,Non-Factual
662,Non-Factual
663,Non-Factual
664,Non-Factual
665,Non-Factual
666,Non-Factual
667,Non-Factual
668,Non-Factual
669,Non-Factual
670,Non-Factual
671,Non-Factual
672,Non-Factual
673,Non-Factual
674,Non-Factual
675,Non-Factual
676,Non-Factual
677,Non-Factual
678,Non-Factual
679,Non-Factual
680,Non-Factual
681,Non-Factual
682,Non-Factual
683,Non-Factual
684,Check-worthy Factual
685,Non-Factual
686,Non-Factual
687,Non-Factual
688,Non-Factual
689,Non-Factual
690,Check-worthy Factual
691,Check-worthy Factual
692,Check-worthy Factual
693,Check-worthy Factual
694,Check-worthy Factual
695,Check-worthy Factual
696,Check-worthy Factual
697,Check-worthy Factual
698,Check-worthy Factual
699,Check-worthy Factual
700,Check-worthy Factual
701,Check-worthy Factual
702,Check-worthy Factual
703,Non-Factual
704,Non-Factual
705,Non-Factual
706,Non-Factual
707,Non-Factual
708,Unimportant Factual
709,Non-Factual
710,Non-Factual
711,Check-worthy Factual
712,Check-worthy Factual
713,Check-worthy Factual
714,Non-Factual
715,Non-Factual
716,Non-Factual
717,Non-Factual
718,Non-Factual
719,Non-Factual
720,Non-Factual
721,Non-Factual
722,Non-Factual
723,Non-Factual
724,Check-worthy Factual
725,Unimportant Factual
726,Non-Factual
727,Non-Factual
728,Non-Factual
729,Non-Factual
730,Non-Factual
731,Non-Factual
732,Non-Factual
733,Non-Factual
734,Non-Factual
735,Check-worthy Factual
736,Check-worthy Factual
737,Check-worthy Factual
738,Check-worthy Factual
739,Check-worthy Factual
740,Unimportant Factual
741,Check-worthy Factual
742,Check-worthy Factual
743,Non-Factual
744,Check-worthy Factual
745,Non-Factual
746,Check-worthy Factual
747,Check-worthy Factual
748,Check-worthy Factual
749,Non-Factual
750,Non-Factual
751,Check-worthy Factual
752,Check-worthy Factual
753,Check-worthy Factual
754,Check-worthy Factual
755,Non-Factual
756,Check-worthy Factual
757,Check-worthy Factual
758,Non-Factual
759,Non-Factual
760,Check-worthy Factual
761,Check-worthy Factual
762,Non-Factual
763,Non-Factual
764,Non-Factual
765,Unimportant Factual
766,Non-Factual
767,Non-Factual
768,Non-Factual
769,Check-worthy Factual
770,Check-worthy Factual
771,Check-worthy Factual
772,Non-Factual
773,Check-worthy Factual
774,Check-worthy Factual
775,Non-Factual
776,Check-worthy Factual
777,Check-worthy Factual
778,Non-Factual
779,Non-Factual
780,Check-worthy Factual
781,Check-worthy Factual
782,Non-Factual
783,Check-worthy Factual
784,Unimportant Factual
785,Unimportant Factual
786,Non-Factual
787,Check-worthy Factual
788,Check-worthy Factual
789,Check-worthy Factual
790,Check-worthy Factual
791,Check-worthy Factual
792,Check-worthy Factual
793,Non-Factual
794,Check-worthy Factual
795,Check-worthy Factual
796,Non-Factual
797,Non-Factual
798,Non-Factual
799,Check-worthy Factual
800,Check-worthy Factual
801,Check-worthy Factual
802,Check-worthy Factual
803,Check-worthy Factual
804,Check-worthy Factual
805,Check-worthy Factual
806,Check-worthy Factual
807,Check-worthy Factual
808,Non-Factual
809,Check-worthy Factual
810,Non-Factual
811,Check-worthy Factual
812,Non-Factual
813,Check-worthy Factual
814,Check-worthy Factual
815,Check-worthy Factual
816,Check-worthy Factual
817,Check-worthy Factual
818,Non-Factual
819,Non-Factual
820,Check-worthy Factual
821,Check-worthy Factual
822,Check-worthy Factual
823,Non-Factual
824,Non-Factual
825,Non-Factual
826,Check-worthy Factual
827,Check-worthy Factual
828,Non-Factual
829,Check-worthy Factual
830,Non-Factual
831,Non-Factual
832,Non-Factual
833,Check-worthy Factual
834,Non-Factual
835,Check-worthy Factual
836,Check-worthy Factual
837,Check-worthy Factual
838,Non-Factual
839,Check-worthy Factual
840,Check-worthy Factual
841,Non-Factual
842,Check-worthy Factual
843,Check-worthy Factual
844,Check-worthy Factual
845,Unimportant Factual
846,Check-worthy Factual
847,Non-Factual
848,Non-Factual
849,Check-worthy Factual
850,Check-worthy Factual
851,Check-worthy Factual
852,Non-Factual
853,Non-Factual
854,Check-worthy Factual
855,Non-Factual
856,Check-worthy Factual
857,Check-worthy Factual
858,Non-Factual
859,Non-Factual
860,Check-worthy Factual
861,Check-worthy Factual
862,Non-Factual
863,Non-Factual
864,Non-Factual
865,Check-worthy Factual
866,Non-Factual
867,Check-worthy Factual
868,Non-Factual
869,Non-Factual
870,Non-Factual
871,Non-Factual
872,Check-worthy Factual
873,Non-Factual
874,Non-Factual
875,Check-worthy Factual
876,Non-Factual
877,Check-worthy Factual
878,Non-Factual
879,Non-Factual
880,Check-worthy Factual
881,Check-worthy Factual
882,Check-worthy Factual
883,Unimportant Factual
884,Non-Factual
885,Non-Factual
886,Non-Factual
887,Non-Factual
888,Check-worthy Factual
889,Non-Factual
890,Check-worthy Factual
891,Check-worthy Factual
892,Check-worthy Factual
893,Check-worthy Factual
894,Check-worthy Factual
895,Check-worthy Factual
896,Non-Factual
897,Check-worthy Factual
898,Check-worthy Factual
899,Check-worthy Factual
900,Check-worthy Factual
901,Non-Factual
902,Check-worthy Factual
903,Non-Factual
904,Non-Factual
905,Non-Factual
906,Check-worthy Factual
907,Check-worthy Factual
908,Check-worthy Factual
909,Check-worthy Factual
910,Check-worthy Factual
911,Check-worthy Factual
912,Non-Factual
913,Non-Factual
914,Check-worthy Factual
915,Check-worthy Factual
916,Non-Factual
917,Non-Factual
918,Non-Factual
919,Non-Factual
920,Check-worthy Factual
921,Non-Factual
922,Non-Factual
923,Non-Factual
924,Non-Factual
925,Non-Factual
926,Non-Factual
927,Non-Factual
928,Non-Factual
929,Check-worthy Factual
930,Non-Factual
931,Check-worthy Factual
932,Check-worthy Factual
933,Check-worthy Factual
934,Non-Factual
935,Check-worthy Factual
936,Non-Factual
937,Check-worthy Factual
938,Non-Factual
939,Non-Factual
940,Non-Factual
941,Check-worthy Factual
942,Non-Factual
943,Non-Factual
944,Non-Factual
945,Non-Factual
946,Non-Factual
947,Non-Factual
948,Non-Factual
949,Unimportant Factual
950,Non-Factual
951,Non-Factual
952,Check-worthy Factual
953,Non-Factual
954,Non-Factual
955,Non-Factual
956,Non-Factual
957,Non-Factual
958,Check-worthy Factual
959,Non-Factual
960,Non-Factual
961,Non-Factual
962,Check-worthy Factual
963,Check-worthy Factual
964,Check-worthy Factual
965,Non-Factual
966,Non-Factual
967,Non-Factual
968,Non-Factual
969,Check-worthy Factual
970,Non-Factual
971,Check-worthy Factual
972,Check-worthy Factual
973,Check-worthy Factual
974,Check-worthy Factual
975,Non-Factual
976,Non-Factual
977,Check-worthy Factual
978,Non-Factual
979,Check-worthy Factual
980,Check-worthy Factual
981,Check-worthy Factual
982,Non-Factual
983,Check-worthy Factual
984,Check-worthy Factual
985,Check-worthy Factual
986,Check-worthy Factual
987,Check-worthy Factual
988,Check-worthy Factual
989,Non-Factual
990,Check-worthy Factual
991,Check-worthy Factual
992,Check-worthy Factual
993,Check-worthy Factual
994,Non-Factual
995,Check-worthy Factual
996,Non-Factual
997,Check-worthy Factual
998,Check-worthy Factual
999,Check-worthy Factual
1000,Check-worthy Factual
1001,Non-Factual
1002,Check-worthy Factual
1003,Check-worthy Factual
1004,Check-worthy Factual
1005,Non-Factual
1006,Non-Factual
1007,Non-Factual
1008,Check-worthy Factual
1009,Non-Factual
1010,Check-worthy Factual
1011,Non-Factual
1012,Non-Factual
1013,Non-Factual
1014,Non-Factual
1015,Non-Factual
1016,Non-Factual
1017,Non-Factual
1018,Check-worthy Factual
1019,Non-Factual
1020,Check-worthy Factual
1021,Check-worthy Factual
1022,Non-Factual
1023,Non-Factual
1024,Non-Factual
1025,Non-Factual
1026,Check-worthy Factual
1027,Check-worthy Factual
1028,Check-worthy Factual
1029,Check-worthy Factual
1030,Non-Factual
1031,Non-Factual
1032,Check-worthy Factual
1033,Check-worthy Factual
1034,Check-worthy Factual
1035,Non-Factual
1036,Non-Factual
1037,Non-Factual
1038,Non-Factual
1039,Check-worthy Factual
1040,Check-worthy Factual
1041,Check-worthy Factual
1042,Check-worthy Factual
1043,Non-Factual
1044,Check-worthy Factual
1045,Unimportant Factual
1046,Check-worthy Factual
1047,Check-worthy Factual
1048,Check-worthy Factual
1049,Check-worthy Factual
1050,Check-worthy Factual
1051,Check-worthy Factual
1052,Check-worthy Factual
1053,Non-Factual
1054,Non-Factual
1055,Non-Factual
1056,Non-Factual
1057,Check-worthy Factual
1058,Check-worthy Factual
1059,Non-Factual
1060,Check-worthy Factual
1061,Check-worthy Factual
1062,Non-Factual
1063,Non-Factual
1064,Non-Factual
1065,Check-worthy Factual
1066,Check-worthy Factual
1067,Check-worthy Factual
1068,Check-worthy Factual
1069,Non-Factual
1070,Non-Factual
1071,Non-Factual
1072,Non-Factual
1073,Non-Factual
1074,Non-Factual
1075,Non-Factual
1076,Non-Factual
1077,Non-Factual
1078,Non-Factual
1079,Check-worthy Factual
1080,Non-Factual
1081,Check-worthy Factual
1082,Check-worthy Factual
1083,Non-Factual
1084,Check-worthy Factual
1085,Non-Factual
1086,Unimportant Factual
1087,Check-worthy Factual
1088,Check-worthy Factual
1089,Check-worthy Factual
1090,Check-worthy Factual
1091,Check-worthy Factual
1092,Check-worthy Factual
1093,Non-Factual
1094,Check-worthy Factual
1095,Non-Factual
1096,Check-worthy Factual
1097,Non-Factual
1098,Non-Factual
1099,Non-Factual
1100,Non-Factual
1101,Non-Factual
1102,Check-worthy Factual
1103,Non-Factual
1104,Non-Factual
1105,Non-Factual
1106,Non-Factual
1107,Non-Factual
1108,Check-worthy Factual
1109,Non-Factual
1110,Check-worthy Factual
1111,Check-worthy Factual
1112,Check-worthy Factual
1113,Check-worthy Factual
1114,Check-worthy Factual
1115,Non-Factual
1116,Check-worthy Factual
1117,Check-worthy Factual
1118,Check-worthy Factual
1119,Check-worthy Factual
1120,Check-worthy Factual
1121,Check-worthy Factual
1122,Check-worthy Factual
1123,Check-worthy Factual
1124,Check-worthy Factual
1125,Non-Factual
1126,Check-worthy Factual
1127,Check-worthy Factual
1128,Non-Factual
1129,Non-Factual
1130,Check-worthy Factual
1131,Check-worthy Factual
1132,Check-worthy Factual
1133,Non-Factual
1134,Non-Factual
1135,Non-Factual
1136,Non-Factual
1137,Non-Factual
1138,Non-Factual
1139,Non-Factual
1140,Non-Factual
1141,Non-Factual
1142,Check-worthy Factual
1143,Non-Factual
1144,Non-Factual
1145,Check-worthy Factual
1146,Check-worthy Factual
1147,Non-Factual
1148,Non-Factual
1149,Check-worthy Factual
1150,Check-worthy Factual
1151,Non-Factual
1152,Non-Factual
1153,Check-worthy Factual
1154,Non-Factual
1155,Check-worthy Factual
1156,Check-worthy Factual
1157,Check-worthy Factual
1158,Non-Factual
1159,Non-Factual
1160,Non-Factual
1161,Check-worthy Factual
1162,Check-worthy Factual
1163,Non-Factual
1164,Check-worthy Factual
1165,Check-worthy Factual
1166,Check-worthy Factual
1167,Non-Factual
1168,Check-worthy Factual
1169,Non-Factual
1170,Check-worthy Factual
1171,Check-worthy Factual
1172,Check-worthy Factual
1173,Non-Factual
1174,Check-worthy Factual
1175,Check-worthy Factual
1176,Non-Factual
1177,Non-Factual
1178,Non-Factual
1179,Unimportant Factual
1180,Check-worthy Factual
1181,Check-worthy Factual
1182,Non-Factual
1183,Check-worthy Factual
1184,Check-worthy Factual
1185,Check-worthy Factual
1186,Check-worthy Factual
1187,Check-worthy Factual
1188,Check-worthy Factual
1189,Non-Factual
1190,Check-worthy Factual
1191,Check-worthy Factual
1192,Non-Factual
1193,Check-worthy Factual
1194,Non-Factual
1195,Check-worthy Factual
1196,Non-Factual
1197,Non-Factual
1198,Non-Factual
1199,Check-worthy Factual
1200,Non-Factual
1201,Non-Factual
1202,Check-worthy Factual
1203,Check-worthy Factual
1204,Check-worthy Factual
1205,Check-worthy Factual
1206,Check-worthy Factual
1207,Check-worthy Factual
1208,Check-worthy Factual
1209,Non-Factual
1210,Check-worthy Factual
1211,Check-worthy Factual
1212,Check-worthy Factual
1213,Non-Factual
1214,Check-worthy Factual
1215,Check-worthy Factual
1216,Check-worthy Factual
1217,Non-Factual
1218,Check-worthy Factual
1219,Check-worthy Factual
1220,Non-Factual
1221,Check-worthy Factual
1222,Non-Factual
1223,Non-Factual
1224,Check-worthy Factual
1225,Non-Factual
1226,Non-Factual
1227,Non-Factual
1228,Check-worthy Factual
1229,Check-worthy Factual
1230,Non-Factual
1231,Non-Factual
1232,Check-worthy Factual
1233,Check-worthy Factual
1234,Non-Factual
1235,Non-Factual
1236,Non-Factual
1237,Check-worthy Factual
1238,Non-Factual
1239,Non-Factual
1240,Non-Factual
1241,Non-Factual
1242,Non-Factual
1243,Non-Factual
1244,Check-worthy Factual
1245,Non-Factual
1246,Non-Factual
1247,Check-worthy Factual
1248,Check-worthy Factual
1249,Non-Factual
1250,Non-Factual
1251,Non-Factual
1252,Non-Factual
1253,Non-Factual
1254,Non-Factual
1255,Non-Factual
1256,Non-Factual
1257,Check-worthy Factual
1258,Check-worthy Factual
1259,Check-worthy Factual
1260,Non-Factual
1261,Check-worthy Factual
1262,Non-Factual
1263,Non-Factual
1264,Non-Factual
1265,Non-Factual
1266,Check-worthy Factual
1267,Check-worthy Factual
1268,Non-Factual
1269,Check-worthy Factual
1270,Non-Factual
1271,Check-worthy Factual
1272,Non-Factual
1273,Check-worthy Factual
1274,Check-worthy Factual
1275,Non-Factual
1276,Non-Factual
1277,Non-Factual
1278,Non-Factual
1279,Check-worthy Factual
1280,Check-worthy Factual
1281,Check-worthy Factual
1282,Check-worthy Factual
1283,Check-worthy Factual
1284,Non-Factual
1285,Check-worthy Factual
1286,Non-Factual
1287,Check-worthy Factual
1288,Non-Factual
1289,Check-worthy Factual
1290,Non-Factual
1291,Non-Factual
1292,Check-worthy Factual
1293,Non-Factual
1294,Non-Factual
1295,Non-Factual
1296,Unimportant Factual
1297,Check-worthy Factual
1298,Non-Factual
1299,Non-Factual
1300,Non-Factual
1301,Check-worthy Factual
1302,Check-worthy Factual
1303,Non-Factual
1304,Check-worthy Factual
1305,Check-worthy Factual
1306,Check-worthy Factual
1307,Non-Factual
1308,Non-Factual
1309,Check-worthy Factual
1310,Check-worthy Factual
1311,Non-Factual
1312,Non-Factual
1313,Check-worthy Factual
1314,Check-worthy Factual
1315,Check-worthy Factual
1316,Check-worthy Factual
1317,Check-worthy Factual
1318,Check-worthy Factual
1319,Check-worthy Factual
1320,Check-worthy Factual
1321,Non-Factual
1322,Non-Factual
1323,Non-Factual
1324,Check-worthy Factual
1325,Check-worthy Factual
1326,Non-Factual
1327,Check-worthy Factual
1328,Check-worthy Factual
1329,Non-Factual
1330,Non-Factual
1331,Non-Factual
1332,Non-Factual
1333,Non-Factual
1334,Check-worthy Factual
1335,Non-Factual
1336,Check-worthy Factual
1337,Non-Factual
1338,Non-Factual
1339,Non-Factual
1340,Check-worthy Factual
1341,Check-worthy Factual
1342,Check-worthy Factual
1343,Non-Factual
1344,Non-Factual
1345,Non-Factual
1346,Non-Factual
1347,Non-Factual
1348,Check-worthy Factual
1349,Non-Factual
1350,Non-Factual
1351,Check-worthy Factual
1352,Non-Factual
1353,Non-Factual
1354,Non-Factual
1355,Non-Factual
1356,Check-worthy Factual
1357,Check-worthy Factual
1358,Check-worthy Factual
1359,Non-Factual
1360,Check-worthy Factual
1361,Check-worthy Factual
1362,Non-Factual
1363,Non-Factual
1364,Non-Factual
1365,Check-worthy Factual
1366,Check-worthy Factual
1367,Non-Factual
1368,Check-worthy Factual
1369,Non-Factual
1370,Non-Factual
1371,Non-Factual
1372,Check-worthy Factual
1373,Check-worthy Factual
1374,Check-worthy Factual
1375,Non-Factual
1376,Non-Factual
1377,Non-Factual
1378,Non-Factual
1379,Check-worthy Factual
1380,Check-worthy Factual
1381,Check-worthy Factual
1382,Non-Factual
1383,Check-worthy Factual
1384,Check-worthy Factual
1385,Non-Factual
1386,Non-Factual
1387,Check-worthy Factual
1388,Check-worthy Factual
1389,Non-Factual
1390,Non-Factual
1391,Check-worthy Factual
1392,Check-worthy Factual
1393,Check-worthy Factual
1394,Check-worthy Factual
1395,Check-worthy Factual
1396,Non-Factual
1397,Check-worthy Factual
1398,Check-worthy Factual
1399,Check-worthy Factual
1400,Non-Factual
1401,Check-worthy Factual
1402,Non-Factual
1403,Check-worthy Factual
1404,Non-Factual
1405,Non-Factual
1406,Non-Factual
1407,Check-worthy Factual
1408,Check-worthy Factual
1409,Non-Factual
1410,Check-worthy Factual
1411,Check-worthy Factual
1412,Check-worthy Factual
1413,Non-Factual
1414,Non-Factual
1415,Check-worthy Factual
1416,Check-worthy Factual
1417,Check-worthy Factual
1418,Check-worthy Factual
1419,Non-Factual
1420,Non-Factual
1421,Non-Factual
1422,Check-worthy Factual
1423,Non-Factual
1424,Check-worthy Factual
1425,Check-worthy Factual
1426,Check-worthy Factual
1427,Non-Factual
1428,Non-Factual
1429,Non-Factual
1430,Non-Factual
1431,Non-Factual
1432,Non-Factual
1433,Non-Factual
1434,Non-Factual
1435,Non-Factual
1436,Check-worthy Factual
1437,Check-worthy Factual
1438,Non-Factual
1439,Non-Factual
1440,Non-Factual
1441,Non-Factual
1442,Check-worthy Factual
1443,Check-worthy Factual
1444,Non-Factual
1445,Non-Factual
1446,Check-worthy Factual
1447,Check-worthy Factual
1448,Check-worthy Factual
1449,Non-Factual
1450,Check-worthy Factual
1451,Non-Factual
1452,Non-Factual
1453,Non-Factual
1454,Non-Factual
1455,Check-worthy Factual
1456,Non-Factual
1457,Check-worthy Factual
1458,Check-worthy Factual
1459,Non-Factual
1460,Non-Factual
1461,Non-Factual
1462,Non-Factual
1463,Non-Factual
1464,Check-worthy Factual
1465,Non-Factual
1466,Unimportant Factual
1467,Non-Factual
1468,Non-Factual
1469,Check-worthy Factual
1470,Check-worthy Factual
1471,Check-worthy Factual
1472,Check-worthy Factual
1473,Non-Factual
1474,Check-worthy Factual
1475,Check-worthy Factual
1476,Check-worthy Factual
1477,Check-worthy Factual
1478,Non-Factual
1479,Non-Factual
1480,Non-Factual
1481,Check-worthy Factual
1482,Non-Factual
1483,Check-worthy Factual
1484,Check-worthy Factual
1485,Check-worthy Factual
1486,Non-Factual
1487,Check-worthy Factual
1488,Check-worthy Factual
1489,Check-worthy Factual
1490,Unimportant Factual
1491,Check-worthy Factual
1492,Non-Factual
1493,Check-worthy Factual
1494,Check-worthy Factual
1495,Non-Factual
1496,Check-worthy Factual
1497,Check-worthy Factual
1498,Check-worthy Factual
1499,Check-worthy Factual
1500,Non-Factual
1501,Unimportant Factual
1502,Check-worthy Factual
1503,Check-worthy Factual
1504,Check-worthy Factual
1505,Non-Factual
1506,Non-Factual
1507,Non-Factual
1508,Check-worthy Factual
1509,Check-worthy Factual
1510,Non-Factual
1511,Non-Factual
1512,Non-Factual
1513,Non-Factual
1514,Non-Factual
1515,Non-Factual
1516,Non-Factual
1517,Non-Factual
1518,Non-Factual
1519,Non-Factual
1520,Non-Factual
1521,Check-worthy Factual
1522,Check-worthy Factual
1523,Check-worthy Factual
1524,Non-Factual
1525,Non-Factual
1526,Non-Factual
1527,Check-worthy Factual
1528,Check-worthy Factual
1529,Check-worthy Factual
1530,Check-worthy Factual
1531,Non-Factual
1532,Check-worthy Factual
1533,Check-worthy Factual
1534,Check-worthy Factual
1535,Check-worthy Factual
1536,Non-Factual
1537,Check-worthy Factual
1538,Check-worthy Factual
1539,Non-Factual
1540,Check-worthy Factual
1541,Check-worthy Factual
1542,Check-worthy Factual
1543,Check-worthy Factual
1544,Check-worthy Factual
1545,Check-worthy Factual
1546,Check-worthy Factual
1547,Non-Factual
1548,Non-Factual
1549,Non-Factual
1550,Check-worthy Factual
1551,Non-Factual
1552,Non-Factual
1553,Check-worthy Factual
1554,Non-Factual
1555,Check-worthy Factual
1556,Unimportant Factual
1557,Check-worthy Factual
1558,Non-Factual
1559,Non-Factual
1560,Non-Factual
1561,Non-Factual
1562,Check-worthy Factual
1563,Check-worthy Factual
1564,Check-worthy Factual
1565,Check-worthy Factual
1566,Non-Factual
1567,Non-Factual
1568,Non-Factual
1569,Non-Factual
1570,Check-worthy Factual
1571,Check-worthy Factual
1572,Non-Factual
1573,Check-worthy Factual
1574,Check-worthy Factual
1575,Non-Factual
1576,Check-worthy Factual
1577,Check-worthy Factual
1578,Check-worthy Factual
1579,Non-Factual
1580,Non-Factual
1581,Non-Factual
1582,Non-Factual
1583,Non-Factual
1584,Check-worthy Factual
1585,Check-worthy Factual
1586,Non-Factual
1587,Check-worthy Factual
1588,Unimportant Factual
1589,Non-Factual
1590,Unimportant Factual
1591,Unimportant Factual
1592,Check-worthy Factual
1593,Non-Factual
1594,Check-worthy Factual
1595,Check-worthy Factual
1596,Check-worthy Factual
1597,Non-Factual
1598,Check-worthy Factual
1599,Check-worthy Factual
1600,Check-worthy Factual
1601,Non-Factual
1602,Check-worthy Factual
1603,Check-worthy Factual
1604,Non-Factual
1605,Non-Factual
1606,Non-Factual
1607,Non-Factual
1608,Non-Factual
1609,Non-Factual
1610,Non-Factual
1611,Non-Factual
1612,Non-Factual
1613,Non-Factual
1614,Non-Factual
1615,Non-Factual
1616,Non-Factual
1617,Non-Factual
1618,Non-Factual
1619,Non-Factual
1620,Non-Factual
1621,Non-Factual
1622,Non-Factual
1623,Check-worthy Factual
1624,Check-worthy Factual
1625,Non-Factual
1626,Check-worthy Factual
1627,Non-Factual
1628,Check-worthy Factual
1629,Check-worthy Factual
1630,Non-Factual
1631,Non-Factual
1632,Non-Factual
1633,Non-Factual
1634,Non-Factual
1635,Non-Factual
1636,Check-worthy Factual
1637,Unimportant Factual
1638,Non-Factual
1639,Check-worthy Factual
1640,Non-Factual
1641,Non-Factual
1642,Check-worthy Factual
1643,Check-worthy Factual
1644,Non-Factual
1645,Check-worthy Factual
1646,Non-Factual
1647,Non-Factual
1648,Non-Factual
1649,Check-worthy Factual
1650,Non-Factual
1651,Non-Factual
1652,Check-worthy Factual
1653,Check-worthy Factual
1654,Non-Factual
1655,Non-Factual
1656,Non-Factual
1657,Non-Factual
1658,Check-worthy Factual
1659,Non-Factual
1660,Non-Factual
1661,Non-Factual
1662,Non-Factual
1663,Check-worthy Factual
1664,Check-worthy Factual
1665,Unimportant Factual
1666,Check-worthy Factual
1667,Check-worthy Factual
1668,Check-worthy Factual
1669,Non-Factual
1670,Check-worthy Factual
1671,Non-Factual
1672,Non-Factual
1673,Non-Factual
1674,Non-Factual
1675,Non-Factual
1676,Non-Factual
1677,Non-Factual
1678,Non-Factual
1679,Non-Factual
1680,Check-worthy Factual
1681,Non-Factual
1682,Check-worthy Factual
1683,Check-worthy Factual
1684,Check-worthy Factual
1685,Check-worthy Factual
1686,Non-Factual
1687,Check-worthy Factual
1688,Check-worthy Factual
1689,Check-worthy Factual
1690,Non-Factual
1691,Unimportant Factual
1692,Check-worthy Factual
1693,Non-Factual
1694,Non-Factual
1695,Non-Factual
1696,Check-worthy Factual
1697,Non-Factual
1698,Non-Factual
1699,Check-worthy Factual
1700,Check-worthy Factual
1701,Non-Factual
1702,Check-worthy Factual
1703,Check-worthy Factual
1704,Non-Factual
1705,Non-Factual
1706,Non-Factual
1707,Non-Factual
1708,Non-Factual
1709,Non-Factual
1710,Check-worthy Factual
1711,Non-Factual
1712,Check-worthy Factual
1713,Non-Factual
1714,Check-worthy Factual
1715,Check-worthy Factual
1716,Check-worthy Factual
1717,Non-Factual
1718,Non-Factual
1719,Non-Factual
1720,Non-Factual
1721,Non-Factual
1722,Check-worthy Factual
1723,Non-Factual
1724,Non-Factual
1725,Check-worthy Factual
1726,Check-worthy Factual
1727,Check-worthy Factual
1728,Check-worthy Factual
1729,Non-Factual
1730,Non-Factual
1731,Non-Factual
1732,Non-Factual
1733,Check-worthy Factual
1734,Check-worthy Factual
1735,Non-Factual
1736,Check-worthy Factual
1737,Non-Factual
1738,Check-worthy Factual
1739,Non-Factual
1740,Non-Factual
1741,Non-Factual
1742,Check-worthy Factual
1743,Check-worthy Factual
1744,Non-Factual
1745,Non-Factual
1746,Non-Factual
1747,Check-worthy Factual
1748,Check-worthy Factual
1749,Check-worthy Factual
1750,Non-Factual
1751,Check-worthy Factual
1752,Non-Factual
1753,Check-worthy Factual
1754,Check-worthy Factual
1755,Non-Factual
1756,Non-Factual
1757,Non-Factual
1758,Non-Factual
1759,Non-Factual
1760,Non-Factual
1761,Check-worthy Factual
1762,Non-Factual
1763,Non-Factual
1764,Non-Factual
1765,Check-worthy Factual
1766,Check-worthy Factual
1767,Check-worthy Factual
1768,Non-Factual
1769,Non-Factual
1770,Non-Factual
1771,Non-Factual
1772,Non-Factual
1773,Non-Factual
1774,Non-Factual
1775,Non-Factual
1776,Non-Factual
1777,Non-Factual
1778,Check-worthy Factual
1779,Non-Factual
1780,Non-Factual
1781,Non-Factual
1782,Unimportant Factual
1783,Check-worthy Factual
1784,Non-Factual
1785,Non-Factual
1786,Check-worthy Factual
1787,Non-Factual
1788,Check-worthy Factual
1789,Check-worthy Factual
1790,Non-Factual
1791,Unimportant Factual
1792,Non-Factual
1793,Non-Factual
1794,Check-worthy Factual
1795,Non-Factual
1796,Non-Factual
1797,Non-Factual
1798,Non-Factual
1799,Unimportant Factual
1800,Non-Factual
1801,Non-Factual
1802,Non-Factual
1803,Non-Factual
1804,Non-Factual
1805,Non-Factual
1806,Non-Factual
1807,Non-Factual
1808,Non-Factual
1809,Non-Factual
1810,Non-Factual
1811,Unimportant Factual
1812,Non-Factual
1813,Non-Factual
1814,Non-Factual
1815,Check-worthy Factual
1816,Check-worthy Factual
1817,Non-Factual
1818,Check-worthy Factual
1819,Check-worthy Factual
1820,Check-worthy Factual
1821,Check-worthy Factual
1822,Non-Factual
1823,Non-Factual
1824,Non-Factual
1825,Check-worthy Factual
1826,Check-worthy Factual
1827,Check-worthy Factual
1828,Check-worthy Factual
1829,Check-worthy Factual
1830,Check-worthy Factual
1831,Check-worthy Factual
1832,Non-Factual
1833,Non-Factual
1834,Non-Factual
1835,Non-Factual
1836,Non-Factual
1837,Check-worthy Factual
1838,Check-worthy Factual
1839,Non-Factual
1840,Non-Factual
1841,Check-worthy Factual
1842,Non-Factual
1843,Check-worthy Factual
1844,Non-Factual
1845,Non-Factual
1846,Non-Factual
1847,Check-worthy Factual
1848,Non-Factual
1849,Check-worthy Factual
1850,Non-Factual
1851,Check-worthy Factual
1852,Non-Factual
1853,Check-worthy Factual
1854,Check-worthy Factual
1855,Non-Factual
1856,Check-worthy Factual
1857,Check-worthy Factual
1858,Check-worthy Factual
1859,Check-worthy Factual
1860,Non-Factual
1861,Check-worthy Factual
1862,Check-worthy Factual
1863,Check-worthy Factual
1864,Check-worthy Factual
1865,Non-Factual
1866,Non-Factual
1867,Non-Factual
1868,Non-Factual
1869,Unimportant Factual
1870,Non-Factual
1871,Check-worthy Factual
1872,Non-Factual
1873,Non-Factual
1874,Check-worthy Factual
1875,Non-Factual
1876,Check-worthy Factual
1877,Non-Factual
1878,Check-worthy Factual
1879,Check-worthy Factual
1880,Non-Factual
1881,Check-worthy Factual
1882,Non-Factual
1883,Check-worthy Factual
1884,Non-Factual
1885,Check-worthy Factual
1886,Check-worthy Factual
1887,Non-Factual
1888,Check-worthy Factual
1889,Non-Factual
1890,Check-worthy Factual
1891,Non-Factual
1892,Check-worthy Factual
1893,Non-Factual
1894,Check-worthy Factual
1895,Check-worthy Factual
1896,Check-worthy Factual
1897,Check-worthy Factual
1898,Check-worthy Factual
1899,Non-Factual
1900,Check-worthy Factual
1901,Non-Factual
1902,Non-Factual
1903,Non-Factual
1904,Check-worthy Factual
1905,Check-worthy Factual
1906,Non-Factual
1907,Non-Factual
1908,Non-Factual
1909,Non-Factual
1910,Non-Factual
1911,Check-worthy Factual
1912,Check-worthy Factual
1913,Check-worthy Factual
1914,Non-Factual
1915,Non-Factual
1916,Non-Factual
1917,Check-worthy Factual
1918,Non-Factual
1919,Non-Factual
1920,Check-worthy Factual
1921,Check-worthy Factual
1922,Check-worthy Factual
1923,Check-worthy Factual
1924,Check-worthy Factual
1925,Non-Factual
1926,Check-worthy Factual
1927,Check-worthy Factual
1928,Check-worthy Factual
1929,Check-worthy Factual
1930,Non-Factual
1931,Non-Factual
1932,Non-Factual
1933,Non-Factual
1934,Check-worthy Factual
1935,Check-worthy Factual
1936,Check-worthy Factual
1937,Non-Factual
1938,Non-Factual
1939,Check-worthy Factual
1940,Check-worthy Factual
1941,Check-worthy Factual
1942,Non-Factual
1943,Non-Factual
1944,Check-worthy Factual
1945,Check-worthy Factual
1946,Check-worthy Factual
1947,Check-worthy Factual
1948,Check-worthy Factual
1949,Non-Factual
1950,Non-Factual
1951,Check-worthy Factual
1952,Non-Factual
1953,Check-worthy Factual
1954,Unimportant Factual
1955,Non-Factual
1956,Check-worthy Factual
1957,Non-Factual
1958,Non-Factual
1959,Check-worthy Factual
1960,Non-Factual
1961,Non-Factual
1962,Non-Factual
1963,Check-worthy Factual
1964,Check-worthy Factual
1965,Check-worthy Factual
1966,Non-Factual
1967,Check-worthy Factual
1968,Non-Factual
1969,Non-Factual
1970,Check-worthy Factual
1971,Check-worthy Factual
1972,Non-Factual
1973,Non-Factual
1974,Non-Factual
1975,Non-Factual
1976,Non-Factual
1977,Check-worthy Factual
1978,Non-Factual
1979,Check-worthy Factual
1980,Non-Factual
1981,Check-worthy Factual
1982,Non-Factual
1983,Non-Factual
1984,Non-Factual
1985,Non-Factual
1986,Non-Factual
1987,Non-Factual
1988,Check-worthy Factual
1989,Non-Factual
1990,Non-Factual
1991,Non-Factual
1992,Check-worthy Factual
1993,Non-Factual
1994,Non-Factual
1995,Non-Factual
1996,Non-Factual
1997,Non-Factual
1998,Non-Factual
1999,Non-Factual
2000,Non-Factual
2001,Non-Factual
2002,Check-worthy Factual
2003,Check-worthy Factual
2004,Check-worthy Factual
2005,Check-worthy Factual
2006,Check-worthy Factual
2007,Check-worthy Factual
2008,Check-worthy Factual
2009,Check-worthy Factual
2010,Check-worthy Factual
2011,Non-Factual
2012,Check-worthy Factual
2013,Non-Factual
2014,Check-worthy Factual
2015,Check-worthy Factual
2016,Non-Factual
2017,Check-worthy Factual
2018,Check-worthy Factual
2019,Check-worthy Factual
2020,Check-worthy Factual
2021,Check-worthy Factual
2022,Check-worthy Factual
2023,Non-Factual
2024,Check-worthy Factual
2025,Non-Factual
2026,Check-worthy Factual
2027,Check-worthy Factual
2028,Check-worthy Factual
2029,Check-worthy Factual
2030,Non-Factual
2031,Check-worthy Factual
2032,Check-worthy Factual
2033,Check-worthy Factual
2034,Non-Factual
2035,Non-Factual
2036,Check-worthy Factual
2037,Check-worthy Factual
2038,Check-worthy Factual
2039,Non-Factual
2040,Check-worthy Factual
2041,Check-worthy Factual
2042,Check-worthy Factual
2043,Check-worthy Factual
2044,Non-Factual
2045,Non-Factual
2046,Non-Factual
2047,Non-Factual
2048,Non-Factual
2049,Non-Factual
2050,Check-worthy Factual
2051,Check-worthy Factual
2052,Check-worthy Factual
2053,Check-worthy Factual
2054,Check-worthy Factual
2055,Non-Factual
2056,Check-worthy Factual
2057,Check-worthy Factual
2058,Check-worthy Factual
2059,Check-worthy Factual
2060,Non-Factual
2061,Check-worthy Factual
2062,Non-Factual
2063,Check-worthy Factual
2064,Unimportant Factual
2065,Check-worthy Factual
2066,Non-Factual
2067,Non-Factual
2068,Check-worthy Factual
2069,Check-worthy Factual
2070,Non-Factual
2071,Check-worthy Factual
2072,Non-Factual
2073,Unimportant Factual
2074,Non-Factual
2075,Non-Factual
2076,Non-Factual
2077,Check-worthy Factual
2078,Unimportant Factual
2079,Check-worthy Factual
2080,Non-Factual
2081,Check-worthy Factual
2082,Check-worthy Factual
2083,Non-Factual
2084,Check-worthy Factual
2085,Non-Factual
2086,Check-worthy Factual
2087,Non-Factual
2088,Non-Factual
2089,Non-Factual
2090,Non-Factual
2091,Non-Factual
2092,Non-Factual
2093,Non-Factual
2094,Non-Factual
2095,Non-Factual
2096,Non-Factual
2097,Non-Factual
2098,Non-Factual
2099,Non-Factual
2100,Check-worthy Factual
2101,Check-worthy Factual
2102,Check-worthy Factual
2103,Non-Factual
2104,Check-worthy Factual
2105,Non-Factual
2106,Non-Factual
2107,Non-Factual
2108,Check-worthy Factual
2109,Non-Factual
2110,Non-Factual
2111,Non-Factual
2112,Check-worthy Factual
2113,Non-Factual
2114,Non-Factual
2115,Check-worthy Factual
2116,Non-Factual
2117,Non-Factual
2118,Non-Factual
2119,Check-worthy Factual
2120,Non-Factual
2121,Check-worthy Factual
2122,Check-worthy Factual
2123,Check-worthy Factual
2124,Non-Factual
2125,Check-worthy Factual
2126,Non-Factual
2127,Check-worthy Factual
2128,Check-worthy Factual
2129,Unimportant Factual
2130,Check-worthy Factual
2131,Check-worthy Factual
2132,Check-worthy Factual
2133,Check-worthy Factual
2134,Non-Factual
2135,Non-Factual
2136,Non-Factual
2137,Check-worthy Factual
2138,Non-Factual
2139,Check-worthy Factual
2140,Non-Factual
2141,Check-worthy Factual
2142,Non-Factual
2143,Check-worthy Factual
2144,Non-Factual
2145,Non-Factual
2146,Non-Factual
2147,Check-worthy Factual
2148,Non-Factual
2149,Non-Factual
2150,Check-worthy Factual
2151,Check-worthy Factual
2152,Check-worthy Factual
2153,Check-worthy Factual
2154,Non-Factual
2155,Non-Factual
2156,Non-Factual
2157,Check-worthy Factual
2158,Check-worthy Factual
2159,Non-Factual
2160,Non-Factual
2161,Non-Factual
2162,Non-Factual
2163,Check-worthy Factual
2164,Unimportant Factual
2165,Check-worthy Factual
2166,Check-worthy Factual
2167,Check-worthy Factual
2168,Non-Factual
2169,Check-worthy Factual
2170,Non-Factual
2171,Check-worthy Factual
2172,Non-Factual
2173,Check-worthy Factual
2174,Check-worthy Factual
2175,Non-Factual
2176,Non-Factual
2177,Non-Factual
2178,Non-Factual
2179,Non-Factual
2180,Non-Factual
2181,Non-Factual
2182,Non-Factual
2183,Non-Factual
2184,Check-worthy Factual
2185,Non-Factual
2186,Check-worthy Factual
2187,Check-worthy Factual
2188,Check-worthy Factual
2189,Check-worthy Factual
2190,Check-worthy Factual
2191,Non-Factual
2192,Non-Factual
2193,Non-Factual
2194,Check-worthy Factual
2195,Non-Factual
2196,Check-worthy Factual
2197,Non-Factual
2198,Non-Factual
2199,Check-worthy Factual
2200,Non-Factual
2201,Check-worthy Factual
2202,Non-Factual
2203,Non-Factual
2204,Non-Factual
2205,Check-worthy Factual
2206,Non-Factual
2207,Non-Factual
2208,Non-Factual
2209,Check-worthy Factual
2210,Non-Factual
2211,Unimportant Factual
2212,Check-worthy Factual
2213,Check-worthy Factual
2214,Check-worthy Factual
2215,Non-Factual
2216,Check-worthy Factual
2217,Non-Factual
2218,Check-worthy Factual
2219,Non-Factual
2220,Check-worthy Factual
2221,Non-Factual
2222,Check-worthy Factual
2223,Check-worthy Factual
2224,Check-worthy Factual
2225,Non-Factual
2226,Check-worthy Factual
2227,Non-Factual
2228,Non-Factual
2229,Non-Factual
2230,Unimportant Factual
2231,Non-Factual
2232,Check-worthy Factual
2233,Non-Factual
2234,Non-Factual
2235,Non-Factual
2236,Non-Factual
2237,Non-Factual
2238,Non-Factual
2239,Non-Factual
2240,Check-worthy Factual
2241,Check-worthy Factual
2242,Non-Factual
2243,Non-Factual
2244,Non-Factual
2245,Non-Factual
2246,Check-worthy Factual
2247,Non-Factual
2248,Check-worthy Factual
2249,Non-Factual
2250,Non-Factual
2251,Non-Factual
2252,Check-worthy Factual
2253,Check-worthy Factual
2254,Check-worthy Factual
2255,Non-Factual
2256,Non-Factual
2257,Non-Factual
2258,Non-Factual
2259,Non-Factual
2260,Non-Factual
2261,Check-worthy Factual
2262,Non-Factual
2263,Non-Factual
2264,Non-Factual
2265,Check-worthy Factual
2266,Non-Factual
2267,Unimportant Factual
2268,Non-Factual
2269,Check-worthy Factual
2270,Check-worthy Factual
2271,Non-Factual
2272,Non-Factual
2273,Non-Factual
2274,Non-Factual
2275,Non-Factual
2276,Non-Factual
2277,Non-Factual
2278,Non-Factual
2279,Non-Factual
2280,Non-Factual
2281,Non-Factual
2282,Non-Factual
2283,Check-worthy Factual
2284,Check-worthy Factual
2285,Non-Factual
2286,Non-Factual
2287,Check-worthy Factual
2288,Check-worthy Factual
2289,Check-worthy Factual
2290,Non-Factual
2291,Non-Factual
2292,Non-Factual
2293,Non-Factual
2294,Non-Factual
2295,Non-Factual
2296,Non-Factual
2297,Non-Factual
2298,Check-worthy Factual
2299,Non-Factual
2300,Check-worthy Factual
2301,Non-Factual
2302,Check-worthy Factual
2303,Non-Factual
2304,Non-Factual
2305,Check-worthy Factual
2306,Check-worthy Factual
2307,Non-Factual
2308,Unimportant Factual
2309,Non-Factual
2310,Non-Factual
2311,Non-Factual
2312,Non-Factual
2313,Non-Factual
2314,Check-worthy Factual
2315,Check-worthy Factual
2316,Check-worthy Factual
2317,Non-Factual
2318,Check-worthy Factual
2319,Check-worthy Factual
2320,Check-worthy Factual
2321,Non-Factual
2322,Non-Factual
2323,Non-Factual
2324,Non-Factual
2325,Non-Factual
2326,Non-Factual
2327,Check-worthy Factual
2328,Check-worthy Factual
2329,Non-Factual
2330,Non-Factual
2331,Check-worthy Factual
2332,Check-worthy Factual
2333,Check-worthy Factual
2334,Check-worthy Factual
2335,Check-worthy Factual
2336,Non-Factual
2337,Check-worthy Factual
2338,Non-Factual
2339,Non-Factual
2340,Check-worthy Factual
2341,Non-Factual
2342,Check-worthy Factual
2343,Non-Factual
2344,Non-Factual
2345,Check-worthy Factual
2346,Check-worthy Factual
2347,Check-worthy Factual
2348,Check-worthy Factual
2349,Check-worthy Factual
2350,Non-Factual
2351,Non-Factual
2352,Non-Factual
2353,Non-Factual
2354,Check-worthy Factual
2355,Non-Factual
2356,Check-worthy Factual
2357,Check-worthy Factual
2358,Check-worthy Factual
2359,Check-worthy Factual
2360,Check-worthy Factual
2361,Non-Factual
2362,Non-Factual
2363,Non-Factual
2364,Check-worthy Factual
2365,Check-worthy Factual
2366,Check-worthy Factual
2367,Non-Factual
2368,Check-worthy Factual
2369,Non-Factual
2370,Check-worthy Factual
2371,Non-Factual
2372,Check-worthy Factual
2373,Non-Factual
2374,Unimportant Factual
2375,Check-worthy Factual
2376,Non-Factual
2377,Check-worthy Factual
2378,Non-Factual
2379,Check-worthy Factual
2380,Check-worthy Factual
2381,Non-Factual
2382,Check-worthy Factual
2383,Check-worthy Factual
2384,Check-worthy Factual
2385,Non-Factual
2386,Check-worthy Factual
2387,Non-Factual
2388,Non-Factual
2389,Check-worthy Factual
2390,Check-worthy Factual
2391,Non-Factual
2392,Non-Factual
2393,Check-worthy Factual
2394,Check-worthy Factual
2395,Check-worthy Factual
2396,Check-worthy Factual
2397,Non-Factual
2398,Check-worthy Factual
2399,Non-Factual
2400,Non-Factual
2401,Non-Factual
2402,Non-Factual
2403,Non-Factual
2404,Non-Factual
2405,Non-Factual
2406,Non-Factual
2407,Non-Factual
2408,Check-worthy Factual
2409,Non-Factual
2410,Check-worthy Factual
2411,Non-Factual
2412,Check-worthy Factual
2413,Check-worthy Factual
2414,Check-worthy Factual
2415,Non-Factual
2416,Non-Factual
2417,Check-worthy Factual
2418,Check-worthy Factual
2419,Check-worthy Factual
2420,Non-Factual
2421,Check-worthy Factual
2422,Non-Factual
2423,Non-Factual
2424,Non-Factual
2425,Non-Factual
2426,Check-worthy Factual
2427,Non-Factual
2428,Non-Factual
2429,Non-Factual
2430,Non-Factual
2431,Non-Factual
2432,Non-Factual
2433,Non-Factual
2434,Non-Factual
2435,Check-worthy Factual
2436,Non-Factual
2437,Non-Factual
2438,Check-worthy Factual
2439,Non-Factual
2440,Check-worthy Factual
2441,Check-worthy Factual
2442,Unimportant Factual
2443,Check-worthy Factual
2444,Non-Factual
2445,Non-Factual
2446,Non-Factual
2447,Non-Factual
2448,Check-worthy Factual
2449,Non-Factual
2450,Non-Factual
2451,Check-worthy Factual
2452,Non-Factual
2453,Non-Factual
2454,Check-worthy Factual
2455,Non-Factual
2456,Non-Factual
2457,Unimportant Factual
2458,Check-worthy Factual
2459,Check-worthy Factual
2460,Non-Factual
2461,Check-worthy Factual
2462,Non-Factual
2463,Non-Factual
2464,Non-Factual
2465,Non-Factual
2466,Non-Factual
2467,Non-Factual
2468,Non-Factual
2469,Non-Factual
2470,Non-Factual
2471,Non-Factual
2472,Check-worthy Factual
2473,Check-worthy Factual
2474,Non-Factual
2475,Non-Factual
2476,Check-worthy Factual
2477,Non-Factual
2478,Non-Factual
2479,Check-worthy Factual
2480,Non-Factual
2481,Non-Factual
2482,Non-Factual
2483,Check-worthy Factual
2484,Non-Factual
2485,Non-Factual
2486,Non-Factual
2487,Unimportant Factual
2488,Non-Factual
2489,Non-Factual
2490,Non-Factual
2491,Non-Factual
2492,Non-Factual
2493,Non-Factual
2494,Check-worthy Factual
2495,Non-Factual
2496,Non-Factual
2497,Non-Factual
2498,Check-worthy Factual
2499,Non-Factual
2500,Non-Factual
2501,Non-Factual
2502,Non-Factual
2503,Non-Factual
2504,Check-worthy Factual
2505,Unimportant Factual
2506,Check-worthy Factual
2507,Check-worthy Factual
2508,Non-Factual
2509,Non-Factual
2510,Non-Factual
2511,Non-Factual
2512,Non-Factual
2513,Non-Factual
2514,Check-worthy Factual
2515,Check-worthy Factual
2516,Check-worthy Factual
2517,Non-Factual
2518,Check-worthy Factual
2519,Non-Factual
2520,Non-Factual
2521,Non-Factual
2522,Non-Factual
2523,Non-Factual
2524,Non-Factual
2525,Check-worthy Factual
2526,Non-Factual
2527,Non-Factual
2528,Check-worthy Factual
2529,Non-Factual
2530,Non-Factual
2531,Non-Factual
2532,Check-worthy Factual
2533,Non-Factual
2534,Non-Factual
2535,Non-Factual
2536,Non-Factual
2537,Non-Factual
2538,Unimportant Factual
2539,Check-worthy Factual
2540,Check-worthy Factual
2541,Check-worthy Factual
2542,Non-Factual
2543,Check-worthy Factual
2544,Non-Factual
2545,Check-worthy Factual
2546,Check-worthy Factual
2547,Check-worthy Factual
2548,Non-Factual
2549,Check-worthy Factual
2550,Check-worthy Factual
2551,Check-worthy Factual
2552,Check-worthy Factual
2553,Non-Factual
2554,Check-worthy Factual
2555,Non-Factual
2556,Non-Factual
2557,Non-Factual
2558,Non-Factual
2559,Non-Factual
2560,Non-Factual
2561,Non-Factual
2562,Non-Factual
2563,Non-Factual
2564,Check-worthy Factual
2565,Non-Factual
2566,Non-Factual
2567,Non-Factual
2568,Non-Factual
2569,Non-Factual
2570,Non-Factual
2571,Check-worthy Factual
2572,Non-Factual
2573,Non-Factual
2574,Non-Factual
2575,Non-Factual
2576,Check-worthy Factual
2577,Check-worthy Factual
2578,Non-Factual
2579,Check-worthy Factual
2580,Check-worthy Factual
2581,Check-worthy Factual
2582,Check-worthy Factual
2583,Non-Factual
2584,Non-Factual
2585,Non-Factual
2586,Non-Factual
2587,Non-Factual
2588,Non-Factual
2589,Non-Factual
2590,Non-Factual
2591,Non-Factual
2592,Non-Factual
2593,Non-Factual
2594,Non-Factual
2595,Check-worthy Factual
2596,Non-Factual
2597,Check-worthy Factual
2598,Non-Factual
2599,Non-Factual
2600,Non-Factual
2601,Check-worthy Factual
2602,Non-Factual
2603,Check-worthy Factual
2604,Check-worthy Factual
2605,Check-worthy Factual
2606,Check-worthy Factual
2607,Check-worthy Factual
2608,Non-Factual
2609,Non-Factual
2610,Check-worthy Factual
2611,Non-Factual
2612,Non-Factual
2613,Non-Factual
2614,Non-Factual
2615,Check-worthy Factual
2616,Non-Factual
2617,Check-worthy Factual
2618,Check-worthy Factual
2619,Non-Factual
2620,Non-Factual
2621,Check-worthy Factual
2622,Check-worthy Factual
2623,Non-Factual
2624,Check-worthy Factual
2625,Non-Factual
2626,Check-worthy Factual
2627,Check-worthy Factual
2628,Non-Factual
2629,Check-worthy Factual
2630,Non-Factual
2631,Non-Factual
2632,Check-worthy Factual
2633,Check-worthy Factual
2634,Check-worthy Factual
2635,Check-worthy Factual
2636,Non-Factual
2637,Check-worthy Factual
2638,Non-Factual
2639,Check-worthy Factual
2640,Check-worthy Factual
2641,Non-Factual
2642,Non-Factual
2643,Non-Factual
2644,Check-worthy Factual
2645,Check-worthy Factual
2646,Non-Factual
2647,Check-worthy Factual
2648,Check-worthy Factual
2649,Non-Factual
2650,Non-Factual
2651,Check-worthy Factual
2652,Check-worthy Factual
2653,Check-worthy Factual
2654,Non-Factual
2655,Check-worthy Factual
2656,Check-worthy Factual
2657,Non-Factual
2658,Non-Factual
2659,Check-worthy Factual
2660,Non-Factual
2661,Check-worthy Factual
2662,Check-worthy Factual
2663,Check-worthy Factual
2664,Check-worthy Factual
2665,Check-worthy Factual
2666,Non-Factual
2667,Non-Factual
2668,Non-Factual
2669,Non-Factual
2670,Non-Factual
2671,Non-Factual
2672,Check-worthy Factual
2673,Non-Factual
2674,Non-Factual
2675,Non-Factual
2676,Check-worthy Factual
2677,Non-Factual
2678,Check-worthy Factual
2679,Non-Factual
2680,Non-Factual
2681,Check-worthy Factual
2682,Non-Factual
2683,Non-Factual
2684,Check-worthy Factual
2685,Non-Factual
2686,Check-worthy Factual
2687,Non-Factual
2688,Non-Factual
2689,Check-worthy Factual
2690,Non-Factual
2691,Non-Factual
2692,Check-worthy Factual
2693,Non-Factual
2694,Non-Factual
2695,Non-Factual
2696,Non-Factual
2697,Non-Factual
2698,Check-worthy Factual
2699,Non-Factual
2700,Check-worthy Factual
2701,Non-Factual
2702,Non-Factual
2703,Check-worthy Factual
2704,Non-Factual
2705,Non-Factual
2706,Non-Factual
2707,Check-worthy Factual
2708,Check-worthy Factual
2709,Non-Factual
2710,Check-worthy Factual
2711,Non-Factual
2712,Check-worthy Factual
2713,Non-Factual
2714,Non-Factual
2715,Non-Factual
2716,Non-Factual
2717,Check-worthy Factual
2718,Check-worthy Factual
2719,Check-worthy Factual
2720,Non-Factual
2721,Non-Factual
2722,Check-worthy Factual
2723,Check-worthy Factual
2724,Check-worthy Factual
2725,Check-worthy Factual
2726,Check-worthy Factual
2727,Non-Factual
2728,Non-Factual
2729,Non-Factual
2730,Check-worthy Factual
2731,Check-worthy Factual
2732,Check-worthy Factual
2733,Non-Factual
2734,Non-Factual
2735,Check-worthy Factual
2736,Non-Factual
2737,Check-worthy Factual
2738,Check-worthy Factual
2739,Check-worthy Factual
2740,Non-Factual
2741,Non-Factual
2742,Non-Factual
2743,Non-Factual
2744,Non-Factual
2745,Check-worthy Factual
2746,Check-worthy Factual
2747,Non-Factual
2748,Non-Factual
2749,Non-Factual
2750,Non-Factual
2751,Non-Factual
2752,Check-worthy Factual
2753,Non-Factual
2754,Non-Factual
2755,Check-worthy Factual
2756,Check-worthy Factual
2757,Check-worthy Factual
2758,Check-worthy Factual
2759,Non-Factual
2760,Non-Factual
2761,Non-Factual
2762,Non-Factual
2763,Check-worthy Factual
2764,Non-Factual
2765,Check-worthy Factual
2766,Check-worthy Factual
2767,Check-worthy Factual
2768,Check-worthy Factual
2769,Non-Factual
2770,Non-Factual
2771,Check-worthy Factual
2772,Non-Factual
2773,Non-Factual
2774,Non-Factual
2775,Non-Factual
2776,Non-Factual
2777,Non-Factual
2778,Check-worthy Factual
2779,Non-Factual
2780,Non-Factual
2781,Non-Factual
2782,Non-Factual
2783,Non-Factual
2784,Non-Factual
2785,Check-worthy Factual
2786,Non-Factual
2787,Unimportant Factual
2788,Non-Factual
2789,Non-Factual
2790,Non-Factual
2791,Check-worthy Factual
2792,Check-worthy Factual
2793,Non-Factual
2794,Check-worthy Factual
2795,Check-worthy Factual
2796,Unimportant Factual
2797,Non-Factual
2798,Check-worthy Factual
2799,Non-Factual
2800,Non-Factual
2801,Check-worthy Factual
2802,Non-Factual
2803,Non-Factual
2804,Check-worthy Factual
2805,Non-Factual
2806,Check-worthy Factual
2807,Non-Factual
2808,Non-Factual
2809,Non-Factual
2810,Non-Factual
2811,Non-Factual
2812,Non-Factual
2813,Non-Factual
2814,Non-Factual
2815,Non-Factual
2816,Non-Factual
2817,Check-worthy Factual
2818,Non-Factual
2819,Non-Factual
2820,Check-worthy Factual
2821,Non-Factual
2822,Non-Factual
2823,Non-Factual
2824,Unimportant Factual
2825,Non-Factual
2826,Non-Factual
2827,Non-Factual
2828,Non-Factual
2829,Non-Factual
2830,Non-Factual
2831,Unimportant Factual
2832,Non-Factual
2833,Check-worthy Factual
2834,Check-worthy Factual
2835,Non-Factual
2836,Non-Factual
2837,Non-Factual
2838,Non-Factual
2839,Non-Factual
2840,Check-worthy Factual
2841,Check-worthy Factual
2842,Unimportant Factual
2843,Check-worthy Factual
2844,Non-Factual
2845,Non-Factual
2846,Non-Factual
2847,Non-Factual
2848,Check-worthy Factual
2849,Non-Factual
2850,Non-Factual
2851,Non-Factual
2852,Check-worthy Factual
2853,Check-worthy Factual
2854,Check-worthy Factual
2855,Non-Factual
2856,Check-worthy Factual
2857,Check-worthy Factual
2858,Check-worthy Factual
2859,Check-worthy Factual
2860,Non-Factual
2861,Check-worthy Factual
2862,Unimportant Factual
2863,Non-Factual
2864,Check-worthy Factual
2865,Check-worthy Factual
2866,Non-Factual
2867,Non-Factual
2868,Non-Factual
2869,Non-Factual
2870,Check-worthy Factual
2871,Check-worthy Factual
2872,Non-Factual
2873,Non-Factual
2874,Check-worthy Factual
2875,Check-worthy Factual
2876,Non-Factual
2877,Check-worthy Factual
2878,Check-worthy Factual
2879,Non-Factual
2880,Non-Factual
2881,Non-Factual
2882,Check-worthy Factual
2883,Check-worthy Factual
2884,Non-Factual
2885,Check-worthy Factual
2886,Non-Factual
2887,Non-Factual
2888,Check-worthy Factual
2889,Check-worthy Factual
2890,Check-worthy Factual
2891,Check-worthy Factual
2892,Check-worthy Factual
2893,Check-worthy Factual
2894,Non-Factual
2895,Non-Factual
2896,Non-Factual
2897,Non-Factual
2898,Check-worthy Factual
2899,Check-worthy Factual
2900,Non-Factual
2901,Non-Factual
2902,Non-Factual
2903,Non-Factual
2904,Non-Factual
2905,Non-Factual
2906,Non-Factual
2907,Non-Factual
2908,Non-Factual
2909,Check-worthy Factual
2910,Non-Factual
2911,Non-Factual
2912,Non-Factual
2913,Check-worthy Factual
2914,Check-worthy Factual
2915,Non-Factual
2916,Non-Factual
2917,Check-worthy Factual
2918,Non-Factual
2919,Non-Factual
2920,Non-Factual
2921,Non-Factual
2922,Check-worthy Factual
2923,Check-worthy Factual
2924,Unimportant Factual
2925,Check-worthy Factual
2926,Non-Factual
2927,Non-Factual
2928,Non-Factual
2929,Check-worthy Factual
2930,Non-Factual
2931,Check-worthy Factual
2932,Non-Factual
2933,Check-worthy Factual
2934,Non-Factual
2935,Non-Factual
2936,Non-Factual
2937,Non-Factual
2938,Non-Factual
2939,Non-Factual
2940,Check-worthy Factual
2941,Check-worthy Factual
2942,Non-Factual
2943,Check-worthy Factual
2944,Non-Factual
2945,Check-worthy Factual
2946,Non-Factual
2947,Check-worthy Factual
2948,Check-worthy Factual
2949,Check-worthy Factual
2950,Check-worthy Factual
2951,Non-Factual
2952,Non-Factual
2953,Non-Factual
2954,Non-Factual
2955,Non-Factual
2956,Non-Factual
2957,Check-worthy Factual
2958,Non-Factual
2959,Non-Factual
2960,Non-Factual
2961,Non-Factual
2962,Non-Factual
2963,Check-worthy Factual
2964,Non-Factual
2965,Non-Factual
2966,Non-Factual
2967,Check-worthy Factual
2968,Non-Factual
2969,Non-Factual
2970,Non-Factual
2971,Non-Factual
2972,Non-Factual
2973,Non-Factual
2974,Check-worthy Factual
2975,Non-Factual
2976,Non-Factual
2977,Non-Factual
2978,Check-worthy Factual
2979,Non-Factual
2980,Check-worthy Factual
2981,Non-Factual
2982,Non-Factual
2983,Non-Factual
2984,Non-Factual
2985,Unimportant Factual
2986,Non-Factual
2987,Non-Factual
2988,Check-worthy Factual
2989,Non-Factual
2990,Check-worthy Factual
2991,Check-worthy Factual
2992,Non-Factual
2993,Check-worthy Factual
2994,Non-Factual
2995,Non-Factual
2996,Non-Factual
2997,Non-Factual
2998,Non-Factual
2999,Non-Factual
3000,Non-Factual
3001,Check-worthy Factual
3002,Non-Factual
3003,Non-Factual
3004,Non-Factual
3005,Check-worthy Factual
3006,Non-Factual
3007,Unimportant Factual
3008,Non-Factual
3009,Non-Factual
3010,Non-Factual
3011,Non-Factual
3012,Non-Factual
3013,Non-Factual
3014,Non-Factual
3015,Check-worthy Factual
3016,Check-worthy Factual
3017,Non-Factual
3018,Non-Factual
3019,Non-Factual
3020,Check-worthy Factual
3021,Check-worthy Factual
3022,Non-Factual
3023,Check-worthy Factual
3024,Check-worthy Factual
3025,Check-worthy Factual
3026,Check-worthy Factual
3027,Check-worthy Factual
3028,Check-worthy Factual
3029,Check-worthy Factual
3030,Check-worthy Factual
3031,Check-worthy Factual
3032,Check-worthy Factual
3033,Non-Factual
3034,Non-Factual
3035,Check-worthy Factual
3036,Non-Factual
3037,Non-Factual
3038,Non-Factual
3039,Non-Factual
3040,Non-Factual
3041,Check-worthy Factual
3042,Non-Factual
3043,Check-worthy Factual
3044,Check-worthy Factual
3045,Non-Factual
3046,Non-Factual
3047,Non-Factual
3048,Non-Factual
3049,Non-Factual
3050,Non-Factual
3051,Non-Factual
3052,Check-worthy Factual
3053,Unimportant Factual
3054,Non-Factual
3055,Non-Factual
3056,Non-Factual
3057,Check-worthy Factual
3058,Non-Factual
3059,Non-Factual
3060,Non-Factual
3061,Non-Factual
3062,Non-Factual
3063,Non-Factual
3064,Non-Factual
3065,Check-worthy Factual
3066,Check-worthy Factual
3067,Non-Factual
3068,Check-worthy Factual
3069,Check-worthy Factual
3070,Check-worthy Factual
3071,Non-Factual
3072,Non-Factual
3073,Check-worthy Factual
3074,Check-worthy Factual
3075,Check-worthy Factual
3076,Non-Factual
3077,Non-Factual
3078,Check-worthy Factual
3079,Non-Factual
3080,Non-Factual
3081,Non-Factual
3082,Unimportant Factual
3083,Check-worthy Factual
3084,Check-worthy Factual
3085,Non-Factual
3086,Non-Factual
3087,Check-worthy Factual
3088,Check-worthy Factual
3089,Non-Factual
3090,Check-worthy Factual
3091,Non-Factual
3092,Non-Factual
3093,Non-Factual
3094,Non-Factual
3095,Non-Factual
3096,Check-worthy Factual
3097,Check-worthy Factual
3098,Check-worthy Factual
3099,Check-worthy Factual
3100,Non-Factual
3101,Non-Factual
3102,Check-worthy Factual
3103,Non-Factual
3104,Non-Factual
3105,Check-worthy Factual
3106,Non-Factual
3107,Non-Factual
3108,Non-Factual
3109,Non-Factual
3110,Non-Factual
3111,Non-Factual
3112,Non-Factual
3113,Check-worthy Factual
3114,Check-worthy Factual
3115,Check-worthy Factual
3116,Check-worthy Factual
3117,Non-Factual
3118,Non-Factual
3119,Check-worthy Factual
3120,Check-worthy Factual
3121,Check-worthy Factual
3122,Non-Factual
3123,Check-worthy Factual
3124,Check-worthy Factual
3125,Check-worthy Factual
3126,Check-worthy Factual
3127,Non-Factual
3128,Check-worthy Factual
3129,Non-Factual
3130,Check-worthy Factual
3131,Check-worthy Factual
3132,Check-worthy Factual
3133,Non-Factual
3134,Non-Factual
3135,Non-Factual
3136,Non-Factual
3137,Non-Factual
3138,Check-worthy Factual
3139,Check-worthy Factual
3140,Non-Factual
3141,Check-worthy Factual
3142,Check-worthy Factual
3143,Unimportant Factual
3144,Non-Factual
3145,Non-Factual
3146,Non-Factual
3147,Non-Factual
3148,Check-worthy Factual
3149,Non-Factual
3150,Non-Factual
3151,Non-Factual
3152,Non-Factual
3153,Non-Factual
3154,Non-Factual
3155,Non-Factual
3156,Check-worthy Factual
3157,Non-Factual
3158,Check-worthy Factual
3159,Check-worthy Factual
3160,Check-worthy Factual
3161,Non-Factual
3162,Check-worthy Factual
3163,Non-Factual
3164,Non-Factual
3165,Check-worthy Factual
3166,Non-Factual
3167,Non-Factual
3168,Non-Factual
3169,Non-Factual
3170,Non-Factual
3171,Non-Factual
3172,Non-Factual
3173,Non-Factual
3174,Non-Factual
3175,Non-Factual
3176,Check-worthy Factual
3177,Check-worthy Factual
3178,Non-Factual
3179,Check-worthy Factual
3180,Non-Factual
3181,Check-worthy Factual
3182,Non-Factual
3183,Check-worthy Factual
3184,Non-Factual
3185,Check-worthy Factual
3186,Non-Factual
3187,Non-Factual
3188,Non-Factual
3189,Non-Factual
3190,Non-Factual
3191,Non-Factual
3192,Non-Factual
3193,Non-Factual
3194,Non-Factual
3195,Unimportant Factual
3196,Non-Factual
3197,Check-worthy Factual
3198,Non-Factual
3199,Check-worthy Factual
3200,Non-Factual
3201,Non-Factual
3202,Non-Factual
3203,Non-Factual
3204,Check-worthy Factual
3205,Non-Factual
3206,Non-Factual
3207,Non-Factual
3208,Non-Factual
3209,Non-Factual
3210,Non-Factual
3211,Check-worthy Factual
3212,Non-Factual
3213,Non-Factual
3214,Check-worthy Factual
3215,Check-worthy Factual
3216,Check-worthy Factual
3217,Non-Factual
3218,Check-worthy Factual
3219,Non-Factual
3220,Check-worthy Factual
3221,Check-worthy Factual
3222,Non-Factual
3223,Non-Factual
3224,Non-Factual
3225,Non-Factual
3226,Non-Factual
3227,Check-worthy Factual
3228,Non-Factual
3229,Non-Factual
3230,Non-Factual
3231,Non-Factual
3232,Non-Factual
3233,Check-worthy Factual
3234,Non-Factual
3235,Non-Factual
3236,Non-Factual
3237,Non-Factual
3238,Check-worthy Factual
3239,Non-Factual
3240,Non-Factual
3241,Check-worthy Factual
3242,Check-worthy Factual
3243,Non-Factual
3244,Non-Factual
3245,Check-worthy Factual
3246,Check-worthy Factual
3247,Non-Factual
3248,Check-worthy Factual
3249,Check-worthy Factual
3250,Non-Factual
3251,Non-Factual
3252,Check-worthy Factual
3253,Non-Factual
3254,Check-worthy Factual
3255,Non-Factual
3256,Check-worthy Factual
3257,Non-Factual
3258,Non-Factual
3259,Non-Factual
3260,Non-Factual
3261,Non-Factual
3262,Non-Factual
3263,Check-worthy Factual
3264,Check-worthy Factual
3265,Non-Factual
3266,Check-worthy Factual
3267,Non-Factual
3268,Non-Factual
3269,Non-Factual
3270,Non-Factual
3271,Check-worthy Factual
3272,Non-Factual
3273,Non-Factual
3274,Non-Factual
3275,Unimportant Factual
3276,Unimportant Factual
3277,Check-worthy Factual
3278,Non-Factual
3279,Non-Factual
3280,Check-worthy Factual
3281,Check-worthy Factual
3282,Unimportant Factual
3283,Check-worthy Factual
3284,Non-Factual
3285,Non-Factual
3286,Non-Factual
3287,Check-worthy Factual
3288,Non-Factual
3289,Non-Factual
3290,Non-Factual
3291,Non-Factual
3292,Non-Factual
3293,Non-Factual
3294,Non-Factual
3295,Non-Factual
3296,Non-Factual
3297,Non-Factual
3298,Non-Factual
3299,Non-Factual
3300,Non-Factual
3301,Non-Factual
3302,Check-worthy Factual
3303,Non-Factual
3304,Non-Factual
3305,Non-Factual
3306,Non-Factual
3307,Non-Factual
3308,Check-worthy Factual
3309,Non-Factual
3310,Non-Factual
3311,Non-Factual
3312,Non-Factual
3313,Non-Factual
3314,Non-Factual
3315,Unimportant Factual
3316,Non-Factual
3317,Check-worthy Factual
3318,Check-worthy Factual
3319,Non-Factual
3320,Non-Factual
3321,Check-worthy Factual
3322,Non-Factual
3323,Check-worthy Factual
3324,Non-Factual
3325,Non-Factual
3326,Check-worthy Factual
3327,Non-Factual
3328,Check-worthy Factual
3329,Check-worthy Factual
3330,Non-Factual
3331,Non-Factual
3332,Non-Factual
3333,Non-Factual
3334,Non-Factual
3335,Non-Factual
3336,Non-Factual
3337,Non-Factual
3338,Non-Factual
3339,Non-Factual
3340,Non-Factual
3341,Non-Factual
3342,Non-Factual
3343,Non-Factual
3344,Non-Factual
3345,Non-Factual
3346,Check-worthy Factual
3347,Non-Factual
3348,Non-Factual
3349,Non-Factual
3350,Non-Factual
3351,Non-Factual
3352,Check-worthy Factual
3353,Check-worthy Factual
3354,Check-worthy Factual
3355,Unimportant Factual
3356,Non-Factual
3357,Non-Factual
3358,Non-Factual
3359,Non-Factual
3360,Non-Factual
3361,Non-Factual
3362,Check-worthy Factual
3363,Non-Factual
3364,Check-worthy Factual
3365,Non-Factual
3366,Non-Factual
3367,Check-worthy Factual
3368,Non-Factual
3369,Non-Factual
3370,Check-worthy Factual
3371,Check-worthy Factual
3372,Check-worthy Factual
3373,Check-worthy Factual
3374,Non-Factual
3375,Check-worthy Factual
3376,Check-worthy Factual
3377,Check-worthy Factual
3378,Non-Factual
3379,Non-Factual
3380,Check-worthy Factual
3381,Check-worthy Factual
3382,Check-worthy Factual
3383,Check-worthy Factual
3384,Check-worthy Factual
3385,Non-Factual
3386,Check-worthy Factual
3387,Non-Factual
3388,Check-worthy Factual
3389,Check-worthy Factual
3390,Non-Factual
3391,Check-worthy Factual
3392,Non-Factual
3393,Non-Factual
3394,Check-worthy Factual
3395,Check-worthy Factual
3396,Check-worthy Factual
3397,Check-worthy Factual
3398,Non-Factual
3399,Non-Factual
3400,Check-worthy Factual
3401,Check-worthy Factual
3402,Unimportant Factual
3403,Check-worthy Factual
3404,Check-worthy Factual
3405,Check-worthy Factual
3406,Check-worthy Factual
3407,Non-Factual
3408,Check-worthy Factual
3409,Non-Factual
3410,Check-worthy Factual
3411,Non-Factual
3412,Check-worthy Factual
3413,Non-Factual
3414,Check-worthy Factual
3415,Check-worthy Factual
3416,Non-Factual
3417,Check-worthy Factual
3418,Check-worthy Factual
3419,Non-Factual
3420,Unimportant Factual
3421,Check-worthy Factual
3422,Check-worthy Factual
3423,Non-Factual
3424,Non-Factual
3425,Non-Factual
3426,Non-Factual
3427,Check-worthy Factual
3428,Non-Factual
3429,Check-worthy Factual
3430,Check-worthy Factual
3431,Check-worthy Factual
3432,Non-Factual
3433,Check-worthy Factual
3434,Non-Factual
3435,Check-worthy Factual
3436,Non-Factual
3437,Non-Factual
3438,Non-Factual
3439,Check-worthy Factual
3440,Non-Factual
3441,Non-Factual
3442,Non-Factual
3443,Non-Factual
3444,Check-worthy Factual
3445,Non-Factual
3446,Non-Factual
3447,Non-Factual
3448,Check-worthy Factual
3449,Non-Factual
3450,Non-Factual
3451,Check-worthy Factual
3452,Non-Factual
3453,Non-Factual
3454,Check-worthy Factual
3455,Non-Factual
3456,Check-worthy Factual
3457,Non-Factual
3458,Non-Factual
3459,Non-Factual
3460,Unimportant Factual
3461,Check-worthy Factual
3462,Unimportant Factual
3463,Non-Factual
3464,Check-worthy Factual
3465,Non-Factual
3466,Check-worthy Factual
3467,Non-Factual
3468,Check-worthy Factual
3469,Non-Factual
3470,Check-worthy Factual
3471,Non-Factual
3472,Non-Factual
3473,Non-Factual
3474,Non-Factual
3475,Non-Factual
3476,Check-worthy Factual
3477,Unimportant Factual
3478,Non-Factual
3479,Check-worthy Factual
3480,Non-Factual
3481,Non-Factual
3482,Non-Factual
3483,Non-Factual
3484,Check-worthy Factual
3485,Check-worthy Factual
3486,Non-Factual
3487,Unimportant Factual
3488,Check-worthy Factual
3489,Unimportant Factual
3490,Non-Factual
3491,Non-Factual
3492,Non-Factual
3493,Non-Factual
3494,Non-Factual
3495,Non-Factual
3496,Non-Factual
3497,Non-Factual
3498,Non-Factual
3499,Check-worthy Factual
3500,Non-Factual
3501,Non-Factual
3502,Non-Factual
3503,Non-Factual
3504,Non-Factual
3505,Non-Factual
3506,Non-Factual
3507,Non-Factual
3508,Check-worthy Factual
3509,Non-Factual
3510,Check-worthy Factual
3511,Check-worthy Factual
3512,Check-worthy Factual
3513,Check-worthy Factual
3514,Non-Factual
3515,Non-Factual
3516,Non-Factual
3517,Check-worthy Factual
3518,Non-Factual
3519,Non-Factual
3520,Non-Factual
3521,Non-Factual
3522,Check-worthy Factual
3523,Non-Factual
3524,Check-worthy Factual
3525,Check-worthy Factual
3526,Non-Factual
3527,Check-worthy Factual
3528,Non-Factual
3529,Non-Factual
3530,Check-worthy Factual
3531,Check-worthy Factual
3532,Check-worthy Factual
3533,Non-Factual
3534,Non-Factual
3535,Check-worthy Factual
3536,Check-worthy Factual
3537,Check-worthy Factual
3538,Non-Factual
3539,Non-Factual
3540,Check-worthy Factual
3541,Check-worthy Factual
3542,Check-worthy Factual
3543,Non-Factual
3544,Check-worthy Factual
3545,Non-Factual
3546,Non-Factual
3547,Check-worthy Factual
3548,Check-worthy Factual
3549,Non-Factual
3550,Non-Factual
3551,Check-worthy Factual
3552,Non-Factual
3553,Non-Factual
3554,Check-worthy Factual
3555,Check-worthy Factual
3556,Check-worthy Factual
3557,Check-worthy Factual
3558,Check-worthy Factual
3559,Non-Factual
3560,Check-worthy Factual
3561,Check-worthy Factual
3562,Non-Factual
3563,Non-Factual
3564,Non-Factual
3565,Non-Factual
3566,Non-Factual
3567,Non-Factual
3568,Non-Factual
3569,Non-Factual
3570,Non-Factual
3571,Non-Factual
3572,Non-Factual
3573,Non-Factual
3574,Non-Factual
3575,Non-Factual
3576,Non-Factual
3577,Non-Factual
3578,Non-Factual
3579,Non-Factual
3580,Non-Factual
3581,Non-Factual
3582,Check-worthy Factual
3583,Non-Factual
3584,Non-Factual
3585,Non-Factual
3586,Check-worthy Factual
3587,Non-Factual
3588,Check-worthy Factual
3589,Non-Factual
3590,Non-Factual
3591,Non-Factual
3592,Check-worthy Factual
3593,Check-worthy Factual
3594,Check-worthy Factual
3595,Check-worthy Factual
3596,Check-worthy Factual
3597,Check-worthy Factual
3598,Non-Factual
3599,Non-Factual
3600,Check-worthy Factual
3601,Check-worthy Factual
3602,Non-Factual
3603,Check-worthy Factual
3604,Check-worthy Factual
3605,Check-worthy Factual
3606,Check-worthy Factual
3607,Check-worthy Factual
3608,Non-Factual
3609,Non-Factual
3610,Non-Factual
3611,Non-Factual
3612,Non-Factual
3613,Non-Factual
3614,Non-Factual
3615,Check-worthy Factual
3616,Non-Factual
3617,Check-worthy Factual
3618,Non-Factual
3619,Non-Factual
3620,Non-Factual
3621,Non-Factual
3622,Check-worthy Factual
3623,Non-Factual
3624,Non-Factual
3625,Non-Factual
3626,Non-Factual
3627,Non-Factual
3628,Check-worthy Factual
3629,Non-Factual
3630,Check-worthy Factual
3631,Check-worthy Factual
3632,Check-worthy Factual
3633,Non-Factual
3634,Non-Factual
3635,Non-Factual
3636,Non-Factual
3637,Non-Factual
3638,Check-worthy Factual
3639,Check-worthy Factual
3640,Check-worthy Factual
3641,Check-worthy Factual
3642,Check-worthy Factual
3643,Check-worthy Factual
3644,Check-worthy Factual
3645,Check-worthy Factual
3646,Non-Factual
3647,Check-worthy Factual
3648,Non-Factual
3649,Non-Factual
3650,Non-Factual
3651,Non-Factual
3652,Check-worthy Factual
3653,Non-Factual
3654,Check-worthy Factual
3655,Non-Factual
3656,Non-Factual
3657,Non-Factual
3658,Non-Factual
3659,Check-worthy Factual
3660,Non-Factual
3661,Check-worthy Factual
3662,Check-worthy Factual
3663,Non-Factual
3664,Check-worthy Factual
3665,Non-Factual
3666,Check-worthy Factual
3667,Check-worthy Factual
3668,Check-worthy Factual
3669,Check-worthy Factual
3670,Check-worthy Factual
3671,Non-Factual
3672,Check-worthy Factual
3673,Check-worthy Factual
3674,Check-worthy Factual
3675,Non-Factual
3676,Unimportant Factual
3677,Non-Factual
3678,Check-worthy Factual
3679,Non-Factual
3680,Check-worthy Factual
3681,Non-Factual
3682,Non-Factual
3683,Non-Factual
3684,Check-worthy Factual
3685,Check-worthy Factual
3686,Non-Factual
3687,Non-Factual
3688,Non-Factual
3689,Non-Factual
3690,Non-Factual
3691,Non-Factual
3692,Non-Factual
3693,Non-Factual
3694,Check-worthy Factual
3695,Check-worthy Factual
3696,Non-Factual
3697,Non-Factual
3698,Check-worthy Factual
3699,Non-Factual
3700,Non-Factual
3701,Check-worthy Factual
3702,Check-worthy Factual
3703,Check-worthy Factual
3704,Non-Factual
3705,Non-Factual
3706,Non-Factual
3707,Non-Factual
3708,Check-worthy Factual
3709,Check-worthy Factual
3710,Check-worthy Factual
3711,Check-worthy Factual
3712,Check-worthy Factual
3713,Check-worthy Factual
3714,Check-worthy Factual
3715,Non-Factual
3716,Non-Factual
3717,Non-Factual
3718,Non-Factual
3719,Non-Factual
3720,Non-Factual
3721,Non-Factual
3722,Check-worthy Factual
3723,Non-Factual
3724,Non-Factual
3725,Non-Factual
3726,Non-Factual
3727,Non-Factual
3728,Non-Factual
3729,Non-Factual
3730,Non-Factual
3731,Non-Factual
3732,Non-Factual
3733,Non-Factual
3734,Non-Factual
3735,Non-Factual
3736,Non-Factual
3737,Non-Factual
3738,Non-Factual
3739,Check-worthy Factual
3740,Non-Factual
3741,Non-Factual
3742,Unimportant Factual
3743,Non-Factual
3744,Non-Factual
3745,Check-worthy Factual
3746,Non-Factual
3747,Unimportant Factual
3748,Check-worthy Factual
3749,Check-worthy Factual
3750,Check-worthy Factual
3751,Check-worthy Factual
3752,Non-Factual
3753,Check-worthy Factual
3754,Non-Factual
3755,Check-worthy Factual
3756,Check-worthy Factual
3757,Unimportant Factual
3758,Check-worthy Factual
3759,Check-worthy Factual
3760,Non-Factual
3761,Check-worthy Factual
3762,Check-worthy Factual
3763,Check-worthy Factual
3764,Non-Factual
3765,Check-worthy Factual
3766,Check-worthy Factual
3767,Check-worthy Factual
3768,Non-Factual
3769,Check-worthy Factual
3770,Unimportant Factual
3771,Non-Factual
3772,Non-Factual
3773,Non-Factual
3774,Non-Factual
3775,Non-Factual
3776,Non-Factual
3777,Non-Factual
3778,Non-Factual
3779,Non-Factual
3780,Check-worthy Factual
3781,Non-Factual
3782,Check-worthy Factual
3783,Non-Factual
3784,Check-worthy Factual
3785,Non-Factual
3786,Non-Factual
3787,Check-worthy Factual
3788,Check-worthy Factual
3789,Check-worthy Factual
3790,Non-Factual
3791,Non-Factual
3792,Check-worthy Factual
3793,Check-worthy Factual
3794,Non-Factual
3795,Non-Factual
3796,Check-worthy Factual
3797,Check-worthy Factual
3798,Check-worthy Factual
3799,Non-Factual
3800,Check-worthy Factual
3801,Check-worthy Factual
3802,Check-worthy Factual
3803,Check-worthy Factual
3804,Check-worthy Factual
3805,Non-Factual
3806,Non-Factual
3807,Non-Factual
3808,Non-Factual
3809,Non-Factual
3810,Check-worthy Factual
3811,Check-worthy Factual
3812,Check-worthy Factual
3813,Check-worthy Factual
3814,Non-Factual
3815,Check-worthy Factual
3816,Check-worthy Factual
3817,Non-Factual
3818,Non-Factual
3819,Non-Factual
3820,Non-Factual
3821,Non-Factual
3822,Non-Factual
3823,Non-Factual
3824,Check-worthy Factual
3825,Non-Factual
3826,Check-worthy Factual
3827,Non-Factual
3828,Non-Factual
3829,Non-Factual
3830,Non-Factual
3831,Check-worthy Factual
3832,Check-worthy Factual
3833,Non-Factual
3834,Non-Factual
3835,Check-worthy Factual
3836,Non-Factual
3837,Non-Factual
3838,Non-Factual
3839,Non-Factual
3840,Non-Factual
3841,Non-Factual
3842,Check-worthy Factual
3843,Non-Factual
3844,Non-Factual
3845,Check-worthy Factual
3846,Non-Factual
3847,Check-worthy Factual
3848,Non-Factual
3849,Non-Factual
3850,Check-worthy Factual
3851,Non-Factual
3852,Check-worthy Factual
3853,Check-worthy Factual
3854,Check-worthy Factual
3855,Check-worthy Factual
3856,Check-worthy Factual
3857,Check-worthy Factual
3858,Check-worthy Factual
3859,Check-worthy Factual
3860,Check-worthy Factual
3861,Check-worthy Factual
3862,Check-worthy Factual
3863,Non-Factual
3864,Check-worthy Factual
3865,Non-Factual
3866,Check-worthy Factual
3867,Non-Factual
3868,Check-worthy Factual
3869,Check-worthy Factual
3870,Non-Factual
3871,Check-worthy Factual
3872,Non-Factual
3873,Non-Factual
3874,Non-Factual
3875,Check-worthy Factual
3876,Non-Factual
3877,Non-Factual
3878,Non-Factual
3879,Non-Factual
3880,Check-worthy Factual
3881,Non-Factual
3882,Check-worthy Factual
3883,Non-Factual
3884,Check-worthy Factual
3885,Check-worthy Factual
3886,Non-Factual
3887,Non-Factual
3888,Check-worthy Factual
3889,Non-Factual
3890,Non-Factual
3891,Non-Factual
3892,Non-Factual
3893,Check-worthy Factual
3894,Non-Factual
3895,Non-Factual
3896,Check-worthy Factual
3897,Non-Factual
3898,Non-Factual
3899,Non-Factual
3900,Check-worthy Factual
3901,Check-worthy Factual
3902,Non-Factual
3903,Non-Factual
3904,Check-worthy Factual
3905,Non-Factual
3906,Non-Factual
3907,Non-Factual
3908,Check-worthy Factual
3909,Check-worthy Factual
3910,Non-Factual
3911,Non-Factual
3912,Non-Factual
3913,Check-worthy Factual
3914,Check-worthy Factual
3915,Unimportant Factual
3916,Non-Factual
3917,Non-Factual
3918,Non-Factual
3919,Check-worthy Factual
3920,Check-worthy Factual
3921,Check-worthy Factual
3922,Unimportant Factual
3923,Check-worthy Factual
3924,Check-worthy Factual
3925,Check-worthy Factual
3926,Check-worthy Factual
3927,Non-Factual
3928,Non-Factual
3929,Check-worthy Factual
3930,Non-Factual
3931,Check-worthy Factual
3932,Unimportant Factual
3933,Non-Factual
3934,Check-worthy Factual
3935,Check-worthy Factual
3936,Non-Factual
3937,Non-Factual
3938,Check-worthy Factual
3939,Non-Factual
3940,Check-worthy Factual
3941,Check-worthy Factual
3942,Non-Factual
3943,Check-worthy Factual
3944,Check-worthy Factual
3945,Non-Factual
3946,Check-worthy Factual
3947,Non-Factual
3948,Check-worthy Factual
3949,Check-worthy Factual
3950,Non-Factual
3951,Non-Factual
3952,Non-Factual
3953,Non-Factual
3954,Check-worthy Factual
3955,Non-Factual
3956,Check-worthy Factual
3957,Non-Factual
3958,Check-worthy Factual
3959,Non-Factual
3960,Non-Factual
3961,Non-Factual
3962,Check-worthy Factual
3963,Non-Factual
3964,Non-Factual
3965,Non-Factual
3966,Check-worthy Factual
3967,Check-worthy Factual
3968,Non-Factual
3969,Check-worthy Factual
3970,Non-Factual
3971,Non-Factual
3972,Non-Factual
3973,Check-worthy Factual
3974,Check-worthy Factual
3975,Non-Factual
3976,Check-worthy Factual
3977,Check-worthy Factual
3978,Non-Factual
3979,Non-Factual
3980,Non-Factual
3981,Non-Factual
3982,Check-worthy Factual
3983,Check-worthy Factual
3984,Non-Factual
3985,Non-Factual
3986,Non-Factual
3987,Non-Factual
3988,Non-Factual
3989,Non-Factual
3990,Non-Factual
3991,Non-Factual
3992,Non-Factual
3993,Non-Factual
3994,Non-Factual
3995,Non-Factual
3996,Non-Factual
3997,Non-Factual
3998,Check-worthy Factual
3999,Non-Factual
4000,Non-Factual
4001,Non-Factual
4002,Non-Factual
4003,Non-Factual
4004,Check-worthy Factual
4005,Check-worthy Factual
4006,Non-Factual
4007,Check-worthy Factual
4008,Check-worthy Factual
4009,Non-Factual
4010,Non-Factual
4011,Non-Factual
4012,Non-Factual
4013,Check-worthy Factual
4014,Check-worthy Factual
4015,Check-worthy Factual
4016,Check-worthy Factual
4017,Check-worthy Factual
4018,Unimportant Factual
4019,Non-Factual
4020,Non-Factual
4021,Non-Factual
4022,Non-Factual
4023,Non-Factual
4024,Non-Factual
4025,Non-Factual
4026,Non-Factual
4027,Check-worthy Factual
4028,Non-Factual
4029,Check-worthy Factual
4030,Non-Factual
4031,Non-Factual
4032,Check-worthy Factual
4033,Non-Factual
4034,Non-Factual
4035,Non-Factual
4036,Non-Factual
4037,Non-Factual
4038,Non-Factual
4039,Non-Factual
4040,Non-Factual
4041,Non-Factual
4042,Non-Factual
4043,Check-worthy Factual
4044,Check-worthy Factual
4045,Non-Factual
4046,Non-Factual
4047,Check-worthy Factual
4048,Non-Factual
4049,Non-Factual
4050,Non-Factual
4051,Check-worthy Factual
4052,Non-Factual
4053,Non-Factual
4054,Non-Factual
4055,Non-Factual
4056,Check-worthy Factual
4057,Non-Factual
4058,Non-Factual
4059,Non-Factual
4060,Non-Factual
4061,Check-worthy Factual
4062,Non-Factual
4063,Check-worthy Factual
4064,Check-worthy Factual
4065,Non-Factual
4066,Non-Factual
4067,Check-worthy Factual
4068,Check-worthy Factual
4069,Check-worthy Factual
4070,Non-Factual
4071,Check-worthy Factual
4072,Non-Factual
4073,Check-worthy Factual
4074,Check-worthy Factual
4075,Check-worthy Factual
4076,Check-worthy Factual
4077,Check-worthy Factual
4078,Check-worthy Factual
4079,Non-Factual
4080,Non-Factual
4081,Check-worthy Factual
4082,Unimportant Factual
4083,Non-Factual
4084,Non-Factual
4085,Non-Factual
4086,Non-Factual
4087,Non-Factual
4088,Non-Factual
4089,Non-Factual
4090,Non-Factual
4091,Non-Factual
4092,Non-Factual
4093,Non-Factual
4094,Non-Factual
4095,Non-Factual
4096,Non-Factual
4097,Non-Factual
4098,Check-worthy Factual
4099,Non-Factual
4100,Non-Factual
4101,Non-Factual
4102,Non-Factual
4103,Check-worthy Factual
4104,Non-Factual
4105,Non-Factual
4106,Non-Factual
4107,Non-Factual
4108,Non-Factual
4109,Check-worthy Factual
4110,Non-Factual
4111,Non-Factual
4112,Non-Factual
4113,Non-Factual
4114,Check-worthy Factual
4115,Check-worthy Factual
4116,Non-Factual
4117,Check-worthy Factual
4118,Non-Factual
4119,Check-worthy Factual
4120,Non-Factual
4121,Non-Factual
4122,Check-worthy Factual
4123,Check-worthy Factual
4124,Check-worthy Factual
4125,Check-worthy Factual
4126,Check-worthy Factual
4127,Check-worthy Factual
4128,Check-worthy Factual
4129,Check-worthy Factual
4130,Check-worthy Factual
4131,Check-worthy Factual
4132,Check-worthy Factual
4133,Check-worthy Factual
4134,Non-Factual
4135,Check-worthy Factual
4136,Non-Factual
4137,Non-Factual
4138,Check-worthy Factual
4139,Non-Factual
4140,Non-Factual
4141,Non-Factual
4142,Non-Factual
4143,Check-worthy Factual
4144,Non-Factual
4145,Non-Factual
4146,Non-Factual
4147,Check-worthy Factual
4148,Non-Factual
4149,Non-Factual
4150,Non-Factual
4151,Non-Factual
4152,Check-worthy Factual
4153,Non-Factual
4154,Non-Factual
4155,Non-Factual
4156,Non-Factual
4157,Non-Factual
4158,Non-Factual
4159,Non-Factual
4160,Non-Factual
4161,Check-worthy Factual
4162,Non-Factual
4163,Non-Factual
4164,Non-Factual
4165,Non-Factual
4166,Non-Factual
4167,Non-Factual
4168,Non-Factual
4169,Non-Factual
4170,Non-Factual
4171,Check-worthy Factual
4172,Check-worthy Factual
4173,Check-worthy Factual
4174,Check-worthy Factual
4175,Check-worthy Factual
4176,Non-Factual
4177,Non-Factual
4178,Non-Factual
4179,Check-worthy Factual
4180,Check-worthy Factual
4181,Check-worthy Factual
4182,Check-worthy Factual
4183,Check-worthy Factual
4184,Check-worthy Factual
4185,Non-Factual
4186,Non-Factual
4187,Non-Factual
4188,Non-Factual
4189,Check-worthy Factual
4190,Non-Factual
4191,Non-Factual
4192,Non-Factual
4193,Non-Factual
4194,Non-Factual
4195,Non-Factual
4196,Non-Factual
4197,Non-Factual
4198,Non-Factual
4199,Non-Factual
4200,Non-Factual
4201,Non-Factual
4202,Non-Factual
4203,Check-worthy Factual
4204,Non-Factual
4205,Non-Factual
4206,Non-Factual
4207,Non-Factual
4208,Non-Factual
4209,Check-worthy Factual
4210,Non-Factual
4211,Non-Factual
4212,Non-Factual
4213,Check-worthy Factual
4214,Non-Factual
4215,Non-Factual
4216,Non-Factual
4217,Non-Factual
4218,Non-Factual
4219,Check-worthy Factual
4220,Non-Factual
4221,Non-Factual
4222,Non-Factual
4223,Non-Factual
4224,Non-Factual
4225,Non-Factual
4226,Check-worthy Factual
4227,Check-worthy Factual
4228,Non-Factual
4229,Non-Factual
4230,Non-Factual
4231,Non-Factual
4232,Non-Factual
4233,Check-worthy Factual
4234,Check-worthy Factual
4235,Non-Factual
4236,Non-Factual
4237,Check-worthy Factual
4238,Check-worthy Factual
4239,Non-Factual
4240,Non-Factual
4241,Non-Factual
4242,Non-Factual
4243,Non-Factual
4244,Non-Factual
4245,Check-worthy Factual
4246,Non-Factual
4247,Check-worthy Factual
4248,Non-Factual
4249,Non-Factual
4250,Non-Factual
4251,Non-Factual
4252,Unimportant Factual
4253,Non-Factual
4254,Non-Factual
4255,Non-Factual
4256,Non-Factual
4257,Non-Factual
4258,Check-worthy Factual
4259,Non-Factual
4260,Non-Factual
4261,Non-Factual
4262,Non-Factual
4263,Non-Factual
4264,Non-Factual
4265,Non-Factual
4266,Check-worthy Factual
4267,Non-Factual
4268,Check-worthy Factual
4269,Non-Factual
4270,Non-Factual
4271,Non-Factual
4272,Non-Factual
4273,Check-worthy Factual
4274,Non-Factual
4275,Non-Factual
4276,Non-Factual
4277,Non-Factual
4278,Non-Factual
4279,Non-Factual
4280,Non-Factual
4281,Non-Factual
4282,Non-Factual
4283,Non-Factual
4284,Non-Factual
4285,Non-Factual
4286,Non-Factual
4287,Non-Factual
4288,Non-Factual
4289,Non-Factual
4290,Non-Factual
4291,Check-worthy Factual
4292,Non-Factual
4293,Check-worthy Factual
4294,Check-worthy Factual
4295,Non-Factual
4296,Non-Factual
4297,Check-worthy Factual
4298,Check-worthy Factual
4299,Check-worthy Factual
4300,Non-Factual
4301,Check-worthy Factual
4302,Non-Factual
4303,Non-Factual
4304,Non-Factual
4305,Non-Factual
4306,Non-Factual
4307,Check-worthy Factual
4308,Non-Factual
4309,Check-worthy Factual
4310,Non-Factual
4311,Non-Factual
4312,Non-Factual
4313,Non-Factual
4314,Non-Factual
4315,Unimportant Factual
4316,Non-Factual
4317,Non-Factual
4318,Non-Factual
4319,Non-Factual
4320,Non-Factual
4321,Non-Factual
4322,Check-worthy Factual
4323,Check-worthy Factual
4324,Non-Factual
4325,Check-worthy Factual
4326,Check-worthy Factual
4327,Check-worthy Factual
4328,Check-worthy Factual
4329,Non-Factual
4330,Check-worthy Factual
4331,Check-worthy Factual
4332,Check-worthy Factual
4333,Non-Factual
4334,Check-worthy Factual
4335,Check-worthy Factual
4336,Check-worthy Factual
4337,Non-Factual
4338,Check-worthy Factual
4339,Check-worthy Factual
4340,Non-Factual
4341,Non-Factual
4342,Check-worthy Factual
4343,Check-worthy Factual
4344,Non-Factual
4345,Check-worthy Factual
4346,Check-worthy Factual
4347,Check-worthy Factual
4348,Check-worthy Factual
4349,Non-Factual
4350,Non-Factual
4351,Check-worthy Factual
4352,Check-worthy Factual
4353,Check-worthy Factual
4354,Non-Factual
4355,Non-Factual
4356,Check-worthy Factual
4357,Check-worthy Factual
4358,Check-worthy Factual
4359,Check-worthy Factual
4360,Non-Factual
4361,Non-Factual
4362,Check-worthy Factual
4363,Non-Factual
4364,Non-Factual
4365,Non-Factual
4366,Check-worthy Factual
4367,Non-Factual
4368,Non-Factual
4369,Non-Factual
4370,Non-Factual
4371,Non-Factual
4372,Non-Factual
4373,Non-Factual
4374,Non-Factual
4375,Non-Factual
4376,Non-Factual
4377,Non-Factual
4378,Non-Factual
4379,Non-Factual
4380,Non-Factual
4381,Non-Factual
4382,Non-Factual
4383,Non-Factual
4384,Non-Factual
4385,Non-Factual
4386,Non-Factual
4387,Non-Factual
4388,Non-Factual
4389,Non-Factual
4390,Non-Factual
4391,Check-worthy Factual
4392,Check-worthy Factual
4393,Check-worthy Factual
4394,Check-worthy Factual
4395,Non-Factual
4396,Check-worthy Factual
4397,Check-worthy Factual
4398,Check-worthy Factual
4399,Check-worthy Factual
4400,Check-worthy Factual
4401,Non-Factual
4402,Check-worthy Factual
4403,Non-Factual
4404,Non-Factual
4405,Non-Factual
4406,Non-Factual
4407,Check-worthy Factual
4408,Non-Factual
4409,Non-Factual
4410,Non-Factual
4411,Check-worthy Factual
4412,Non-Factual
4413,Check-worthy Factual
4414,Check-worthy Factual
4415,Check-worthy Factual
4416,Check-worthy Factual
4417,Check-worthy Factual
4418,Check-worthy Factual
4419,Non-Factual
4420,Non-Factual
4421,Non-Factual
4422,Non-Factual
4423,Non-Factual
4424,Check-worthy Factual
4425,Non-Factual
4426,Check-worthy Factual
4427,Non-Factual
4428,Non-Factual
4429,Check-worthy Factual
4430,Non-Factual
4431,Non-Factual
4432,Check-worthy Factual
4433,Check-worthy Factual
4434,Check-worthy Factual
4435,Non-Factual
4436,Non-Factual
4437,Non-Factual
4438,Non-Factual
4439,Check-worthy Factual
4440,Unimportant Factual
4441,Check-worthy Factual
4442,Non-Factual
4443,Non-Factual
4444,Check-worthy Factual
4445,Check-worthy Factual
4446,Check-worthy Factual
4447,Check-worthy Factual
4448,Non-Factual
4449,Non-Factual
4450,Check-worthy Factual
4451,Check-worthy Factual
4452,Non-Factual
4453,Check-worthy Factual
4454,Non-Factual
4455,Check-worthy Factual
4456,Non-Factual
4457,Check-worthy Factual
4458,Check-worthy Factual
4459,Check-worthy Factual
4460,Check-worthy Factual
4461,Non-Factual
4462,Check-worthy Factual
4463,Non-Factual
4464,Non-Factual
4465,Non-Factual
4466,Non-Factual
4467,Non-Factual
4468,Check-worthy Factual
4469,Non-Factual
4470,Non-Factual
4471,Non-Factual
4472,Non-Factual
4473,Non-Factual
4474,Check-worthy Factual
4475,Non-Factual
4476,Non-Factual
4477,Non-Factual
4478,Non-Factual
4479,Non-Factual
4480,Non-Factual
4481,Check-worthy Factual
4482,Non-Factual
4483,Check-worthy Factual
4484,Non-Factual
4485,Non-Factual
4486,Non-Factual
4487,Non-Factual
4488,Non-Factual
4489,Non-Factual
4490,Non-Factual
4491,Non-Factual
4492,Non-Factual
4493,Non-Factual
4494,Check-worthy Factual
4495,Non-Factual
4496,Non-Factual
4497,Non-Factual
4498,Non-Factual
4499,Check-worthy Factual
4500,Non-Factual
4501,Non-Factual
4502,Non-Factual
4503,Non-Factual
4504,Non-Factual
4505,Non-Factual
4506,Non-Factual
4507,Non-Factual
4508,Non-Factual
4509,Non-Factual
4510,Non-Factual
4511,Non-Factual
4512,Check-worthy Factual
4513,Non-Factual
4514,Check-worthy Factual
4515,Check-worthy Factual
4516,Non-Factual
4517,Non-Factual
4518,Non-Factual
4519,Non-Factual
4520,Non-Factual
4521,Non-Factual
4522,Non-Factual
4523,Non-Factual
4524,Non-Factual
4525,Non-Factual
4526,Non-Factual
4527,Check-worthy Factual
4528,Non-Factual
4529,Check-worthy Factual
4530,Check-worthy Factual
4531,Check-worthy Factual
4532,Non-Factual
4533,Non-Factual
4534,Check-worthy Factual
4535,Check-worthy Factual
4536,Check-worthy Factual
4537,Check-worthy Factual
4538,Check-worthy Factual
4539,Non-Factual
4540,Non-Factual
4541,Non-Factual
4542,Unimportant Factual
4543,Check-worthy Factual
4544,Non-Factual
4545,Check-worthy Factual
4546,Non-Factual
4547,Non-Factual
4548,Non-Factual
4549,Non-Factual
4550,Non-Factual
4551,Check-worthy Factual
4552,Non-Factual
4553,Non-Factual
4554,Check-worthy Factual
4555,Check-worthy Factual
4556,Non-Factual
4557,Non-Factual
4558,Non-Factual
4559,Non-Factual
4560,Non-Factual
4561,Non-Factual
4562,Check-worthy Factual
4563,Non-Factual
4564,Non-Factual
4565,Non-Factual
4566,Non-Factual
4567,Non-Factual
4568,Non-Factual
4569,Non-Factual
4570,Unimportant Factual
4571,Non-Factual
4572,Non-Factual
4573,Non-Factual
4574,Non-Factual
4575,Non-Factual
4576,Check-worthy Factual
4577,Non-Factual
4578,Non-Factual
4579,Non-Factual
4580,Non-Factual
4581,Non-Factual
4582,Check-worthy Factual
4583,Non-Factual
4584,Non-Factual
4585,Non-Factual
4586,Non-Factual
4587,Non-Factual
4588,Check-worthy Factual
4589,Check-worthy Factual
4590,Check-worthy Factual
4591,Non-Factual
4592,Non-Factual
4593,Non-Factual
4594,Non-Factual
4595,Non-Factual
4596,Non-Factual
4597,Non-Factual
4598,Non-Factual
4599,Non-Factual
4600,Check-worthy Factual
4601,Check-worthy Factual
4602,Non-Factual
4603,Check-worthy Factual
4604,Check-worthy Factual
4605,Check-worthy Factual
4606,Non-Factual
4607,Check-worthy Factual
4608,Non-Factual
4609,Non-Factual
4610,Non-Factual
4611,Non-Factual
4612,Check-worthy Factual
4613,Non-Factual
4614,Check-worthy Factual
4615,Non-Factual
4616,Non-Factual
4617,Non-Factual
4618,Check-worthy Factual
4619,Non-Factual
4620,Non-Factual
4621,Non-Factual
4622,Non-Factual
4623,Check-worthy Factual
4624,Non-Factual
4625,Non-Factual
4626,Non-Factual
4627,Check-worthy Factual
4628,Non-Factual
4629,Non-Factual
4630,Check-worthy Factual
4631,Check-worthy Factual
4632,Non-Factual
4633,Non-Factual
4634,Non-Factual
4635,Non-Factual
4636,Check-worthy Factual
4637,Non-Factual
4638,Check-worthy Factual
4639,Non-Factual
4640,Non-Factual
4641,Unimportant Factual
4642,Non-Factual
4643,Non-Factual
4644,Non-Factual
4645,Non-Factual
4646,Check-worthy Factual
4647,Non-Factual
4648,Non-Factual
4649,Non-Factual
4650,Check-worthy Factual
4651,Non-Factual
4652,Non-Factual
4653,Check-worthy Factual
4654,Check-worthy Factual
4655,Check-worthy Factual
4656,Non-Factual
4657,Non-Factual
4658,Non-Factual
4659,Non-Factual
4660,Check-worthy Factual
4661,Check-worthy Factual
4662,Non-Factual
4663,Check-worthy Factual
4664,Check-worthy Factual
4665,Unimportant Factual
4666,Non-Factual
4667,Check-worthy Factual
4668,Non-Factual
4669,Non-Factual
4670,Non-Factual
4671,Non-Factual
4672,Non-Factual
4673,Non-Factual
4674,Non-Factual
4675,Non-Factual
4676,Non-Factual
4677,Non-Factual
4678,Non-Factual
4679,Non-Factual
4680,Non-Factual
4681,Check-worthy Factual
4682,Non-Factual
4683,Non-Factual
4684,Non-Factual
4685,Non-Factual
4686,Non-Factual
4687,Non-Factual
4688,Non-Factual
4689,Check-worthy Factual
4690,Non-Factual
4691,Non-Factual
4692,Non-Factual
4693,Non-Factual
4694,Non-Factual
4695,Check-worthy Factual
4696,Non-Factual
4697,Check-worthy Factual
4698,Check-worthy Factual
4699,Unimportant Factual
4700,Check-worthy Factual
4701,Check-worthy Factual
4702,Check-worthy Factual
4703,Non-Factual
4704,Check-worthy Factual
4705,Check-worthy Factual
4706,Non-Factual
4707,Check-worthy Factual
4708,Non-Factual
4709,Non-Factual
4710,Non-Factual
4711,Non-Factual
4712,Non-Factual
4713,Non-Factual
4714,Check-worthy Factual
4715,Non-Factual
4716,Check-worthy Factual
4717,Non-Factual
4718,Non-Factual
4719,Check-worthy Factual
4720,Check-worthy Factual
4721,Check-worthy Factual
4722,Check-worthy Factual
4723,Non-Factual
4724,Check-worthy Factual
4725,Non-Factual
4726,Non-Factual
4727,Non-Factual
4728,Check-worthy Factual
4729,Non-Factual
4730,Check-worthy Factual
4731,Non-Factual
4732,Check-worthy Factual
4733,Non-Factual
4734,Check-worthy Factual
4735,Check-worthy Factual
4736,Check-worthy Factual
4737,Non-Factual
4738,Non-Factual
4739,Check-worthy Factual
4740,Check-worthy Factual
4741,Check-worthy Factual
4742,Non-Factual
4743,Check-worthy Factual
4744,Non-Factual
4745,Check-worthy Factual
4746,Check-worthy Factual
4747,Non-Factual
4748,Check-worthy Factual
4749,Check-worthy Factual
4750,Non-Factual
4751,Check-worthy Factual
4752,Non-Factual
4753,Check-worthy Factual
4754,Non-Factual
4755,Check-worthy Factual
4756,Non-Factual
4757,Non-Factual
4758,Check-worthy Factual
4759,Unimportant Factual
4760,Check-worthy Factual
4761,Check-worthy Factual
4762,Non-Factual
4763,Non-Factual
4764,Check-worthy Factual
4765,Non-Factual
4766,Non-Factual
4767,Non-Factual
4768,Non-Factual
4769,Non-Factual
4770,Non-Factual
4771,Non-Factual
4772,Non-Factual
4773,Non-Factual
4774,Non-Factual
4775,Check-worthy Factual
4776,Non-Factual
4777,Non-Factual
4778,Non-Factual
4779,Non-Factual
4780,Non-Factual
4781,Non-Factual
4782,Non-Factual
4783,Non-Factual
4784,Non-Factual
4785,Non-Factual
4786,Non-Factual
4787,Check-worthy Factual
4788,Check-worthy Factual
4789,Check-worthy Factual
4790,Non-Factual
4791,Non-Factual
4792,Non-Factual
4793,Check-worthy Factual
4794,Non-Factual
4795,Non-Factual
4796,Non-Factual
4797,Non-Factual
4798,Non-Factual
4799,Non-Factual
4800,Non-Factual
4801,Check-worthy Factual
4802,Check-worthy Factual
4803,Non-Factual
4804,Check-worthy Factual
4805,Non-Factual
4806,Check-worthy Factual
4807,Non-Factual
4808,Check-worthy Factual
4809,Non-Factual
4810,Non-Factual
4811,Check-worthy Factual
4812,Non-Factual
4813,Check-worthy Factual
4814,Non-Factual
4815,Non-Factual
4816,Check-worthy Factual
4817,Check-worthy Factual
4818,Non-Factual
4819,Check-worthy Factual
4820,Check-worthy Factual
4821,Check-worthy Factual
4822,Non-Factual
4823,Unimportant Factual
4824,Non-Factual
4825,Non-Factual
4826,Check-worthy Factual
4827,Non-Factual
4828,Non-Factual
4829,Non-Factual
4830,Non-Factual
4831,Check-worthy Factual
4832,Check-worthy Factual
4833,Non-Factual
4834,Non-Factual
4835,Check-worthy Factual
4836,Non-Factual
4837,Unimportant Factual
4838,Non-Factual
4839,Non-Factual
4840,Non-Factual
4841,Non-Factual
4842,Non-Factual
4843,Non-Factual
4844,Non-Factual
4845,Non-Factual
4846,Non-Factual
4847,Non-Factual
4848,Check-worthy Factual
4849,Non-Factual
4850,Check-worthy Factual
4851,Check-worthy Factual
4852,Non-Factual
4853,Non-Factual
4854,Check-worthy Factual
4855,Unimportant Factual
4856,Non-Factual
4857,Non-Factual
4858,Non-Factual
4859,Non-Factual
4860,Check-worthy Factual
4861,Check-worthy Factual
4862,Check-worthy Factual
4863,Non-Factual
4864,Non-Factual
4865,Non-Factual
4866,Unimportant Factual
4867,Non-Factual
4868,Check-worthy Factual
4869,Non-Factual
4870,Non-Factual
4871,Non-Factual
4872,Non-Factual
4873,Non-Factual
4874,Check-worthy Factual
4875,Non-Factual
4876,Non-Factual
4877,Non-Factual
4878,Check-worthy Factual
4879,Non-Factual
4880,Check-worthy Factual
4881,Non-Factual
4882,Non-Factual
4883,Non-Factual
4884,Check-worthy Factual
4885,Non-Factual
4886,Check-worthy Factual
4887,Non-Factual
4888,Non-Factual
4889,Non-Factual
4890,Non-Factual
4891,Non-Factual
4892,Check-worthy Factual
4893,Non-Factual
4894,Non-Factual
4895,Check-worthy Factual
4896,Check-worthy Factual
4897,Non-Factual
4898,Non-Factual
4899,Non-Factual
4900,Non-Factual
4901,Non-Factual
4902,Non-Factual
4903,Non-Factual
4904,Non-Factual
4905,Check-worthy Factual
4906,Check-worthy Factual
4907,Non-Factual
4908,Non-Factual
4909,Non-Factual
4910,Check-worthy Factual
4911,Non-Factual
4912,Non-Factual
4913,Non-Factual
4914,Non-Factual
4915,Non-Factual
4916,Non-Factual
4917,Non-Factual
4918,Non-Factual
4919,Non-Factual
4920,Check-worthy Factual
4921,Check-worthy Factual
4922,Non-Factual
4923,Check-worthy Factual
4924,Check-worthy Factual
4925,Check-worthy Factual
4926,Check-worthy Factual
4927,Check-worthy Factual
4928,Check-worthy Factual
4929,Check-worthy Factual
4930,Check-worthy Factual
4931,Non-Factual
4932,Check-worthy Factual
4933,Non-Factual
4934,Non-Factual
4935,Non-Factual
4936,Non-Factual
4937,Non-Factual
4938,Non-Factual
4939,Non-Factual
4940,Non-Factual
4941,Non-Factual
4942,Non-Factual
4943,Non-Factual
4944,Non-Factual
4945,Check-worthy Factual
4946,Non-Factual
4947,Non-Factual
4948,Non-Factual
4949,Check-worthy Factual
4950,Check-worthy Factual
4951,Non-Factual
4952,Non-Factual
4953,Check-worthy Factual
4954,Check-worthy Factual
4955,Non-Factual
4956,Check-worthy Factual
4957,Check-worthy Factual
4958,Non-Factual
4959,Check-worthy Factual
4960,Non-Factual
4961,Check-worthy Factual
4962,Non-Factual
4963,Non-Factual
4964,Non-Factual
4965,Check-worthy Factual
4966,Non-Factual
4967,Non-Factual
4968,Non-Factual
4969,Check-worthy Factual
4970,Check-worthy Factual
4971,Non-Factual
4972,Check-worthy Factual
4973,Check-worthy Factual
4974,Non-Factual
4975,Non-Factual
4976,Non-Factual
4977,Non-Factual
4978,Non-Factual
4979,Non-Factual
4980,Unimportant Factual
4981,Non-Factual
4982,Non-Factual
4983,Non-Factual
4984,Check-worthy Factual
4985,Check-worthy Factual
4986,Non-Factual
4987,Non-Factual
4988,Non-Factual
4989,Check-worthy Factual
4990,Non-Factual
4991,Non-Factual
4992,Non-Factual
4993,Non-Factual
4994,Non-Factual
4995,Non-Factual
4996,Non-Factual
4997,Non-Factual
4998,Non-Factual
4999,Non-Factual
5000,Non-Factual
5001,Check-worthy Factual
5002,Check-worthy Factual
