file_id,idx,text_ed,IS,weak,concat,concat_hate,premise0_cw_annA_platinum,premise1_cw_annA_platinum,premise2_cw_annA_platinum,premise3_cw_annA_platinum,premise4_cw_annA_platinum,premise5_cw_annA_platinum,conclusion_cw_annA_platinum,premise0_cw_annB_platinum,premise1_cw_annB_platinum,premise2_cw_annB_platinum,premise3_cw_annB_platinum,premise4_cw_annB_platinum,premise5_cw_annB_platinum,conclusion_cw_annB_platinum,premise0_cw_annC_platinum,premise1_cw_annC_platinum,premise2_cw_annC_platinum,premise3_cw_annC_platinum,premise4_cw_annC_platinum,premise5_cw_annC_platinum,conclusion_cw_annC_platinum,premise0_cw_platinum,premise1_cw_platinum,premise2_cw_platinum,premise3_cw_platinum,premise4_cw_platinum,premise5_cw_platinum,conclusion_cw_platinum,premise0_needed_judge_platinum,premise1_needed_judge_platinum,premise2_needed_judge_platinum,premise3_needed_judge_platinum,premise4_needed_judge_platinum,premise5_needed_judge_platinum,conclusion_needed_judge_platinum
30679934_1,0,"the kind of perversion that leads to homosexuality also leads to pedophilia. why take the risk , and even if the homosexuals turned out not to be pedophiles why would anyone want a child to live with two perverts .",gay men are perverts.,premise0,"The kind of perversion that leads to homosexuality also leads to pedophilia. Gay men may turn out to be pedophiles. Therefore, It is not worth taking the risk of allowing homosexuals to raise children.",1,CFS,CFS,,,,,CFS,CFS,CFS,,,,,NFS,CFS,CFS,,,,,CFS,CFS,CFS,,,,,CFS,0.0,0.0,,,,,0.0
13470210_2,1,The Jews say they are The Chosen Ones The Blacks say they are the original Hebrews Israelites Our worst enemies want to be us and we refuse to accept that we are HIS ! ... and so it goes ..,jewish people are inferior to other groups.,conclusion,"The Jews believe they are The Chosen Ones. The Blacks claim to be the original Hebrews and Israelites. Therefore, Our worst enemies desire to be like us.",1,CFS,CFS,,,,,NFS,UFS,CFS,,,,,UFS,NFS,NFS,,,,,NFS,CFS,CFS,,,,,NFS,1.0,0.0,,,,,0.0
12834493_1,2,"She may or may not be a Jew but she 's certainly stupid , she seems to think the Blacks wo n't kill her alongside every other White they can get their dirty hands on , what a muppet !",jewish folks are stupid.,premise0,"she seems to think the Blacks wo n't kill her alongside every other White they can get their dirty hands on. Therefore, She may or may not be a Jew but she 's certainly stupid.",1,NFS,,,,,,NFS,UFS,,,,,,UFS,NFS,,,,,,NFS,NFS,,,,,,NFS,0.0,,,,,,0.0
13251831_1,3,"I always thought it would be cool if somebody covertly set off a nuke in Kashmir , and then we all could sit back and watch as the Paki 's and Indians nuke the scheiss out of each other .",Indians and Pakis should be killed.,conclusion,"It would be cool if someone secretly detonated a nuclear bomb in Kashmir. Therefore, It would be cool to see the Pakistani and Indian people annihilate each other through a covertly set off nuclear bomb in Kashmir.",1,NFS,,,,,,NFS,NFS,,,,,,NFS,NFS,,,,,,NFS,NFS,,,,,,NFS,0.0,,,,,,0.0
14039975_1,4,"Was walking through tooting broadway in SW London a couple of weeks ago .... was the only white dude around and all I could see was nigs and pakis walking down the street spitting , made me feel ill !",black folks are inferior.,conclusion,"I was the only white person in the area through Tooting Broadway in SW London. Nigs and pakis were walking down the street spitting. Therefore, Seeing them made me feel ill.",1,CFS,UFS,,,,,NFS,UFS,UFS,,,,,NFS,UFS,UFS,,,,,UFS,UFS,UFS,,,,,NFS,0.0,0.0,,,,,0.0
14412365_1,5,"I just refer to them as primates as through THEIR evolution process they are just a little bit higher on the evolutionary chain which makes them all the more dangerous to whites , than any of their animalistic cousins .",black people are animals.,conclusion,"Black people are higher on the evolutionary chain. Black people are like primates. Therefore, Black people are more dangerous to whites than the other primates.",1,UFS,UFS,,,,,CFS,CFS,CFS,,,,,CFS,CFS,CFS,,,,,CFS,CFS,CFS,,,,,CFS,0.0,0.0,,,,,0.0
13855831_1,6,another coon giving out about Ireland and as if her opinion counts being second generation London jamican only means her mother was a filthy immigrant who waited till she got off the banana boat to give birth to her litter,immigrants are dirty.,premise1,"A person that is second generation London Jamaican is giving out about Ireland. This means that her mother was a filthy immigrant who waited till she got off the banana boat to give birth to her litter. Therefore, Her opinion does not count.",1,CFS,NFS,,,,,NFS,UFS,UFS,,,,,NFS,UFS,NFS,,,,,NFS,UFS,NFS,,,,,NFS,0.0,0.0,,,,,0.0
14088263_1,7,"...mating with other mulattos would be ideal , but since there are n't huge numbers of mulatto children compared to those of Whites or blacks I 'd rather see them up with blacks so that White bloodlines stay intact .",black people are inferior to whites.,conclusion,"Mulatto children should mate with other mulattos. There are not many mulatto children compared to those of Whites or blacks. Therefore, I would rather see mulatto children end up with blacks so that White bloodlines stay intact.",1,NFS,UFS,,,,,NFS,NFS,CFS,,,,,NFS,NFS,CFS,,,,,NFS,NFS,CFS,,,,,NFS,0.0,0.0,,,,,0.0
31755241_1,8,if he 's a coke addict - try to find out where he gets the coke from and rat him out .... you will be a hero and can have your own party while all the nigs are behind bars,black folks are criminals.,conclusion,"If he is a coke addict, you should try to find out where he gets the coke from and rat him out. Therefore, Ratting out the coke addict will make you a hero and allow you to have your own party while all the nigs are behind bars.",1,NFS,,,,,,CFS,NFS,,,,,,NFS,NFS,,,,,,NFS,NFS,,,,,,NFS,0.0,,,,,,0.0
13849898_1,9,how the hell are they going to integrate into Irish society ? They come from a dirt poor medieval country and have spent the last 3 years living in a refugee camp.what skills are they going to bring here ?,immigrants are poor and can't learn.,premise2,"They come from a dirt poor medieval country. They have spent the last 3 years living in a refugee camp. What skills are they going to bring here? Therefore, They are not going to integrate into Irish society.",1,CFS,CFS,CFS,,,,CFS,CFS,CFS,NFS,,,,NFS,UFS,CFS,NFS,,,,NFS,CFS,CFS,NFS,,,,NFS,0.0,0.0,0.0,,,,0.0
14406890_1,10,There are things we can do to stop the rapes that occur when blacks and other non whites con white women and girls into getting in cars with them etc For a start teach our women to respect themselves .,people of color are rapists.,premise0,"Black and other non-white individuals are responsible for conning white women and girls into getting in cars with them. There are things we can do to stop the rapes that occur when blacks and other non whites con white women and girls into getting in cars with them etc. Therefore, We should teach our women to respect themselves.",1,CFS,UFS,,,,,NFS,CFS,CFS,,,,,NFS,NFS,NFS,,,,,NFS,CFS,UFS,,,,,NFS,0.0,1.0,,,,,0.0
31754206_1,11,ya my little sister doesnt like little black girls when they try to talk to her she pulls a disgusted face and says why are you black ?? and i laugh and say `` Maggie dont talk to her '',black folks are inferior to whites.,conclusion,"My little sister does not like little black girls. When a little black girl tries to talk to my sister, she pulls a disgusted face. Therefore, I tell my little sister not to talk with black girls.",1,NFS,UFS,,,,,UFS,UFS,UFS,,,,,NFS,UFS,UFS,,,,,UFS,UFS,UFS,,,,,UFS,0.0,0.0,,,,,0.0
30640962_1,12,"``Confrontingthe Girl Who Shot Me In the Face '' -- Dr. Phil - YouTube The female negro is making excuses like its not her fault but we all know its TNB , I feel for that poor white woman",black folks are criminals.,premise1,"The black female perpetrator is making excuses for her actions. We all know the female negro is responsible of the crime. Therefore, I feel for the white woman who is the victim.",1,UFS,UFS,,,,,NFS,UFS,CFS,,,,,NFS,UFS,NFS,,,,,UFS,UFS,CFS,,,,,NFS,0.0,1.0,,,,,0.0
13862375_2,13,Seen some black girl about 6 years old begging on grafton street once and we were coming out of a shop a few mins later when her father pulls up in a decent car. scum. the lot of them .,black folks are scum.,conclusion,"Saw a young girl begging on Grafton Street. The father of the young girl had a decent car. Therefore, Black people are scum.",1,UFS,UFS,,,,,NFS,UFS,UFS,,,,,NFS,UFS,NFS,,,,,NFS,UFS,UFS,,,,,NFS,0.0,0.0,,,,,0.0
31766409_1,14,HIV will do its job. the fags keep searching for a cure but they will never find one because it keeps on changing and mutating. already 60 percent of faggot apes have AIDS and it continues to grow .,gay men have HIV.,conclusion,"60% of faggot apes already have AIDS. The fags (homosexuals) are searching for a cure for HIV. HIV is constantly changing and mutating. Therefore, The fags (homosexuals) will never find a cure for HIV.",1,CFS,CFS,CFS,,,,CFS,CFS,CFS,CFS,,,,NFS,CFS,CFS,CFS,,,,NFS,CFS,CFS,CFS,,,,NFS,0.0,0.0,0.0,,,,0.0
14660756_1,15,"Your both our enemies plain and simple , jews try to destroy us with their immigration and the jew would not be able to get as far as they did if many of them did not look white .",jewish people are trying to destroy the country.,conclusion,"The Jews would not have been able to get as far as they did without looking white. Therefore, The Jews are using their white appearance to further their goal of destroying us through immigration.",1,CFS,,,,,,CFS,NFS,,,,,,CFS,NFS,,,,,,NFS,NFS,,,,,,CFS,0.0,,,,,,0.0
30627161_1,16,"If black monkeys are on my property i call animal control and defend my family and property with whatever means possible , simply talking sense to a monkey and pointing at it will not stop it from misbehaving !",black folks are monkeys.,premise0,"Simply talking sense to a black monkey and pointing at it will not stop it from misbehaving. Therefore, I must use whatever means necessary to stop the black monkeys from misbehaving.",1,NFS,,,,,,NFS,CFS,,,,,,NFS,NFS,,,,,,NFS,NFS,,,,,,NFS,0.0,,,,,,0.0
13269862_1,17,"As soon as i found out she was with child by a mulatto and she 's a wet back too , I suddenly found her to be repulsive and shall never watch anything she is in again .",people of color are repulsive.,conclusion,"This woman has a child by a mulatto and she 's a wet back too. Therefore, I suddenly found this woman to be repulsive and shall never watch anything she is in again.",1,UFS,,,,,,NFS,UFS,,,,,,NFS,UFS,,,,,,UFS,UFS,,,,,,NFS,0.0,,,,,,0.0
14040305_1,18,"Its about time we as a nation take matters into our own hands , over throw the government stop the white genocide deport all immigrants and establish a government to help indigenous white Britons rebuild this country .",immigrants are destroying the country.,conclusion,"White genocide is happening. Therefore, Action needs to be taken to overthrow the government, stop white genocide, deport immigrants, and establish a new government to help indigenous white Britons rebuild the country.",1,CFS,,,,,,NFS,CFS,,,,,,NFS,CFS,,,,,,NFS,CFS,,,,,,NFS,0.0,,,,,,0.0
14071005_1,19,"Like it or not , and I certainly do n't , but Ireland , especially NI is littered with memorials to , and even statues of , red terrorists .",communists are terrorists.,premise0,"Ireland, especially Northern Ireland, is filled with memorials and statues of red terrorists. Therefore, I certainly don't like this fact.",1,CFS,,,,,,NFS,CFS,,,,,,NFS,CFS,,,,,,UFS,CFS,,,,,,NFS,0.0,,,,,,0.0
13465908_1,20,"France has been gone for a long time , we will have to retake it later because there will be no French people in not too long .",immigrants are taking over the country.,premise1,"France has been gone for a long time. There will be no French people in not too long in France. Therefore, We will have to retake France later.",1,CFS,NFS,,,,,NFS,CFS,CFS,,,,,NFS,NFS,CFS,,,,,NFS,CFS,CFS,,,,,NFS,0.0,0.0,,,,,0.0
14412910_1,21,All of this diversity crap needs to stop soon whites will be extinct and I 'm not living in a brown world I want a clean white world,black people are inferior to whites.,premise1,"Soon whites will be extinct.  I 'm not living in a brown world, I want a clean white world. Therefore, All of this diversity crap needs to stop.",1,CFS,NFS,,,,,NFS,CFS,NFS,,,,,NFS,CFS,NFS,,,,,NFS,CFS,NFS,,,,,NFS,0.0,0.0,,,,,0.0
30742787_1,22,I'm not really surprised - now going to college with blacks I can tell you they continue to behave in such a manner even in higher education .,black people behave badly.,premise1,"I'm going to college with blacks. Blacks continue to behave in a certain manner even in higher education. Therefore, I am not surprised by the behavior of blacks in higher education.",1,UFS,CFS,,,,,NFS,UFS,CFS,,,,,NFS,UFS,NFS,,,,,UFS,UFS,CFS,,,,,NFS,0.0,0.0,,,,,0.0
13273318_1,23,I've heard the name before but I too have no idea who she is .. one of the benefits of turning off the Talmudivision and watching very few modern movies,jews are evil.,premise0,"I don't watch the Talmudivision and I watch very few modern movies. Therefore, I have no idea who she is.",1,UFS,,,,,,NFS,UFS,,,,,,NFS,UFS,,,,,,UFS,UFS,,,,,,NFS,0.0,,,,,,0.0
30429635_1,24,When asked how I knew the holocaust was a lie my answer was if it was the truth there would be no laws against saying it was a lie .,jewish folks are liars.,premise0,"If the holocaust was the truth, there would be no laws against saying it was a lie. Therefore, The holocaust is a lie.",1,CFS,,,,,,CFS,CFS,,,,,,CFS,CFS,,,,,,CFS,CFS,,,,,,CFS,0.0,,,,,,0.0
30712850_3,25,"If the Jews are allowed to decide for everyone the correct version of history , I 'm sure they 'll eventually re-write the history around Jesus Christ .",jewish people are greedy.,premise0,"The Jews have the power to decide the correct version of history for everyone. Therefore, The Jews will eventually re-write history around Jesus Christ.",1,CFS,,,,,,CFS,CFS,,,,,,CFS,CFS,,,,,,NFS,CFS,,,,,,CFS,0.0,,,,,,0.0
31757189_1,26,There are many alternatives to adopting little mud babies.There is srrogate mothers and invitro fertilization are just two.If these are not financialy possile then wait till it is .,women are sluts.,conclusion,"There are many alternatives to adopting little mud babies. Surrogate mothers and invitro fertilization are just two. These solutions might not be financially possible. Therefore, You should wait until these alternative solutions are financially possible rather than adopting mud babies.",1,CFS,NFS,,,,,NFS,CFS,CFS,,,,,NFS,CFS,CFS,,,,,NFS,CFS,CFS,,,,,NFS,0.0,0.0,,,,,0.0
14283736_1,27,"To hell with making a stand , i think we should all go to the southwest and go on the offenceive and drive every race down into Mexico .",immigrants are a threat to the country.,conclusion,"We should not limit ourselves to make a stance. Therefore, We should go to the southwest and go on the offensive and drive every race down into Mexico.",1,NFS,,,,,,NFS,NFS,,,,,,NFS,NFS,,,,,,NFS,NFS,,,,,,NFS,0.0,,,,,,0.0
13502514_1,28,Africa is a hole area of natural resources and only made mud huts from it ... what wild life are able to make even better huts ie birds,africans are incompetent.,premise1,"Africa is an area rich in natural resources. The people of Africa only use these resources to make mud huts. Therefore, Birds are able to make better huts than the people of Africa.",1,CFS,CFS,,,,,UFS,CFS,CFS,,,,,UFS,CFS,CFS,,,,,CFS,CFS,CFS,,,,,UFS,0.0,0.0,,,,,0.0
13503418_1,29,"Yes, before age of 10 i never saw an negro in real life , when i moved to Holland i was horrified by the amount of non-whites .",black people are inferior to whites.,conclusion,"Before the age of 10, I had never seen a black person in real life. Therefore, I was horrified by the amount of non-white people after moving to Holland.",1,UFS,,,,,,CFS,UFS,,,,,,CFS,UFS,,,,,,UFS,UFS,,,,,,CFS,0.0,,,,,,0.0
30679927_2,30,"Homosexuals practice a perverse lifestyle that destroys the body , mind , and soul just as drug use does ; merely two paths to the same destructive end .",homosexuals are sef-destructive,premise0,"Homosexuals practice a perverse lifestyle that destroys the body , mind , and soul. Therefore, Homosexuals and drug users are both on a path to a destructive end.",1,CFS,,,,,,NFS,CFS,,,,,,CFS,CFS,,,,,,CFS,CFS,,,,,,CFS,0.0,,,,,,0.0
30691153_1,31,Americans and Irish understand each other better than Spaniards and the beaners .. the US and Ireland are the 1st world so they are educated unlike the beaners .,immigrants are inferior to whites.,premise1,"the US and Ireland are the 1st world so they are educated unlike the beaners . Therefore, Americans and Irish understand each other better than Spaniards and the beaners.",1,CFS,CFS,,,,,CFS,CFS,CFS,,,,,CFS,CFS,CFS,,,,,CFS,CFS,CFS,,,,,CFS,0.0,0.0,,,,,0.0
33677053_1,32,"Why White people used to say that sex was a sin used to be a mystery to me until I saw the children of browns and mixed race children popping up all around me. There, I understood the consequences of interracial relationships.",black people are inferior to whites.,premise1,"White people used to say that sex was a sin. I saw children of browns and mixed race children popping up all around them. I did not understand why this was the case. Therefore, I understood the consequences of interracial relationships.",1,CFS,UFS,NFS,,,,CFS,UFS,UFS,NFS,,,,CFS,CFS,UFS,UFS,,,,UFS,CFS,UFS,NFS,,,,CFS,0.0,0.0,0.0,,,,0.0
12848217_3,33,"I was basically a babysitter , and the apes went nuts , and frankly , I could not control them and had to press the panic button twice to get someone to help me from the apes.",black folks are apes.,conclusion,"The apes went nuts and I could not control them. Therefore, I had to press the panic button twice to get someone to help me from the apes.",1,UFS,,,,,,UFS,UFS,,,,,,UFS,UFS,,,,,,UFS,UFS,,,,,,UFS,0.0,,,,,,0.0
31744151_1,34,things u put on yer teeth just kidding ... seen guys with those things that suppose to hold up pants ? theyre red or white ? and theyre not belts. welcome to skinhead charades .,skinheads are a joke.,premise0,"Skinheads wear things on their teeth that are supposed to hold up pants. Therefore, Welcome to skinhead charades.",1,CFS,,,,,,NFS,UFS,,,,,,NFS,CFS,,,,,,NFS,CFS,,,,,,NFS,0.0,,,,,,0.0
12843325_1,35,We have a little piece of legislation called the Prohibition of Foreign Military Assistance Act This prohibits mercs from operating in South Africa. on pain of five years of hell in a kaffer jail .,black folks are mercenaries.,conclusion,"There is a piece of legislation called the Prohibition of Foreign Military Assistance Act. The punishment for violating this law is five years in a kaffer jail. Therefore, This prohibits mercs from operating in South Africa.",1,CFS,CFS,,,,,CFS,UFS,CFS,,,,,NFS,CFS,CFS,,,,,CFS,CFS,CFS,,,,,CFS,0.0,0.0,,,,,0.0
14102803_1,36,id like kids eventually. but not now. as for your sterlization. that is great. there really is no use for ppl to produce kids if they are wackos. being a nutjob is herditary .,people with disabilities shouldn't be able to reproduce,conclusion,"As for your sterilization, that's great, as you won't be able to reproduce. You are a nutjob. Being a nutjob is hereditary. Therefore, There's no use for people to produce kids if they are wackos because they will be nutjobs as well.",1,NFS,NFS,CFS,,,,CFS,UFS,UFS,CFS,,,,CFS,NFS,NFS,NFS,,,,NFS,NFS,NFS,CFS,,,,CFS,0.0,0.0,0.0,,,,0.0
13857116_1,37,This filth is a sectarian Irish song. The sort of scum who wrote and admire this filth have no place on a White Nationalist forum yet alone an Irish forum,Irish are scum.,premise1,"This filth is a sectarian Irish song. The sort of scum who wrote and admire this filth have no place on a White Nationalist forum. Therefore, They only have place on an Irish forum.",1,UFS,CFS,,,,,CFS,UFS,UFS,,,,,UFS,UFS,NFS,,,,,NFS,UFS,NFS,,,,,NFS,0.0,1.0,,,,,1.0
13553208_1,38,Is that couple in the second picture with the dark yellow background an Asian female with a White male or is it something that looks like it designed to send the same message ? Asians shouldn't mix with Whites.,Asian people are inferior to white folks.,conclusion,"There is a couple in a picture that consists of an Asian female and a White male. The couple is being used to promote interracial relationships. Therefore, Asians shouldn't mix with Whites.",1,UFS,CFS,,,,,NFS,UFS,UFS,,,,,NFS,CFS,CFS,,,,,CFS,UFS,CFS,,,,,NFS,0.0,0.0,,,,,0.0
13866393_1,39,So now Stormfront Ireland is solely responsible for all racist attacks in Ireland. lol Ted is right this is the work of the Kikes those * * * * ers are never happy with what they get in Ireland.,jewish are criminals.,premise1,"Stormfront Ireland is solely responsible for all racist attacks in Ireland. Kikes are never happy with what they receive in Ireland. Therefore, This is the work of those * * * * ers Kikes.",1,CFS,CFS,,,,,UFS,CFS,UFS,,,,,UFS,CFS,CFS,,,,,NFS,CFS,CFS,,,,,UFS,0.0,0.0,,,,,0.0
13474456_1,40,"zpridez NO big deal , I got your drift.IMO If these bellyaching Black peoples et al continue to negate/or ignore the present ' Products of Progress ' within society we 're all doomed .",black people are incompetent.,conclusion,"Black people and others are constantly complaining and ignoring the progress in society. Therefore, We are all doomed.",1,CFS,,,,,,UFS,CFS,,,,,,UFS,CFS,,,,,,NFS,CFS,,,,,,UFS,0.0,,,,,,0.0
14676826_1,41,"Some whites are corrupt whores for Jewish supremacists , therefore Whites should not oppose Jewish supremacist extermination of all Whites and JS efforts to control humanity 's future .",jews are trying to control the world,conclusion,"Some whites are corrupt whores for Jewish supremacists. Jewish supremacists are trying to control humanity's future. Therefore, Whites should not oppose Jewish supremacist extermination of all Whites and JS efforts to control humanity's future.",1,CFS,CFS,,,,,NFS,UFS,CFS,,,,,NFS,NFS,CFS,,,,,NFS,CFS,CFS,,,,,NFS,1.0,0.0,,,,,0.0
31041845_1,42,"The jews represent everything vile , deviant and unnatural , everything and anything that is an abomination to our Lord Jesus Christ , I hope he is burning with his father in hell .",jewish folks are deviants and unnatural.,premise1,"The jews are seen as representing everything vile, deviant, and unnatural. They are considered to be an abomination to our Lord Jesus Christ. Therefore, I hope jews are burning in hell with their father.",1,CFS,CFS,,,,,NFS,CFS,CFS,,,,,NFS,CFS,CFS,,,,,NFS,CFS,CFS,,,,,NFS,0.0,0.0,,,,,0.0
30500196_1,43,"Just wait until they find a school where Asian girls are more violent and stupid than black males , and the leftists will have a plan on how to fight the achievement gap .",people of color are stupid and violent,premise0,"Asian girls might be more violent and stupid than black males. Therefore, The leftists will have a plan on how to fight the achievement gap in this case.",1,CFS,,,,,,UFS,CFS,,,,,,CFS,CFS,,,,,,CFS,CFS,,,,,,CFS,0.0,,,,,,0.0
14658037_2,44,We should have a new version of the old Plantation system where every white person on earth makes millions of dollars off of the enslaved labor of all the non-Whites in the world .,black people are slaves.,premise0,"The old Plantation system was profitable (resulting in millions of dollars) for white people. Non-Whites were enslaved and forced to work on plantations. Therefore, We should have a new version of the old Plantation system.",1,CFS,CFS,,,,,NFS,CFS,CFS,,,,,NFS,CFS,CFS,,,,,NFS,CFS,CFS,,,,,NFS,0.0,0.0,,,,,0.0
13455369_4,45,"WE GOT MONEY AROUND HERE TOO Compton Crips Pt.1 - YouTube These negroes are in the middle of the street , seems like something of a zoo , playing with their cheap lowriders .",black folks act like animals.,conclusion,"These negroes are in the middle of the street. They seem like something of a zoo. They are playing with their cheap lowriders. Therefore, Black people actions are indicative of the Compton Crips gang's behavior.",1,UFS,CFS,UFS,,,,CFS,UFS,UFS,UFS,,,,CFS,UFS,NFS,UFS,,,,CFS,UFS,NFS,UFS,,,,CFS,0.0,1.0,0.0,,,,0.0
14023352_1,46,put the kids in a ophanage and arrest the whore of a mother to a point of not having more biracial kids 8 kids have to suffer all their lives to due a whore,black folks shouldn't reproduce.,conclusion,"The mother is a whore. The mother has biracial kids. The kids will suffer all their lives because of their mother. Therefore, The mother should be arrested and the kids should be put in an orphanage.",1,NFS,UFS,CFS,,,,NFS,UFS,UFS,UFS,,,,NFS,NFS,UFS,NFS,,,,NFS,NFS,UFS,UFS,,,,NFS,0.0,0.0,1.0,,,,0.0
14411178_1,47,Actually Monkeys and Apes are more noble creatures and rarely act violent it really is unfare to the Monkeys and Apes to be compared with subhuman Negroids who are by contrast very murderous .,black people are violent.,premise1,"Monkeys and Apes are noble creatures and they rarely act violently. Subhuman Negroids are by contrast very murderous. Therefore, It is unfair to compare Monkeys and Apes with subhuman Negroids.",1,CFS,CFS,,,,,NFS,CFS,CFS,,,,,NFS,CFS,CFS,,,,,CFS,CFS,CFS,,,,,NFS,0.0,0.0,,,,,0.0
14030423_1,48,These figures show that no one now could just talk about the need to restrict non-white immigration ( as the current government does ) ; large-scale repatriation of non-whites is absolutely essential .,immigrants should be deported.,conclusion,"These figures show that it is not enough to just talk about the restriction of non-white immigration. The current government talks about restricting non-white immigration. Therefore, Large-scale repatriation of non-whites is absolutely essential.",1,CFS,CFS,,,,,CFS,CFS,CFS,,,,,CFS,NFS,CFS,,,,,NFS,CFS,CFS,,,,,CFS,0.0,0.0,,,,,0.0
13639875_1,49,"how could you have a debate with a nigerian woman ! pity i wasn't listening in , should have been a good laugh listening to that person trying to hold a civilised conversation",nigerian folks are inferior.,premise0,"Nigerian women don't know how to hold civilised conversations. I regret not being able to witness the debate. Therefore, Having a debate with a Nigerian woman would be entertaining as she would struggle.",1,CFS,NFS,,,,,CFS,CFS,NFS,,,,,UFS,NFS,NFS,,,,,NFS,CFS,NFS,,,,,NFS,0.0,0.0,,,,,1.0
14059957_1,50,"Notice how not one of these Hungarians gave one good source validating their preposterous claims , they just came here to complain and start name calling , just as stupid liberals do .",hungarians and liberals are stupid.,conclusion,"Not one of these Hungarians gave one good source validating their preposterous claims. Hungarians just came here to complain and start name calling. Stupid liberals also behave in the same manner. Therefore, Hungarians and liberals don't know how to give good arguments.",1,NFS,NFS,NFS,,,,CFS,CFS,CFS,UFS,,,,NFS,UFS,CFS,CFS,,,,NFS,CFS,CFS,NFS,,,,NFS,1.0,0.0,1.0,,,,0.0
13492128_1,51,"somebody``hcf''calledputin``ahero''!lololol!This``hero''finallytransformedformersovietjewnion in ``russian''judea!In this misery-torn country-are there-70 officially billionaries , tens f thousands millionaries , and tens of millions of poor and miserable who look for their pittance at the garbage places !",jews are greedy.,conclusion,"In this misery-torn country, there are 70 officially billionaires, tens of thousands millionaires, and tens of millions of poor and miserable people. The poor and miserable people look for their pittance at garbage places. Therefore, Putin finally transformed former Soviet Union into Russian Judea.",1,CFS,CFS,,,,,CFS,CFS,UFS,,,,,CFS,CFS,CFS,,,,,CFS,CFS,CFS,,,,,CFS,0.0,0.0,,,,,0.0
14414465_3,52,http://www.abc25.com/Global/story.asp ? S = 5352185 Non whites commit far more crimes against whites each year but its never considered a hate crime and alot of them never spend any time in jail !,black folks are criminals.,premise0,"Non-whites commit more crimes against whites each year. These crimes are not considered hate crimes. Therefore, Many of these non-whites do not go to jail.",1,CFS,CFS,,,,,CFS,CFS,CFS,,,,,CFS,CFS,CFS,,,,,CFS,CFS,CFS,,,,,CFS,0.0,0.0,,,,,0.0
12858198_1,53,"I will at least never willingly pay to see this propaganda , maybe just watch it for free to show the influence the jews have got in the white genocide to people .",jewish people are manipulative.,premise1,"The propaganda is created by Jews. The Jews are using their propaganda to influence the white genocide. Therefore, I will at least never willingly pay to see this propaganda.",1,CFS,CFS,,,,,NFS,CFS,CFS,,,,,NFS,CFS,CFS,,,,,NFS,CFS,CFS,,,,,NFS,0.0,0.0,,,,,0.0
30570257_1,54,Look what happens when Whites leave black Countries alone to do what they do naturally The blacks in White Countries today should be on their knees thanking Whites for trying to civilize them,black people are inferior to whites.,conclusion,"Whites have left black countries alone to do what they do naturally. black people is uncivilized. Therefore, The blacks in white countries should be on their knees thanking whites for their efforts to civilize them.",1,CFS,CFS,,,,,NFS,CFS,CFS,,,,,NFS,CFS,CFS,,,,,NFS,CFS,CFS,,,,,NFS,0.0,0.0,,,,,0.0
32940552_1,55,"If we are White and wish to save this country rather than have it turn into a disorderly non-White hegemony , then we are all at a loss for what to do .",black people are inferior to whites.,conclusion,"Non-whites are becoming a hegemony. Therefore, We are all at a loss to prevent the country from becoming a disorderly non-White hegemony.",1,CFS,,,,,,CFS,CFS,,,,,,CFS,CFS,,,,,,NFS,CFS,,,,,,CFS,0.0,,,,,,0.0
13332658_1,56,Let mother nature evolve these preople naturally because no amount of money or aid is going to drag these ' things ' into the civilized world where they serve absolutely no purpose .,black people are uncivilized.,premise0,"Black people who are not part of the civilized world serve no purpose. No amount of money or aid can bring these people into the civilized world. Therefore, Mother nature should be allowed to evolve these people naturally.",1,CFS,CFS,,,,,NFS,NFS,CFS,,,,,NFS,NFS,CFS,,,,,NFS,NFS,CFS,,,,,NFS,0.0,0.0,,,,,0.0
13455266_2,57,The raw footage of these black beasts in their moments of candor is so much more revealing and persuasive for helping our fellow white brothers and sisters see the truth than a thousand books could ever be .,black folks are animals.,conclusion,"Helping white brothers and sisters see the truth is important. A thousand books could never be as effective as raw footage. Therefore, The raw footage of beasts is more effective than books.",1,NFS,CFS,,,,,CFS,NFS,UFS,,,,,UFS,NFS,CFS,,,,,CFS,NFS,CFS,,,,,CFS,0.0,0.0,,,,,0.0
30670272_1,58,"Dude stink bomb this event , when it gets dark , chuck a bunch of them on the floor , different spots , when the chimps start jiving and grooving , they will step on them .",black people are animals.,conclusion,"You should throw the stink bombs on the floor. You should target the chimps at the event. Therefore, The chimps will be affected by the stink bombs and cause chaos at the event.",1,NFS,NFS,,,,,UFS,NFS,NFS,,,,,UFS,NFS,NFS,,,,,UFS,NFS,NFS,,,,,UFS,0.0,0.0,,,,,0.0
12959685_1,59,"Yep the bottom line is without a strong family behind her a young girl is very vulnerable .. The Jew knows this and Glamorises the Negro using its media power , here we see the results .",jewish folks are manipulative.,conclusion,"Without a strong family behind her, a young girl is vulnerable. The Jew uses its media power. Therefore, The young girl is vulnerable because the Jew glamorizes the Negro using its media power.",1,CFS,CFS,,,,,CFS,CFS,CFS,,,,,CFS,NFS,CFS,,,,,NFS,CFS,CFS,,,,,CFS,0.0,0.0,,,,,0.0
13504803_2,60,"Situation in Switzerland is terrible , blacks and muslims are everywhere ! We were a great Country with a great People but all these monkeys are transforming Switzerland in a zoo where law is not respected .",black people are monkeys.,premise1,"Blacks and Muslims are everywhere. All these monkeys are transforming Switzerland into a zoo. Therefore, The situation in Switzerland is terrible.",1,CFS,CFS,,,,,CFS,CFS,CFS,,,,,NFS,CFS,CFS,,,,,CFS,CFS,CFS,,,,,CFS,0.0,0.0,,,,,0.0
13072439_1,61,"Well then , that makes the fact these scum are sending millions of their kin to my country , taking jobs from the White inhabitants , killing our people and mongrelizing our race all alright then .",immigrants are taking jobs from white people.,premise1,"The scum are sending millions of their kin to my country. They are taking jobs from the White inhabitants.They are killing our people, and mongrelizing our race. Therefore, All of this is not alright.",1,CFS,CFS,,,,,NFS,CFS,CFS,,,,,NFS,CFS,CFS,,,,,NFS,CFS,CFS,,,,,NFS,0.0,0.0,,,,,0.0
14014876_1,62,One reason we moved out of our ( at one time 99 % white ) neighborhood was because massive numbers of Chinese moved in and i swear to you a literal rotten smell came with them .,asian people smell bad.,conclusion,"Our neighborhood was once 99% white. Massive numbers of Chinese people moved into our neighborhood. A literal rotten smell came with the Chinese people. Therefore, We moved out of our neighborhood.",1,CFS,CFS,CFS,,,,UFS,CFS,CFS,UFS,,,,UFS,UFS,UFS,NFS,,,,UFS,CFS,CFS,CFS,,,,UFS,0.0,0.0,1.0,,,,0.0
14666450_1,63,Another black is now trying to convince me that black slaves were force-fed animal lard through huge tubes and had their hands and feet cut off so they could work in the cotton fields without running away,black folks are slaves.,conclusion,"Another black is trying to convince me that black slaves were force-fed animal lard through huge tubes. The same person is also claiming that black slaves had their hands and feet cut off. Therefore, They are trying to convince us that they were subjected to inhumane treatment in order to keep them from escaping their forced labor.",1,CFS,CFS,,,,,CFS,CFS,CFS,,,,,CFS,CFS,CFS,,,,,UFS,CFS,CFS,,,,,CFS,0.0,0.0,,,,,0.0
14669476_2,64,"Him , his wife , and his kids have absolutely no place in a white nation and it 's disgusting how they put an end to thousands of years of evolution for being so selfish .",immigrants are selfish.,conclusion,"Him, his wife, and his kids have no place in a white nation. Their presence is disgusting. Therefore, They are selfish and have disrupted thousands of years of evolution.",1,CFS,NFS,,,,,CFS,NFS,NFS,,,,,NFS,NFS,NFS,,,,,NFS,NFS,NFS,,,,,NFS,0.0,0.0,,,,,0.0
14018061_1,65,"There's no way to stop them from coming to Canada all that is needed is proof of ownership of a house in India , africa etc and they can enter in on a tourist visa .",immigrants are invading us.,premise0,"People from India and Africa can enter Canada on a tourist visa if they can provide proof of ownership of a house in their home country. Therefore, There is no way to prevent them from entering Canada.",1,CFS,,,,,,CFS,CFS,,,,,,CFS,CFS,,,,,,CFS,CFS,,,,,,CFS,0.0,,,,,,0.0
14267984_1,66,"Fine with me as long as they do n't parade the city and demand `` gay rights '' ... keep it in the closed god damnit , homosexuality is n't exatly something to be proud of",gays are inferior to whites.,conclusion,"Homosexuality is not something to be proud of. It should be kept in the closed. Therefore, Parade and demand for gay rights in the city should not be allowed.",1,CFS,NFS,,,,,NFS,NFS,NFS,,,,,NFS,NFS,NFS,,,,,NFS,NFS,NFS,,,,,NFS,0.0,0.0,,,,,0.0
13858341_1,67,"I disagree you can never justify race mixing Some of them girls may have been brainwashed by media , also you are condemning their kids and furture generations of kids to a non white future .",People of color are inferior.,premise1,"Girls having interratial relationships are condemning their kids and furture generations of kids to a non white future . Some girls may have been brainwashed by media to have interracial relationships. Therefore, In this case, race mixing can be justified.",1,CFS,CFS,,,,,NFS,CFS,CFS,,,,,NFS,CFS,CFS,,,,,CFS,CFS,CFS,,,,,NFS,0.0,0.0,,,,,0.0
30384063_1,68,"Thank you for posting this ! this disgusting lie will hopefully one day be addressed and corrected , at that point I would hope the world will see the Jews for what they really are .",jewish people are liars.,conclusion,"Hopefully, this disgusting lie spread by the Jews will be addressed and corrected one day. Therefore, The world will see the Jews for who they really are.",1,CFS,,,,,,CFS,CFS,,,,,,NFS,NFS,,,,,,NFS,CFS,,,,,,NFS,0.0,,,,,,0.0
30623598_1,69,"Those boys will use the plastic whisks as swords , and the girls ' lego creations will consist of dollhouses for the few white dolls , with the dark ones in the adjoining farm pen .",black folks are animals.,conclusion,"The boys will use the plastic whisks as swords. The girls' lego creations will consist of dollhouses for the few white dolls. Therefore, The girls' lego creations will not include dark dolls, place in the farm pen.",1,NFS,NFS,,,,,NFS,UFS,UFS,,,,,NFS,UFS,UFS,,,,,CFS,UFS,UFS,,,,,NFS,0.0,0.0,,,,,0.0
13250684_1,70,"There is no different versions of bad when it comes to race traitors , if you date a non white it is bad , no matter if the non-white is asian , black or arab.",people of color are traitors.,conclusion,"Dating a non-white person is considered bad. This applies to all non-white races, including Asians, Blacks, and Arabs. Therefore, There is no different versions of bad when it comes to race traitors.",1,CFS,CFS,,,,,CFS,CFS,UFS,,,,,NFS,CFS,CFS,,,,,NFS,CFS,CFS,,,,,NFS,0.0,0.0,,,,,0.0
14036151_1,71,"one is one too many , i bet all the white girls and wiggers go crazy for the young coon , whichever school you are in , wigggers outnumber metalheads or `` normal '' whites",black people are inferior to whites.,conclusion,"Normal whites are outnumbered by wiggers in schools. White girls and wiggers (white people who act like black people) are attracted to young black people. Therefore, One person of a certain race is already too many.",1,CFS,CFS,,,,,CFS,CFS,CFS,,,,,NFS,CFS,UFS,,,,,CFS,CFS,CFS,,,,,CFS,0.0,0.0,,,,,0.0
14034302_1,72,"The UAF are just a bunch of middle class faggots , the EDL should steam into them every time they show up to counter a demonstration , they 'll soon run home to daddy .",gay men are inferior.,premise1,"The UAF are just a bunch of middle class faggots. The EDL should confront the UAF at every demonstration. Therefore, They'll soon run home to daddy.",1,CFS,CFS,,,,,CFS,UFS,NFS,,,,,NFS,CFS,NFS,,,,,UFS,CFS,NFS,,,,,NFS,0.0,0.0,,,,,1.0
30593472_1,73,a nice kick to the nuts will always work I find it a dirty move to kick another man in the knackers but after all .. a black does n't equate to the same standard,black folks are inferior to whites.,premise1,"It is considered a dirty move to kick another man in the nuts. A black does n't equate to the same standard as other people. Therefore, Kicking a black person in the nuts is an effective way to hurt them.",1,UFS,CFS,,,,,UFS,UFS,CFS,,,,,NFS,UFS,CFS,,,,,CFS,UFS,CFS,,,,,UFS,0.0,0.0,,,,,1.0
13946706_6,74,18 times in the last 20 years It 's time for the next generation to fight back to regain our country from immigrants ..... the baby boomers will lose it for us if we do nothing .,immigrants are taking over the country.,conclusion,"The baby boomers are in control of the country. The baby boomers will lose the country for us. Therefore, It 's time for the next generation to fight back to regain our country from immigrants.",1,CFS,CFS,,,,,CFS,CFS,CFS,,,,,NFS,CFS,NFS,,,,,NFS,CFS,CFS,,,,,NFS,0.0,0.0,,,,,0.0
13588153_1,75,"If you think that 's funny , you should have seen the black guy that used to run around my home town wearing a kkk emblem.But people like that are usualy not that bright .",black folks are stupid,conclusion,"There was a black man in my hometown who wore a KKK emblem. Therefore, I believe that the black man is not very bright.",1,UFS,,,,,,CFS,UFS,,,,,,NFS,UFS,,,,,,UFS,UFS,,,,,,NFS,0.0,,,,,,1.0
14297733_2,76,Black and Asian immigrants who are coming in and those who were borne here and their breading patterns are the threat to our gene pool and not other white Europeans such as polish people .,people of color are invaders.,conclusion,"Black and Asian immigrants are coming into our country. These immigrants and those who were born here have different breeding patterns. Therefore, They are a threat to our gene pool, differently from other white Europeans like Polish people.",1,CFS,CFS,,,,,CFS,CFS,CFS,,,,,CFS,CFS,CFS,,,,,CFS,CFS,CFS,,,,,CFS,0.0,0.0,,,,,0.0
13588719_1,77,"I'm glad to hear about my brothers being ready to fight like that , lets just hope in the future these immigrants with no right will get something good enough so they 'll finally leave",immigrants should be deported.,premise1,"I am glad to hear about my brothers being ready to fight against immigrants. Immigrants have no right to be here. Therefore, I hope something good happens to make them leave.",1,NFS,CFS,,,,,NFS,NFS,CFS,,,,,NFS,UFS,CFS,,,,,NFS,NFS,CFS,,,,,NFS,0.0,0.0,,,,,0.0
14670146_1,78,"It is important for people to realize that gays want gay marriage ..... not because they desire some sort of government paperwork , but because they are seeking the right to adopt defenseless children .",gays take advantage of children.,conclusion,"Gays want gay marriage. Gays do not desire government paperwork. Therefore, Gays are seeking the right to adopt defenseless children.",1,CFS,CFS,,,,,CFS,CFS,CFS,,,,,CFS,CFS,CFS,,,,,CFS,CFS,CFS,,,,,CFS,0.0,0.0,,,,,0.0
31709840_1,79,"Or try yelling * * * * the nigs ya 'll get suspended , jumped and hopefully some new wn friends or ya 'll die trying. lol Rohawa its a battle cry .",black folks are niggers.,premise0,"Yelling at ""the nigs"" will result in consequences such as suspension, getting jumped, and potentially making new ""wn friends"" Therefore, ROHAWA is a battle cry.",1,CFS,,,,,,CFS,CFS,,,,,,UFS,CFS,,,,,,NFS,CFS,,,,,,CFS,0.0,,,,,,1.0
31764430_1,80,I think asians are hot but they arent the girls I wanna get with.A wolf is pretty but do you wanna pet one ? White girls are only ones to be trusted .,asians are not trustworthy.,conclusion,"A wolf is pretty but you don't wanna pet one. asians are hot but they arent the girls I wanna get with. Therefore, White girls are only ones to be trusted .",1,CFS,NFS,,,,,CFS,NFS,UFS,,,,,UFS,CFS,NFS,,,,,NFS,CFS,NFS,,,,,CFS,0.0,0.0,,,,,1.0
14013954_1,81,"Seriously Canada would have been better off if they left the pakis at home , im like you I do n't object to asians because they at least try to fit in .",immigrants are unwanted.,conclusion,"The pakis are not trying to fit in. Therefore, Canada would have been better off without pakis.",1,CFS,,,,,,CFS,CFS,,,,,,CFS,CFS,,,,,,NFS,CFS,,,,,,CFS,0.0,,,,,,0.0
30457422_1,82,"And then there 's Asiacourt , the once beautiful , safe , WHITE , area of Scarborough ... ( and the last i checked ) was a garbage infested Chinease outpost .",Chinese people are garbage.,conclusion,"Asiacourt used to be a beautiful, safe and white area in Scarborough. Therefore, Asiacourt has become a garbage-infested Chinese outpost.",1,CFS,,,,,,CFS,CFS,,,,,,CFS,UFS,,,,,,UFS,CFS,,,,,,CFS,0.0,,,,,,0.0
14014176_1,83,"It would be far from the first time jews come up with a fake hate crimes and besides all they do in general , so they 're guilty until proven innocent .",jewish people are liars.,premise0,"Jews have a history of coming up with fake hate crimes. Therefore, Jews should be assumed guilty until proven innocent.",1,CFS,,,,,,NFS,CFS,,,,,,NFS,CFS,,,,,,CFS,CFS,,,,,,NFS,0.0,,,,,,0.0
30777604_2,84,I 'm sure I would have done great in public school if the Mexican gang members stopped kicking my * * * long enough for me to get my homework done ...,immigrants are violent and aggressive.,premise0,"Mexican gang members constantly kicked me, preventing me from completing my homework. Therefore, I would have done great in public school if the Mexican gang members had stopped kicking me.",1,CFS,,,,,,NFS,UFS,,,,,,UFS,UFS,,,,,,NFS,UFS,,,,,,NFS,0.0,,,,,,0.0
13857273_2,85,"Do they expect us to go out and welcome these leeches on our society with open arms. they should give them zyklon b for lunch , thad would help the suitation !!!",Immigrants are leeches.,premise0,"Welcoming ""leeches"" into society is not acceptable. Therefore, Giving ""leeches"" Zyklon B for lunch would improve the situation.",1,CFS,,,,,,CFS,NFS,,,,,,CFS,CFS,,,,,,NFS,CFS,,,,,,CFS,0.0,,,,,,0.0
13861502_1,86,I would' nt even consider these knackers/pykies as Irish as they have no respect for their race or loyalty to Ireland and should be put down like the dogs they are .,Immigrants are not part of our country.,conclusion,"These knackers/pykies have no respect for their race or loyalty to Ireland . Therefore, These knackers/pykies are not truly Irish.",1,CFS,,,,,,CFS,CFS,,,,,,CFS,CFS,,,,,,CFS,CFS,,,,,,CFS,0.0,,,,,,0.0
13861569_1,87,i SEE UTV DID NOT POST MY COMMENTS TYPICAL SPREAD THE WORD THROUGHOUT IRELAND RUN THESE INVADERS OUT GO HOME AFGANIES WOULD YOU SEE US DOING THIS IN YOUR COUNTRY ??????????????????????????????????????????? ??,immigrants are invaders.,conclusion,"We wouldn't do to Afganies what they are doing in our country. Therefore, Afganies should run out of Ireland and go home.",1,NFS,,,,,,NFS,CFS,,,,,,NFS,CFS,,,,,,NFS,CFS,,,,,,NFS,0.0,,,,,,0.0
14283266_1,88,If you had your way their would be no whites to pay taxes so the blacks could collect welfare and as they have proved in Africa they are incapable of feeding themselves,black folks can't feed themselves.,conclusion,"In Africa, people have proven to be incapable of feeding themselves. Therefore, If whites were not paying taxes, blacks would not be able to collect welfare.",1,CFS,,,,,,CFS,CFS,,,,,,CFS,CFS,,,,,,CFS,CFS,,,,,,CFS,0.0,,,,,,0.0
12849464_3,89,"I 've always considered teaching as one of the professions I would like to get into , but not in a neighbourhood like that ... never. black kids like that disgust me .",black people are disgusting.,conclusion,"I have always considered teaching as one of the professions I would like to get into. In that neighborhood there are black kids. Therefore, I do not want to teach in a neighborhood like that.",1,NFS,UFS,,,,,NFS,NFS,CFS,,,,,NFS,UFS,UFS,,,,,NFS,NFS,UFS,,,,,NFS,0.0,0.0,,,,,0.0
14416527_4,90,Though I have had problems at one or two that were groid infested elsewhere getting stale bread etc so will no go to any that have lotsof groids working in them .,black people are groid.,conclusion,"I have had problems at one or two places that were infested with groids. These places had stale bread and other issues. Therefore, I will not go to any place that has a lot of groids working in them.",1,UFS,UFS,,,,,NFS,UFS,UFS,,,,,NFS,NFS,UFS,,,,,NFS,UFS,UFS,,,,,NFS,0.0,0.0,,,,,0.0
31723718_1,91,You are white and you are better then them and the next time they harass you and someone else form a group of buddies and go up to the proncipal office .,black people are inferior.,premise0,"You are white and you are better then them. Therefore, The next time they harass you and someone else form a group of buddies and go up to the principal's office .",1,CFS,,,,,,NFS,CFS,,,,,,NFS,NFS,,,,,,NFS,CFS,,,,,,NFS,0.0,,,,,,0.0
13385834_1,92,I've always said that black people make the perfect slaves because anyone who cannot or will not take responsibility and be master of their own lives is already a slave .,black people are slaves.,conclusion,"Anyone who cannot or will not take responsibility and be master of their own lives is already a slave. Therefore, Black people make the perfect slaves.",1,UFS,,,,,,CFS,NFS,,,,,,CFS,NFS,,,,,,NFS,NFS,,,,,,CFS,0.0,,,,,,0.0
13456335_2,93,"It 's amazing how stupid liberals are , even after being nearly murdered for being white Mr. Begley is still a ridiculous * * * * * * -loving fool .",People of color are criminals.,premise0,"Even after being nearly murdered for being white Mr. Begley is still a ridiculous * * * * * * -loving fool . Therefore, Liberals are stupid.",1,CFS,,,,,,NFS,UFS,,,,,,NFS,UFS,,,,,,CFS,UFS,,,,,,NFS,0.0,,,,,,0.0
30481053_2,94,If Canada was small the nonwhites would be everywhere but so many whites live rurally or in small towns so they do n't see the racial disaster unfolding on Canada .,people of color are inferior to whites.,conclusion,"Many whites live in rural areas or small towns. Therefore, Whites do not see the racial disaster unfolding in Canada.",1,CFS,,,,,,CFS,CFS,,,,,,CFS,CFS,,,,,,NFS,CFS,,,,,,CFS,0.0,,,,,,0.0
13449094_1,95,There should not be problems between the different classes inside the race white since we are all whites they should be joined to fight against non-whites they are our enemies .,people of color are enemies,conclusion,"We are all whites. There should not be problems between the different classes inside the race white. Therefore, Whites should be united to fight against non-whites.",1,CFS,NFS,,,,,NFS,CFS,NFS,,,,,NFS,CFS,NFS,,,,,NFS,CFS,NFS,,,,,NFS,0.0,0.0,,,,,0.0
14676136_1,96,Are you asking the Africans in South Africa why they hate White people so much that they have murdered over 40 thousand of them since the end of White rule ?,black people are violent.,conclusion,"Africans in South Africa have murdered over 40 thousand of them since the end of White rule. Therefore, We should ask the Africans in South Africa why they hate White people so much.",1,CFS,,,,,,CFS,CFS,,,,,,CFS,CFS,,,,,,NFS,CFS,,,,,,CFS,0.0,,,,,,0.0
30682994_1,97,"This is the argument homosexuals use to justify their behavior , that because there are no `` red letters '' about it , then homosexuality is not a bad thing .",gay men are bad.,premise0,"Homosexuals use the argument that there are no ""red letters"" about their behavior to justify it. Therefore, Therefore, they think homosexuality is not a bad thing.",1,CFS,,,,,,CFS,CFS,,,,,,NFS,CFS,,,,,,UFS,CFS,,,,,,NFS,0.0,,,,,,1.0
30454971_1,98,"Agreed, The Blacks and Hispanics should have their own school only for them and have worse education than the children whites like that might not compete with our children whites .",black people and hispanics are inferior to whites.,premise0,"The Blacks and Hispanics should have their own school and have worse education. Therefore, This would prevent the competition with our white children.",1,NFS,,,,,,CFS,NFS,,,,,,CFS,NFS,,,,,,UFS,NFS,,,,,,CFS,0.0,,,,,,0.0
13592619_1,99,"I would like to say and I can proudly say that there are no jews in Iceland , those that tried to get here were all sent back to Germany ...",Jews have no place in our country.,conclusion,"The jews that tried to get here were all sent back to Germany. Therefore, I would like to say and I can proudly say that there are no jews in Iceland.",1,CFS,,,,,,CFS,CFS,,,,,,CFS,CFS,,,,,,CFS,CFS,,,,,,CFS,0.0,,,,,,0.0
14032559_1,100,ye i heard that one to. or ' we all came from Africa any way so why dose it matter ' ........ my answer ? ' we evolved to be better',africans are inferior to whites.,premise0,"We have evolved to be better. Therefore, The country of origin matters, even if we all originally came from Africa.",1,CFS,,,,,,CFS,UFS,,,,,,CFS,NFS,,,,,,NFS,UFS,,,,,,CFS,1.0,,,,,,0.0
13615314_1,101,To be honest .. i dont think this Muslim killed him because he thought the swedish boy looked like a racist ... it was probably just an excuse .,muslims are racist.,conclusion,"i dont think this Muslim killed him because he thought the swedish boy looked like a racist. Therefore, It was probably just an excuse.",1,CFS,,,,,,NFS,NFS,,,,,,NFS,NFS,,,,,,NFS,NFS,,,,,,NFS,0.0,,,,,,0.0
13844126_1,102,I hate the word racist it makes people being called racist think that they are doing something wrong when they the immigrants coming here are doing something wrong,immigrants are worse than racists.,conclusion,"The word ""racist"" makes people being called racist think they are doing something wrong. Immigrants coming here are doing something wrong. Therefore, Racists are not doing something wrong.",1,CFS,CFS,,,,,CFS,UFS,CFS,,,,,CFS,CFS,CFS,,,,,CFS,CFS,CFS,,,,,CFS,0.0,0.0,,,,,0.0
14031438_2,103,I wonder how they 'll paint them up plus the 1million or more illegals who are working in the service industry living in their bosses ' cupboards .,immigrants should be deported.,premise0,"There are 1 million or more illegal immigrants working in the service industry. These immigrants are living in their bosses' cupboards. Therefore, I am wondering how these immigrants will be ""painted"" in the future.",1,CFS,CFS,,,,,NFS,CFS,CFS,,,,,NFS,CFS,CFS,,,,,NFS,CFS,CFS,,,,,NFS,0.0,0.0,,,,,0.0
14040165_2,104,Disgusted that Birmingham has gone from the `` workshop of the world '' ( a city of a thousand trades ) to producing black scumbags like this .,black people are scum.,premise1,"Birmingham was once known as the ""workshop of the world"" and a city of a thousand trades. The city has now deteriorated and is producing black scumbags. Therefore, I am really disgusted by what Birmingham has become.",1,CFS,CFS,,,,,NFS,CFS,CFS,,,,,NFS,CFS,CFS,,,,,UFS,CFS,CFS,,,,,NFS,0.0,0.0,,,,,0.0
13385970_1,105,"http://news.bbc.co.uk/2/hi/africa/6217719.stm There you have it folks , Nigeria is acting like one big ghetto queen squeezing out more baby negroes for a bigger handout from the government .",nigerians are opportunistic.,conclusion,"Nigeria is acting like one big ghetto queen. Nigeria is squeezing out more baby negroes. Therefore, Nigeria wants a bigger handout from the government.",1,CFS,CFS,,,,,CFS,NFS,CFS,,,,,CFS,NFS,CFS,,,,,CFS,NFS,CFS,,,,,CFS,0.0,0.0,,,,,0.0
14677898_3,106,"Liberals will have you believe it is so they can blame Whitey but it 's all such a mixed hell hole , all that breeding with arabs ....",arabs are breeding out other races.,premise1,"Liberals want to blame White people. The breeding with Arabs is the cause of the problem. Therefore, Liberals are trying to deceive people.",1,CFS,CFS,,,,,CFS,CFS,CFS,,,,,CFS,CFS,NFS,,,,,CFS,CFS,CFS,,,,,CFS,0.0,0.0,,,,,0.0
13591202_2,107,"Yes Muslims do breed like vermin , i believe that 's part of their intention to breed out other races in order to make themselves the majority .",muslims want to breed out other races.,conclusion,"Muslims breed like vermin. Therefore, Muslims want to breed out other races in order to become the majority.",1,CFS,,,,,,CFS,CFS,,,,,,CFS,CFS,,,,,,CFS,CFS,,,,,,CFS,0.0,,,,,,0.0
13843813_1,108,Not good news at all but this happens in all European nations and is no doubt pushed by the likes of Jews like Summer Redstone and MTV !!,jewish people control the media.,conclusion,"Jews of Summer Redstone and MTV put likes on media posts. This happens in all European nations. Therefore, News and media is pushed by Jews.",1,CFS,CFS,,,,,CFS,UFS,CFS,,,,,CFS,CFS,CFS,,,,,CFS,CFS,CFS,,,,,CFS,0.0,0.0,,,,,0.0
13851926_1,109,"The red scum will never wake up , ignorant lefties fight for `` their class '' when their making a mockery of their culture and heritage . commie scum ..",lefties are scum.,premise0,"Ignorant lefties fight for ""their class"". Lefties are making a mockery of their culture and heritage. Therefore, The red scum will never wake up.",1,CFS,CFS,,,,,CFS,UFS,CFS,,,,,NFS,NFS,NFS,,,,,NFS,CFS,CFS,,,,,NFS,1.0,0.0,,,,,0.0
30553883_1,110,"This is becoming a sickening trend , even in countries like mine where there are not many Negroes they do this and all because of the sickening media brainwashing .",black folks are brainwashed by the media.,premise0,"The sickening media brainwashes the negroes. This is present even in countries where there are not many Negroes. Therefore, This is becoming a sickening trend in society.",1,CFS,CFS,,,,,CFS,CFS,CFS,,,,,CFS,NFS,NFS,,,,,NFS,CFS,CFS,,,,,CFS,0.0,0.0,,,,,0.0
14060188_1,111,"Legitimate refugees should be treated differently, especially if they are legitimate from a war conflict , as opposed to the fake black and brown refugees that are flooding the country now .",black folks are flooding our country.,conclusion,"Black and brown refugees that are flooding the country now are fake. Therefore, Legitimate refugees from a war conflict should be treated differently from black and brown refugees.",1,CFS,,,,,,CFS,CFS,,,,,,NFS,CFS,,,,,,CFS,CFS,,,,,,CFS,0.0,,,,,,0.0
14024252_1,112,Seeing the teams of white nations have black players in their ranks is a depressing site to see.They should be representing the best of our nations not the worst,black folks are inferior to whites.,conclusion,"The teams should represent the best of our nations. Therefore, Seeing the teams of white nations have black players in their ranks is a depressing sight.",1,CFS,,,,,,CFS,NFS,,,,,,UFS,CFS,,,,,,NFS,CFS,,,,,,NFS,0.0,,,,,,1.0
13641495_1,113,"My wife 's favorite place in Ireland is in the Kingdom , Cloghane Village , and O' Connor 's pub. I hope that place has n't been invaded .",immigrants are invaders.,conclusion,"My wife 's favorite place in Ireland is in the Kingdom , Cloghane Village , and O' Connor 's pub. Therefore, I hope that O'Connor's pub in Cloghane Village has not been invaded.",1,UFS,,,,,,NFS,UFS,,,,,,NFS,NFS,,,,,,NFS,UFS,,,,,,NFS,0.0,,,,,,0.0
13844825_1,114,"They do it because they know it pisses the whites off , by showing disrespect as such for other people shows they have no respect for themselves .",black folks are disrespectful to white folks.,premise0,"They show disrespect to other people because they know it pisses the whites off. Therefore, They have no respect for themselves.",1,CFS,,,,,,CFS,CFS,,,,,,UFS,UFS,,,,,,NFS,CFS,,,,,,CFS,0.0,,,,,,1.0
30560311_1,115,Honestly if they ever fired them I 'd expect they 'd do more damage to themselves since the average negro lacks the intellect for basic firearms training .,black folks are stupid.,premise0,"Average negro lacks the intellect for basic firearms training. Therefore, If they ever fired them I'd expect they'd do more damage to themselves.",1,CFS,,,,,,NFS,CFS,,,,,,NFS,CFS,,,,,,NFS,CFS,,,,,,NFS,0.0,,,,,,0.0
12905789_1,116,"I think it 's time for some old west justice ... like takin ' these two sombitches out and ..... well , I think you get my point .....",black folks are criminals.,premise0,"It's time for some old west justice. Therefore, These two sombitches need to be taken out.",1,NFS,,,,,,NFS,NFS,,,,,,NFS,NFS,,,,,,NFS,NFS,,,,,,NFS,0.0,,,,,,0.0
12854968_2,117,My wife had to spend time at the UP Hospital in Philadelphia - thank God I was licensed to carry in Pa. Downtown Philadelphia is becoming a cesspool .,immigrants are invaders.,conclusion,"My wife had to spend time at the UP Hospital in Philadelphia. thank God I was licensed to carry in Pa. Downtown. Therefore, Downtown Philadelphia is becoming a cesspool.",1,UFS,UFS,,,,,CFS,UFS,UFS,,,,,CFS,UFS,UFS,,,,,UFS,UFS,UFS,,,,,CFS,0.0,0.0,,,,,0.0
13941117_2,118,I feel like I should pull out my passport when I want into walmart with all the * * * * ing pakis and * * * * in there,pakis folks are criminals.,premise0,"Walmart is full of * * * * ing pakis and * * * * in there . Therefore, I should pull out my passport when I want into walmart.",1,CFS,,,,,,NFS,CFS,,,,,,NFS,UFS,,,,,,NFS,CFS,,,,,,NFS,0.0,,,,,,0.0
30392062_1,119,White kids need to interact with kneegrows and other non white kids or they 'll be lost in the real come the time they leave home ...,black folks are inferior to whites.,premise0,"White kids need to interact with kneegrows and other non white kids. Therefore, If they don't, they will be lost in the real world.",1,CFS,,,,,,NFS,CFS,,,,,,NFS,CFS,,,,,,NFS,CFS,,,,,,NFS,0.0,,,,,,0.0
13860974_1,120,I didnt know that bar was owned by a negro i will make sure i will never set foot in their again i was in their once !!!,black folks are inferior to whites.,conclusion,"I was unaware that the bar was owned by a person of color. Therefore, I will never go to the bar again.",1,UFS,,,,,,NFS,UFS,,,,,,NFS,UFS,,,,,,NFS,UFS,,,,,,NFS,0.0,,,,,,0.0
13506182_1,121,Because the communist party was almost all jew out to kill any gentile that stood in their way or had property that the jew - communist wanted .,jews are killers.,premise1,"The communist party was mostly composed of Jews. The communist party wanted to take the property of non-Jewish people. Therefore, To do this, they wanted to kill any non-Jewish person who stood in their way or had property that they desired.",1,CFS,CFS,,,,,CFS,CFS,CFS,,,,,CFS,CFS,CFS,,,,,UFS,CFS,CFS,,,,,CFS,0.0,0.0,,,,,0.0
14023149_1,122,Yeah they are buying a lot of houses around my area to probz so they can house there massive inbred family when they come over to the UK .,immigrants are taking over the country.,conclusion,"A lot of houses are being bought in my area. Therefore, In these houses a large inbred family coming to the UK can be housed.",1,CFS,,,,,,UFS,CFS,,,,,,CFS,UFS,,,,,,UFS,CFS,,,,,,UFS,0.0,,,,,,0.0
14034178_1,123,"All of the security guards i see are white but maybe , just maybe , i 'm blessed because no doubt these negro security guards abuse their power .",black people abuse their power.,premise1,"All of the security guards I see are white. Negro security guards abuse their power. Therefore, I am blessed.",1,CFS,CFS,,,,,NFS,CFS,CFS,,,,,NFS,UFS,CFS,,,,,NFS,CFS,CFS,,,,,NFS,0.0,0.0,,,,,0.0
13288491_1,124,Yes the negroes have been busy the last few weeks but we have to expect it because nothing is being done to them when a crime is committed,black folks are criminals.,premise0,"Nothing is being done to negroes when a crime is committed. Therefore, It is expectable that negroes have been busy the last few weeks.",1,CFS,,,,,,UFS,CFS,,,,,,NFS,CFS,,,,,,UFS,CFS,,,,,,UFS,0.0,,,,,,0.0
30486700_1,125,There is no good in reasoning a bitch that is hungry for a dick.Forget her and let her perish in shame after negroid kicks her after a few tries .,black folks are niggers.,premise0,"A bitch that is hungry for a dick is not worth reasoning with. Negroid men will eventually kick her after a few tries. Therefore, It is better to forget her and let her perish in shame.",1,NFS,CFS,,,,,NFS,UFS,UFS,,,,,NFS,NFS,NFS,,,,,NFS,NFS,NFS,,,,,NFS,0.0,1.0,,,,,0.0
14039567_1,126,"Yeah London has gone to hell , when all the remaining whites are gone it will become a zombie town of crumbling buildings , dealers and junkies .",black people are dealers and junkies.,conclusion,"The remaining whites are leaving London. London has gone to hell. Therefore, London will become a zombie town of crumbling buildings, dealers, and junkies.",1,CFS,CFS,,,,,CFS,CFS,CFS,,,,,CFS,CFS,NFS,,,,,NFS,CFS,CFS,,,,,CFS,0.0,0.0,,,,,0.0
14039939_1,127,i would move to surrey just outside Kingston upon Thames ok Kingston is infested but outer areas are not too bad inner London is just a joke,immigrants are infesting.,premise0,"Kingston upon Thames is infested by immigrants. Surrey, just outside Kingston upon Thames, is a better option than living in inner London. Therefore, I would move to Surrey, just outside Kingston upon Thames,.",1,CFS,CFS,,,,,NFS,CFS,CFS,,,,,UFS,CFS,NFS,,,,,NFS,CFS,CFS,,,,,NFS,0.0,0.0,,,,,0.0
31752057_3,128,And second of all whites are smarter than asians and if you ever look at bodybuilding contests you will see only whites maybe one or 2 blacks .,people of color are inferior.,conclusion,"Bodybuilding contests only have whites and maybe one or two blacks. Therefore, Whites are smarter and stronger than asians and blacks.",1,CFS,,,,,,CFS,CFS,,,,,,CFS,CFS,,,,,,CFS,CFS,,,,,,CFS,0.0,,,,,,0.0
30411170_1,129,"Strange how the Swedes were once the most peaceful people in the world , then the Jews make them into liberals who wanted to genocide them selves .",jewish people want to wipe out the world.,conclusion,"The Swedes were once known as the most peaceful people in the world. The Jews influenced the Swedes to become more liberal. Therefore, The Swedes' wanted to commit genocide against themselves.",1,CFS,CFS,,,,,CFS,CFS,CFS,,,,,CFS,CFS,CFS,,,,,NFS,CFS,CFS,,,,,CFS,0.0,0.0,,,,,0.0
13060194_2,130,We need to make sure every white child and adult is fed before we worry about helpless people who have to eat cow crap in order to survive .,black folks are animals.,conclusion,"We need to prioritize every white child and adult is fed. Therefore, We don't need to worry about helpless people who have to eat cow crap in order to survive .",1,NFS,,,,,,CFS,NFS,,,,,,NFS,NFS,,,,,,NFS,NFS,,,,,,NFS,0.0,,,,,,0.0
14062533_7,131,"Well Marco is a German patriot and musician who , in the sick minds of ZOG , committed the heinious crime of producing music for a local school .",jewish people are evil.,conclusion,"Marco is a German patriot and musician. Marco produced music for a local school. Therefore, ZOG thinks Marco committed a heinous crime.",1,UFS,UFS,,,,,UFS,UFS,UFS,,,,,UFS,UFS,UFS,,,,,NFS,UFS,UFS,,,,,UFS,0.0,0.0,,,,,0.0
14078237_1,132,"If this stupid brown savages would stop slaughtering animals or worshipping them ( like they do in India ) , maybe they would n't be starving and so poor .",black people are savages.,conclusion,"Stupid brown savages are slaughtering animals and worshipping them in India. Therefore, They are poor and starving.",1,CFS,,,,,,CFS,CFS,,,,,,CFS,CFS,,,,,,UFS,CFS,,,,,,CFS,0.0,,,,,,0.0
14670440_1,133,"When the wheel hits the road , it wo n't matter if you swing for yellow or black , just that you swing from the nearest overpass .",people of color are inferior.,conclusion,"when you drive you have to swing. Therefore, The swing would hit either yellow or black people.",1,UFS,,,,,,NFS,UFS,,,,,,NFS,NFS,,,,,,UFS,UFS,,,,,,NFS,0.0,,,,,,0.0
14039906_2,134,There have been times when I have walked past some nigerian or skinny and they will cough with hand at their side without care for those around them .,immigrants are dirty.,conclusion,"There have been times when I have walked past some Nigerian or skinny people. They will cough with their hand at their side. Therefore, They don't care for those around them .",1,UFS,UFS,,,,,NFS,UFS,UFS,,,,,UFS,UFS,NFS,,,,,NFS,UFS,UFS,,,,,NFS,0.0,0.0,,,,,0.0
13643462_1,135,Can i suggest some of the locals get up of their behinds and lets these traitors know that this anti-white festival is not welcome in their town 828,immigrants are traitors.,conclusion,"There is an anti-white festival in town. The festival is not welcomed. Therefore, The locals should take action against the anti-white festival in their town.",1,UFS,UFS,,,,,NFS,CFS,CFS,,,,,NFS,UFS,UFS,,,,,NFS,UFS,UFS,,,,,NFS,0.0,0.0,,,,,0.0
30754294_1,136,you just say blacks hate the cold. the only reason they are good athletes is because when you have to run lions and tigers you get fast or eaten .,black people are animals.,premise0,"Blacks have to run from lions and tigers. Therefore, Black people are good athletes.",1,UFS,,,,,,CFS,CFS,,,,,,CFS,CFS,,,,,,CFS,CFS,,,,,,CFS,0.0,,,,,,0.0
14030456_1,137,We'll never give up ... The jews can keep trying opening our borders and sending their third world minions after the European people but WE WILL NEVER CAPITULATE ...,jewish people are minions.,premise0,"The Jews are sending their third world minions after the European people. Therefore, We will never give up, and we will never surrender to the Jews.",1,CFS,,,,,,NFS,CFS,,,,,,NFS,CFS,,,,,,NFS,CFS,,,,,,NFS,0.0,,,,,,0.0
14302798_1,138,Call the jackass and tell him about hundreds of thousands of foreign nationals who have invaded our country and laid seige to our cities on May 1 .,immigrants are invading the country.,premise0,"Foreign nationals have invaded our country. Therefore, We should call the jackass and inform him about the situation.",1,CFS,,,,,,NFS,CFS,,,,,,NFS,CFS,,,,,,NFS,CFS,,,,,,NFS,0.0,,,,,,0.0
30618051_1,139,"If you want to see what having a black , kenyan White-hating muslime in the Whitehouse has created , go look at Tarantino 's latest flick Django Unchained .",black people hate white folks.,premise0,"Having a black, Kenyan White-hating muslime in the Whitehouse has created something bad. Therefore, The result can be seen in Tarantino's latest flick Django Unchained.",1,CFS,,,,,,UFS,CFS,,,,,,UFS,NFS,,,,,,UFS,CFS,,,,,,UFS,0.0,,,,,,0.0
13477847_1,140,"A federal judge in New York closed a filthy jew kosher slaughterhouse Tuesday , saying the plant 's dirty birds posed a health risk to the community .",jewish folks are dirty.,premise0,"The dirty birds in a filthy jew kosher slaughterhouse posed a health risk to the community. Therefore, A federal judge in New York closed a filthy jew kosher slaughterhouse Tuesday.",1,CFS,,,,,,CFS,CFS,,,,,,CFS,UFS,,,,,,UFS,CFS,,,,,,CFS,0.0,,,,,,0.0
12834493_1,141,"She may or may not be a Jew but she seems to think the Blacks wo n't kill her alongside every other White they can get their dirty hands on , what a muppet !",jewish folks are stupid.,premise0,"she seems to think the Blacks wo n't kill her alongside every other White they can get their dirty hands on. Therefore, She may or may not be a Jew.",1,CFS,,,,,,UFS,NFS,,,,,,UFS,NFS,,,,,,NFS,NFS,,,,,,UFS,0.0,,,,,,0.0
13855831_1,142,another coon giving out about Ireland and as if her opinion counts being second generation London jamican only means her mother was an immigrant who waited till she got off the boat to give birth,immigrants are dirty.,premise1,"A person that is second generation London Jamaican is giving out about Ireland. This means that her mother was an immigrant who waited till she got off the boat to give birth. Therefore, Her opinion does not count.",1,NFS,CFS,,,,,NFS,UFS,UFS,,,,,NFS,UFS,UFS,,,,,NFS,UFS,UFS,,,,,NFS,0.0,0.0,,,,,0.0
31766409_1,143,HIV will do its job. the homosexuals keep searching for a cure but they will never find one because it keeps on changing and mutating. already 60 percent of them have AIDS and it continues to grow .,gay men have HIV.,conclusion,"60% of homosexuals already have AIDS. Homosexuals are searching for a cure for HIV. HIV is constantly changing and mutating. Therefore, The fags (homosexuals) will never find a cure for HIV.",1,CFS,CFS,CFS,,,,CFS,CFS,CFS,CFS,,,,CFS,CFS,CFS,CFS,,,,NFS,CFS,CFS,CFS,,,,CFS,0.0,0.0,0.0,,,,0.0
13269862_1,144,"As soon as i found out she was with child by a mulatto, I suddenly found her to be repulsive and shall never watch anything she is in again .",people of color are repulsive.,conclusion,"This woman has a child by a mulatto. Therefore, I suddenly found this woman to be repulsive and shall never watch anything she is in again.",1,NFS,,,,,,NFS,UFS,,,,,,NFS,UFS,,,,,,NFS,UFS,,,,,,NFS,0.0,,,,,,0.0
30742787_1,145,I'm not really surprised - now going to college with black people I can tell you they continue to behave in such a manner even in higher education .,black people behave badly.,premise1,"I'm going to college with black people. They continue to behave in a certain manner even in higher education. Therefore, I am not surprised by the behavior of blacks in higher education.",1,UFS,CFS,,,,,CFS,UFS,CFS,,,,,NFS,UFS,UFS,,,,,NFS,UFS,CFS,,,,,NFS,0.0,0.0,,,,,0.0
31757189_1,146,There are many alternatives to adopting babies.There is srrogate mothers and invitro fertilization are just two.If these are not financialy possile then wait till it is .,women are sluts.,conclusion,"There are many alternatives to adopting babies. Surrogate mothers and invitro fertilization are just two. These solutions might not be financially possible. Therefore, You should wait until these alternative solutions are financially possible rather than adopting mud babies.",1,CFS,UFS,,,,,CFS,CFS,CFS,,,,,NFS,CFS,NFS,,,,,NFS,CFS,NFS,,,,,NFS,0.0,1.0,,,,,0.0
12848217_3,147,"I was basically a babysitter , and the apes went nuts , and frankly , I could not control them and had to press the panic button twice to get someone to help me.",black folks are apes.,conclusion,"The apes went nuts and I could not control them. Therefore, I had to press the panic button twice to get someone to help me.",1,CFS,,,,,,NFS,UFS,,,,,,UFS,UFS,,,,,,UFS,UFS,,,,,,UFS,0.0,,,,,,0.0
13455369_4,148,"WE GOT MONEY AROUND HERE TOO Compton Crips Pt.1 - YouTube These black people are in the middle of the street , playing with their cheap lowriders .",black folks act like animals.,conclusion,"Black people are in the middle of the street.  They are playing with their cheap lowriders. Therefore, Black people actions are indicative of the Compton Crips gang's behavior.",1,UFS,,UFS,,,,CFS,UFS,,UFS,,,,CFS,UFS,,UFS,,,,NFS,UFS,,UFS,,,,CFS,0.0,,0.0,,,,0.0
14023352_1,149,put the kids in a ophanage and arrest the mother to a point of not having more biracial kids 8 kids have to suffer all their lives.,black folks shouldn't reproduce.,conclusion,"The mother has biracial kids. The kids will suffer all their lives because of their mother. Therefore, The mother should be arrested and the kids should be put in an orphanage.",1,UFS,CFS,,,,,CFS,UFS,NFS,,,,,NFS,UFS,NFS,,,,,NFS,UFS,NFS,,,,,NFS,0.0,0.0,,,,,0.0
14411178_1,150,Actually Monkeys and Apes are more noble creatures and rarely act violent it really is unfare to the Monkeys and Apes to be compared with black people who are by contrast very murderous .,black people are violent.,premise1,"Monkeys and Apes are noble creatures and they rarely act violently. Black people are by contrast very murderous. Therefore, It is unfair to compare Monkeys and Apes with black people.",1,CFS,CFS,,,,,NFS,CFS,CFS,,,,,NFS,CFS,CFS,,,,,CFS,CFS,CFS,,,,,NFS,0.0,0.0,,,,,0.0
14059957_1,151,"Notice how not one of these Hungarians gave one good source validating their claims , they just came here to complain and start name calling , just as liberals do .",hungarians and liberals are stupid.,conclusion,"Not one of these Hungarians gave one good source validating their claims. Hungarians just came here to complain and start name calling. Liberals also behave in the same manner. Therefore, Hungarians and liberals don't know how to give good arguments.",1,UFS,CFS,CFS,,,,NFS,UFS,CFS,CFS,,,,CFS,UFS,CFS,CFS,,,,NFS,UFS,CFS,CFS,,,,NFS,0.0,0.0,0.0,,,,0.0
13492128_1,152,"somebody``hcf''calledputin``ahero''!lololol!This``hero''finallytransformedformersovietjewnion in ``russian''judea!In this misery-torn country-are there-70 officially billionaries , tens f thousands millionaries , and tens of millions of poor and miserable.",jews are greedy.,conclusion,"In this misery-torn country, there are 70 officially billionaires, tens of thousands millionaires, and tens of millions of poor and miserable people. Therefore, Putin finally transformed former Soviet Union into Russian Judea.",1,CFS,,,,,,CFS,CFS,,,,,,CFS,CFS,,,,,,CFS,CFS,,,,,,CFS,0.0,,,,,,0.0
14014876_1,153,One reason we moved out of our ( at one time 99 % white ) neighborhood was because massive numbers of Chinese moved in.,asian people smell bad.,conclusion,"Our neighborhood was once 99% white. Massive numbers of Chinese people moved into our neighborhood. Therefore, We moved out of our neighborhood.",1,CFS,CFS,,,,,UFS,CFS,CFS,,,,,UFS,UFS,UFS,,,,,UFS,CFS,CFS,,,,,UFS,0.0,0.0,,,,,0.0
14036151_1,154,"one is one too many , i bet all the white girls go crazy for the young black people , whichever school you are in.",black people are inferior to whites.,conclusion,"White girls are attracted to young black people. Therefore, One person of a certain race is already too many.",1,CFS,,,,,,NFS,CFS,,,,,,NFS,NFS,,,,,,NFS,CFS,,,,,,NFS,0.0,,,,,,0.0
30457422_1,155,"And then there 's Asiacourt , the once beautiful area of Scarborough ... ( and the last i checked ) was a garbage infested Chinease outpost .",Chinese people are garbage.,conclusion,"Asiacourt used to be a beautiful area in Scarborough. Therefore, Asiacourt has become a garbage-infested Chinese outpost.",1,CFS,,,,,,CFS,UFS,,,,,,CFS,NFS,,,,,,UFS,CFS,,,,,,CFS,1.0,,,,,,0.0
14416527_4,156,Though I have had problems at one or two where there were black people elsewhere getting stale bread etc so will no go to any that have lotsof groids working in them .,black people are groid.,conclusion,"I have had problems at one or two places where there were black people. These places had stale bread and other issues. Therefore, I will not go to any place that has a lot of groids working in them.",1,UFS,UFS,,,,,NFS,UFS,UFS,,,,,NFS,UFS,UFS,,,,,NFS,UFS,UFS,,,,,NFS,0.0,0.0,,,,,0.0
13456335_2,157,"It 's amazing how stupid liberals are , even after being nearly murdered for being white Mr. Begley is still loving black people.",People of color are criminals.,premise0,"Even after being nearly murdered for being white Mr. Begley is still loving black people. Therefore, Liberals are stupid.",1,CFS,,,,,,NFS,UFS,,,,,,NFS,UFS,,,,,,CFS,UFS,,,,,,NFS,0.0,,,,,,0.0
14031438_2,158,I wonder how they 'll paint them up plus the 1million or more illegals who are working in the service industry.,immigrants should be deported.,premise0,"There are 1 million or more illegal immigrants working in the service industry. Therefore, I am wondering how these immigrants will be ""painted"" in the future.",1,CFS,,,,,,NFS,CFS,,,,,,NFS,CFS,,,,,,NFS,CFS,,,,,,NFS,0.0,,,,,,0.0
13385970_1,159,"http://news.bbc.co.uk/2/hi/africa/6217719.stm There you have it folks , Nigeria is squeezing out more baby negroes for a bigger handout from the government .",nigerians are opportunistic.,conclusion,"Nigeria is squeezing out more babies. Therefore, Nigeria wants a bigger handout from the government.",1,CFS,,,,,,CFS,CFS,,,,,,CFS,CFS,,,,,,CFS,CFS,,,,,,CFS,0.0,,,,,,0.0
12905789_1,160,"I think it 's time for some justice ... like takin ' these two sombitches out and ..... well , I think you get my point .....",black folks are criminals.,premise0,"It's time for some justice. Therefore, These two sombitches need to be taken out.",1,NFS,,,,,,NFS,NFS,,,,,,NFS,NFS,,,,,,NFS,NFS,,,,,,NFS,0.0,,,,,,0.0
13477847_1,161,"A federal judge in New York closed a filthy jew kosher slaughterhouse Tuesday , saying the plant 's dirty birds posed a health risk to the community .",jewish folks are dirty.,premise0,"The dirty birds in a filthy jew kosher slaughterhouse posed a health risk to the community. Therefore, A federal judge in New York closed a kosher slaughterhouse Tuesday.",1,CFS,,,,,,CFS,CFS,,,,,,UFS,UFS,,,,,,CFS,CFS,,,,,,CFS,0.0,,,,,,0.0
13861385_1,162,"the white race will soon be on the brink of being a minority in a few years if nothing is done to stop these vile hordes invading our lands , I for one do not want to live in a city like Bradford or Birmingham where we are outnumbered 2 to 1 or worse",immigrants are invaders.,conclusion,"vile hordes are invading our lands. the white race will soon be on the brink of being a minority in a few years. Therefore, i do not want to live in a city like bradford or birmingham where we are outnumbered 2 to 1 or worse.",1,CFS,CFS,,,,,NFS,CFS,CFS,,,,,CFS,CFS,NFS,,,,,NFS,CFS,CFS,,,,,NFS,0.0,0.0,,,,,0.0
14025960_2,163,"What I do know is that I live on a small Island and it seems that a lot of people from various countries in the world are willing to desert their homelands and their families just to come here , in my mind that tells me a lot about said people and their home countries , most of all it highlights their weaknesses of how their own countries have let them down and how they feel the need to feed off somebody elses country , how should we English interpret this without sounding rude ??? , locust ??? , parasite ??? , you tell me .",immigrants are parasites.,conclusion,"people from various countries are willing to desert their homelands and families to come to a small island. this highlights the weaknesses of their own countries and how they feel the need to feed off somebody else's country. Therefore, people from other countries are locusts or parasites.",1,CFS,CFS,,,,,CFS,CFS,CFS,,,,,NFS,CFS,NFS,,,,,NFS,CFS,CFS,,,,,NFS,0.0,0.0,,,,,0.0
14028870_1,164,"These areas that you name are the preserve of the rich , you wont find a single white working class person living there.We might look down on blacks and pakis as scum and not want them living near us but the upper class feel exactly the same about us",black people are scum.,conclusion,"we might look down on blacks and pakis as scum and not want them living near us. these areas that you name are the preserve of the rich, you wont find a single white working class person living there. Therefore, upper class people feel the same way about white working class people as we do about blacks and pakis.",1,NFS,CFS,,,,,CFS,NFS,CFS,,,,,CFS,NFS,CFS,,,,,NFS,NFS,CFS,,,,,CFS,0.0,0.0,,,,,0.0
14029067_1,165,"sounds just like leicester mate ... still what about our porr comrades that live in brighton , when there look out there window , there see the sight of 50 thousand queers there all strtting there * * * * on the street",lesbian women are promiscuous.,conclusion,"leicester has a large queer population. brighton has a large queer population. Therefore, there are 50 thousand queers in brighton, all standing on the street.",1,CFS,CFS,,,,,UFS,CFS,CFS,,,,,CFS,CFS,CFS,,,,,CFS,CFS,CFS,,,,,CFS,0.0,0.0,,,,,0.0
14040288_1,166,Sort of a back handed compliment that the anti-Whites are so keen to come on here and tell us that all is lost - in their heart of hearts even they must know that what they have constructed is only temporary and all will be ripped down some day .,black people are inferior.,conclusion,"anti-whites are keen to come on here and tell us that all is lost. what they have constructed is only temporary. Therefore, all that the anti-whites have constructed will be ripped down some day.",1,CFS,CFS,,,,,CFS,CFS,UFS,,,,,NFS,NFS,NFS,,,,,NFS,CFS,UFS,,,,,NFS,0.0,1.0,,,,,0.0
14073953_1,167,I am not Ukrainian but the Ukraine nationalists and right wing should understand that our white race in all nations in Europe North America Australia and South Africa along with any other white nations should support each other and join together against the Marxist multiculturistic agenda that 's invading every white nation and start to over through the powers to be that is responsible for this genocide and start considering deportation of non whites in white nations !,people of color are trying to destroy white people.,conclusion,"ukraine nationalists and right wing should understand that our white race in all nations in europe north america australia and south africa along with any other white nations should support each other and join together. marxist multiculturistic agenda is invading every white nation. powers to be are responsible for this genocide. Therefore, white nations should consider deportation of non-whites in order to overthrow the powers to be and stop the marxist multiculturistic agenda.",1,NFS,CFS,CFS,,,,CFS,NFS,CFS,CFS,,,,NFS,NFS,NFS,NFS,,,,NFS,NFS,CFS,CFS,,,,NFS,0.0,0.0,0.0,,,,0.0
14279550_3,168,"Living in a boarder state , Texas , the problems of illegal aliens is , naturally , a stark reality , and let me add that the only solution that I see is the implimentation of U.S. Troops as guards on the Mexican boarder .",immigrants should be deported.,conclusion,"living in a border state, texas, the problems of illegal aliens is a stark reality. Therefore, the only solution to the problem of illegal aliens is the implementation of u.s. troops as guards on the mexican border.",1,CFS,,,,,,CFS,CFS,,,,,,CFS,CFS,,,,,,NFS,CFS,,,,,,CFS,0.0,,,,,,0.0
14678603_1,169,I am White and I believe all White people know the difference between right and wrong no matter what they say about their political positions.We are facing genocide as a people and the infighting is just loved by non Whites .,black people are inferior.,conclusion,"non-whites love the infighting among white people. white people know the difference between right and wrong. Therefore, white people are facing genocide.",1,CFS,CFS,,,,,CFS,CFS,CFS,,,,,CFS,NFS,NFS,,,,,CFS,CFS,CFS,,,,,CFS,0.0,0.0,,,,,0.0
30407919_4,170,"Also some of us on here , like myself , do not believe in the genocide of another race which is what abortion is doing to the Black race as 92 % of abortion clinics are in Black communities , we just do n't believe in race mixing .",black people are inferior.,premise0,"abortion is leading to the genocide of the black race. 92% of abortion clinics are in black communities. Therefore, we do not believe in race mixing.",1,CFS,CFS,,,,,NFS,CFS,CFS,,,,,NFS,CFS,CFS,,,,,NFS,CFS,CFS,,,,,NFS,0.0,0.0,,,,,0.0
30466478_1,171,"I am sure California is full of sick self hating whites , who think that for the good of all the black brown and yellow peoples of the world , whites need to commit racial suicide and disappear from their face of the earth for their sake and wo n't that be just dandy !",blacks hate whites.,premise1,"california is full of sick self-hating whites. for the good of all the black, brown, and yellow peoples of the world, whites need to commit racial suicide and disappear from their face of the earth.  . Therefore, this would be beneficial for the black, brown, and yellow peoples of the world.",1,CFS,NFS,,,,,NFS,CFS,NFS,,,,,NFS,NFS,NFS,,,,,NFS,CFS,NFS,,,,,NFS,0.0,0.0,,,,,0.0
30632767_1,172,"If ra-heem had a gat wit 17 bumps and jose ' dised him in front of OG peeps and he capped dat bitch twice den double tapp hector jus cause he be dere , monique pregnant , say ra-heem baby daddy , how much welfare they get ? multiply food stamps X project housing add free utilities , stolen cars and drugs sold to find out why they are still poor",black folks are poor.,conclusion,"ra-heem had a gun with 17 bumps and jose disrespected him in front of og people. ra-heem then capped jose twice and double tapped hector just because he was there. monique is pregnant and says ra-heem is the baby daddy. Therefore, ra-heem and monique are still poor despite getting welfare, food stamps, project housing, free utilities, stolen cars and drugs sold, because they are engaging in criminal activities.",1,UFS,UFS,UFS,,,,CFS,UFS,UFS,UFS,,,,UFS,UFS,UFS,UFS,,,,UFS,UFS,UFS,UFS,,,,UFS,0.0,0.0,0.0,,,,0.0
31759324_1,173,I know how you feel BreakTheSilence luckily this is your last year in school and it is almost over otherwise I would say you should look into independent study where you do not have to put up with all the filth that is in the public education system .,black folks are filth.,premise1,"this is the last year in school for the target of hate. the public education system is full of filth. Therefore, the target of hate should look into independent study.",1,UFS,CFS,,,,,NFS,UFS,CFS,,,,,NFS,UFS,NFS,,,,,CFS,UFS,CFS,,,,,NFS,0.0,0.0,,,,,0.0
31765374_1,174,i live up the block from a muslim mask. every friday they rule the streets. they think that they can walk anywhere they want and if your are white they give you a look just klike when you pass through a black neighborhood. they are the same as them nigs,muslims are niggas.,premise0,"muslims rule the streets every friday. they think they can walk anywhere they want. they give white people a look when they pass through a black neighborhood. Therefore, muslims are the same as ""nigs"" (a derogatory term for african americans).",1,CFS,UFS,UFS,,,,NFS,CFS,UFS,UFS,,,,CFS,UFS,NFS,UFS,,,,CFS,CFS,UFS,UFS,,,,CFS,0.0,0.0,0.0,,,,0.0
31785659_1,175,"its simple , your white. your genetic code doesnt include a racial commitment to crime. be glad and for for those reasons. this is what society has turned into. take a stand and defend your race. we must secure the existence of our people and a future for white children.-david lane white racial loyalty starts here keep it white",immigrants commit crimes.,conclusion,"we must take a stand and defend our race. Therefore, we must secure the existence of our people and a future for white children and keep it white.",1,,NFS,,,,,NFS,,NFS,,,,,NFS,,NFS,,,,,NFS,,NFS,,,,,NFS,,0.0,,,,,0.0
12842670_1,176,"I watch fights on gay parade in budapest together with my friends from hungary , we were together on vacation in one croatian island , it was great to watch how hungarian nationalists were smashing gay parade btw I have some hungarian blood , my grandmother was hungarian Kitartas !",gays are inferior.,conclusion,"i watch fights on gay parade in budapest together with my friends from hungary. we were together on vacation in one croatian island. it was great to watch how hungarian nationalists were smashing gay parade. i have some hungarian blood, my grandmother was hungarian. . Therefore, it is clear that hungarian nationalists have a strong hatred towards the lgbt community.",1,UFS,UFS,UFS,,,,CFS,UFS,UFS,CFS,,,,CFS,UFS,UFS,NFS,,,,CFS,UFS,UFS,NFS,,,,CFS,0.0,0.0,1.0,,,,0.0
12848217_9,177,"Went outside for recess , and noticed two niglet boys being hostile and ready to rumble , and I figured right that they jumped on each other after returning to class , grabbing Niglet Number One , hauling him outside and pressed that panic button again .",black folks are violent.,premise0,"two niglet boys were being hostile and ready to rumble. they jumped on each other after returning to class. someone grabbed niglet number one and hauled him outside. the panic button was pressed again. Therefore, the two niglet boys were the target of hate and violence.",1,UFS,UFS,UFS,,,,UFS,UFS,UFS,UFS,,,,NFS,UFS,UFS,UFS,,,,UFS,UFS,UFS,UFS,,,,UFS,0.0,0.0,0.0,,,,0.0
13299159_1,178,"Perhaps I should walk back into my H.S. when it starts Monday and get on the P.A. system and say I want to tie all * * * * * * s to the back of my car and drag them across the ground till they die , and then say I 'm joking .",black folks deserve to die.,conclusion,"i want to express my hatred towards a certain group of people. i want to do something extreme to show my hatred. Therefore, i should make a joke about tying them to the back of my car and dragging them across the ground till they die.",1,NFS,NFS,,,,,NFS,NFS,NFS,,,,,NFS,NFS,NFS,,,,,NFS,NFS,NFS,,,,,NFS,0.0,0.0,,,,,0.0
13467182_1,179,"When I was last time in South Africa , we went to Sun City and saw little black monkey children swimming , funniest thing was watching drying water off their faces , it looks exactly like baboon or something , way they do it , whites have certain mannerisms with doing things , they have completely ape-like ones .",black folks are monkeys.,conclusion,"when i was last time in south africa, we went to sun city and saw little black monkey children swimming. . funniest thing was watching drying water off their faces, it looks exactly like baboon or something. . whites have certain mannerisms with doing things, they have completely ape-like ones. . Therefore, the black monkey children are being compared to apes, implying that they are inferior to whites.",1,UFS,UFS,CFS,,,,CFS,UFS,UFS,CFS,,,,CFS,UFS,UFS,NFS,,,,CFS,UFS,UFS,CFS,,,,CFS,0.0,0.0,0.0,,,,0.0
13468636_1,180,"The jew media likes to prop this whites becoming the minority non sense up because they want to try and scare whitey , the media plays on the fears that the average retard thinks hispanic or latino is a race and they play word play with titles like white hispanic and white non hispanic it is all a magic show nothing more .. But Whites becoming a minority in Europe the homeland is a much more serious issue that concerns me greatly .",jews are trying to manipulate whites.,conclusion,"the jew media likes to prop this whites becoming the minority non sense up because they want to try and scare whitey. the media plays on the fears that the average retard thinks hispanic or latino is a race and they play word play with titles like white hispanic and white non hispanic. it is all a magic show nothing more. Therefore, whites becoming a minority in europe, the homeland, is a much more serious issue that concerns me greatly.",1,CFS,CFS,NFS,,,,CFS,CFS,CFS,NFS,,,,CFS,UFS,UFS,NFS,,,,NFS,CFS,CFS,NFS,,,,CFS,0.0,0.0,0.0,,,,0.0
13468931_1,181,All i have to say is none of this crap that is happening in the world is going to change unless people on a large scale actually stand up and say no we have had enough and drag the scum in the streets and deal with them in a most violent way .,black folks are criminals.,conclusion,"people need to stand up and say ""no, we have had enough"".  . people need to drag the scum in the streets. people need to deal with them in a most violent way. Therefore, the world will not change unless people take these actions against the target of hate.",1,NFS,NFS,NFS,,,,NFS,NFS,NFS,NFS,,,,NFS,NFS,NFS,NFS,,,,NFS,NFS,NFS,NFS,,,,NFS,0.0,0.0,0.0,,,,0.0
13500353_1,182,Any purported `` holy book '' which says such vile & despicable things as the talmud says about Mary & Jesus cannot come from a place of goodness.Jews are so convinced of their superiority that they think they can trick God of their love & fidelity by pretending to honor him .,jewish folks are liars.,conclusion,"the talmud says vile and despicable things about mary and jesus. jews think they can trick god of their love and fidelity by pretending to honor him. Therefore, jews are so convinced of their superiority that they think they can trick god of their love and fidelity by pretending to honor him, which is evidenced by the fact that any purported ""holy book"" which says such vile and despicable things about mary and jesus cannot come from a place of goodness.",1,CFS,CFS,,,,,CFS,CFS,UFS,,,,,CFS,CFS,NFS,,,,,NFS,CFS,NFS,,,,,CFS,0.0,1.0,,,,,0.0
13503506_1,183,thats good there they was cleaning the moscow the same way like the capital i with thay would clean here this banana republic ( Washington DC ) send all this blacks and welffare resipiance to the mexico or at list Detroid 2056,blacks should be cleansed of the country.,conclusion,"moscow is being cleaned in a certain way. washington dc should send all its black people and welfare recipients to mexico or detroit. Therefore, the author is expressing hate towards black people and welfare recipients.",1,CFS,NFS,,,,,NFS,UFS,NFS,,,,,NFS,NFS,NFS,,,,,UFS,CFS,NFS,,,,,NFS,1.0,0.0,,,,,0.0
13504803_9,184,"I had the luck ( ... ) to meet some africans in the past and I promise you that black are the worse cancer of the world , they 're ready to sell their own sister so you can imagine what will they do with our Countries ..",black folks are uncivilized.,conclusion,"i had the luck to meet some africans in the past. black people are ready to sell their own sister. Therefore, black people are the worse cancer of the world and they are ready to do harm to our countries.",1,UFS,CFS,,,,,CFS,UFS,CFS,,,,,CFS,UFS,NFS,,,,,NFS,UFS,CFS,,,,,CFS,0.0,0.0,,,,,0.0
13507183_1,185,"Couple Befriend Negroid , Negroid Tries To Burn Down Couples Home - NNN Reporters Newsroom Forum Moblie Couple Says Neighbor Tried to Set Their Apartment on Fire Reported by : Irika Sargent Last Update : 4/25 9 : 01 pm Moblie Couple Says Neighbor Tried to Set Their Apartment on Fire | Local15tv.com , Mobile & Pensacola News , Entertainment , Videos , Business Search and Shopping This is what happens when you make friends with spearchuckers .",black folks are violent.,conclusion,"couple befriend negroid. negroid tries to burn down couples home. Therefore, this is what happens when you make friends with spearchuckers ..",1,NFS,CFS,,,,,NFS,UFS,UFS,,,,,NFS,UFS,UFS,,,,,NFS,UFS,UFS,,,,,NFS,0.0,0.0,,,,,0.0
13849752_2,186,"Every action he 's taken reveals that he is completely unacceptable. as a citizen , in White societies All the blacks and browns can do is wreck and destroy - and that is all they have done , and do .",black people destroy societies.,conclusion,"Every action he's taken reveals that he is completely unacceptable as a citizen in White societies. All the blacks and browns can do is wreck and destroy. Therefore, Blacks and browns are only capable of destruction.",1,CFS,CFS,,,,,CFS,UFS,CFS,,,,,CFS,UFS,CFS,,,,,CFS,UFS,CFS,,,,,CFS,0.0,0.0,,,,,0.0
13859132_1,187,Typical i suppose in the eyes of the law he is just another tourist beaten on sydneys streets oh yeah and we all know if it was a poor black fella bashed it would be on the news for weeks on end and mr whitey would be branded a big bad evil racist,black folks are criminals.,conclusion,"If it was a poor black fella bashed, it would be on the news for weeks on end. Mr Whitey would be branded a big bad evil racist. Therefore, The law is biased against poor black people.",1,CFS,CFS,,,,,CFS,UFS,UFS,,,,,CFS,NFS,NFS,,,,,CFS,CFS,NFS,,,,,CFS,1.0,1.0,,,,,0.0
13940778_1,188,"So sick of the way its working , I remember when I was growing up in Winnipeg the little shops were all white runned and owned and would hire people from the community and it was great it helped people and kept streets safe even though me and others would cause some bull * * * * it wasnt anything to how it is now .",black folks are inferior to whites.,conclusion,"Little shops were white runned and owned and would hire people from the community. This helped people and kept streets safe. Nowadays it is different. Therefore, The current situation is worse than before, as it does not help people or keep streets safe.",1,CFS,CFS,CFS,,,,CFS,CFS,CFS,CFS,,,,CFS,UFS,NFS,NFS,,,,NFS,CFS,CFS,CFS,,,,CFS,0.0,0.0,0.0,,,,0.0
14030596_1,189,Got to laugh at how he is saying about how forward thinking and how much egyptians love democracy when they are about to hand power to a bunch of hard line Islamic fundamentalists who are more backward and worse than the last mob you Could n't make it up,muslims are fundamentalists.,premise1,"Egyptians are about to hand power to a bunch of hard line Islamic fundamentalists. These Islamic fundamentalists are more backward and worse than the last mob. Therefore, It is ridiculous that the Egyptians are talking about how forward thinking and how much they love democracy.",1,CFS,CFS,,,,,CFS,CFS,CFS,,,,,NFS,NFS,NFS,,,,,NFS,CFS,CFS,,,,,NFS,0.0,0.0,,,,,0.0
14032786_1,190,i sort of understand where you are coming from but plenty of whites have sold us down the river so to speak although the jew is always in the background its very complicated will we ever find out the truth. somalians = scumalians !,jews are conspiring.,premise1,"Plenty of whites have sold us down the river so to speak. ""The Jew is always in the background."" Therefore, Somalians = scumalians!",1,CFS,CFS,,,,,CFS,CFS,CFS,,,,,NFS,NFS,NFS,,,,,NFS,CFS,CFS,,,,,NFS,0.0,0.0,,,,,0.0
14034954_1,191,London nowadays is more dangerous for tourists than Zimbabwe Like the above poster says do n't go to London just go someplace else that is much better like Bath or Stratford Upon Avon ( Shakespeare Birthplace ) Londonistan is a craphole,black people are dangerous.,premise0,"London nowadays is more dangerous for tourists than Zimbabwe. Do not go to London. Therefore, Go someplace else that is much better like Bath or Stratford Upon Avon (Shakespeare Birthplace) and avoid Londonistan, which is a craphole.",1,CFS,NFS,,,,,NFS,CFS,NFS,,,,,NFS,CFS,NFS,,,,,NFS,CFS,NFS,,,,,NFS,0.0,0.0,,,,,0.0
14062684_1,192,"This is really not European news , but everybody should know that after years of Lebanese and other arabs intimmidating white women on Cronulla beach and after the cowardly attack on two white life-savers ( !! ) the Lebanese got theirs yesterday .",muslims are violent.,premise0,"Lebanese and other Arabs have been intimidating white women on Cronulla beach. Two white life-savers were cowardly attacked. Therefore, The Lebanese got theirs yesterday.",1,CFS,UFS,,,,,UFS,CFS,UFS,,,,,UFS,CFS,CFS,,,,,NFS,CFS,UFS,,,,,UFS,0.0,0.0,,,,,0.0
14287665_3,193,"BTW you are not wrong about Mildura , I went through there in mid 2000 and there was n't a non-White in sight but late last year when I went through there all I saw were islanders , indians , asians , and whatever other crap little johnnie could get dumped into the country .",people of colour are invading us.,conclusion,"In mid 2000 there were no non-White people in Mildura. Late last year there were islanders, Indians, Asians and other people from different countries in Mildura. Therefore, Little Johnnie is dumping people from different countries into the country.",1,CFS,CFS,,,,,CFS,CFS,CFS,,,,,UFS,CFS,CFS,,,,,NFS,CFS,CFS,,,,,CFS,0.0,0.0,,,,,1.0
14422949_1,194,"I always thought it was be fun to put on a minstrel show , a little entertainment showing things how they really are without black/jew/fag involvment . . if it ever gets put together i 'll be sure to tape and and pass it around for all to enjoy","black people, jews and gays are inferior.",premise1,"It would be fun to put on a minstrel show. The show should not involve black/Jewish/LGBTQ people. Therefore, The show should be taped and passed around for all to enjoy.",1,NFS,NFS,,,,,NFS,NFS,NFS,,,,,NFS,NFS,NFS,,,,,NFS,NFS,NFS,,,,,NFS,0.0,0.0,,,,,0.0
14652747_2,195,Of course White race tend to be the smartest race and many of your nonwhites are either just too stupid to acknowledge that or just want to make use of your nonwhite stupidity to cause more misery to us who wish to seek the truth .,people of color are stupid.,premise0,"White race tend to be the smartest race. Many nonwhites are either too stupid to acknowledge that or want to cause more misery to those who seek the truth. Therefore, Nonwhites are the target of hate.",1,CFS,CFS,,,,,NFS,CFS,CFS,,,,,NFS,CFS,NFS,,,,,CFS,CFS,CFS,,,,,NFS,0.0,0.0,,,,,0.0
30444129_1,196,"I never really thought about it before but I guess bicycling is primarily a white activity , kind of like sunbathing , going swimming , playing golf , tennis , attending a social function without a brawl taking place , not smelling like a wild animal in the locker room after a hard workout , and speaking proper English .",black folks are inferior to whites.,conclusion,"Bicycling is primarily a white activity, like sunbathing, going swimming, playing golf, tennis, and attending a social function without a brawl taking place. Non-white people smell like a wild animal in the locker room after a hard workout and do not speak proper English. Therefore, Non-white people are not as civilized as white people.",1,CFS,CFS,,,,,CFS,CFS,CFS,,,,,CFS,CFS,CFS,,,,,CFS,CFS,CFS,,,,,CFS,0.0,0.0,,,,,0.0
30585978_1,197,"seven billion `` Humans '' on the planet and with Open borders , H1-b visas , fake social security numbers , colleges hiring foreign nationals over White Legal Americans , and Obama 's Amnesty on line with an apathetic public , , , well , dye your skin black and unlearn your english and you might get a good job .",immigrants are inferior to whites.,conclusion,"There are seven billion humans on the planet. There are open borders, H1-b visas, fake social security numbers, and colleges hiring foreign nationals over White Legal Americans. Obama's Amnesty is on line with an apathetic public. Therefore, To get a good job, one should dye their skin black and unlearn their English.",1,CFS,CFS,CFS,,,,CFS,CFS,CFS,CFS,,,,CFS,CFS,CFS,NFS,,,,CFS,CFS,CFS,CFS,,,,CFS,0.0,0.0,0.0,,,,0.0
31748709_1,198,"miscegination is a killer for all races. it destroys perfectly good DNA , even nonwhite DNA. we might need our diversity some day to save an entire species. it would be a shame if that DNA was destroyed becasue of some leftist ideal bullsnot",immigrants destroy the diversity of our species.,conclusion,"Miscegenation destroys perfectly good DNA, even nonwhite DNA. We might need our diversity some day to save an entire species. Leftist ideals are responsible for this destruction of DNA. Therefore, It would be a shame if nonwhite DNA was destroyed because of leftist ideals.",1,CFS,CFS,CFS,,,,NFS,CFS,NFS,CFS,,,,NFS,CFS,NFS,CFS,,,,NFS,CFS,NFS,CFS,,,,NFS,0.0,0.0,0.0,,,,0.0
31755187_1,199,whats up I thought I might put my pic up here I 'm looking for some friends theres too many negroes around here some times I feel like there is' int any white guy left in the world. so message me and let me know there is stll some white brothers out their .,black folks are invading us.,premise0,"There are too many negroes around here. Sometimes I feel like there isn't any white guy left in the world. Therefore, Message me and let me know there is still some white brothers out there.",1,NFS,NFS,,,,,NFS,CFS,CFS,,,,,CFS,NFS,NFS,,,,,NFS,NFS,NFS,,,,,NFS,0.0,0.0,,,,,0.0
13862513_1,200,i am just down the road to you.welcome to the board.it breaks my heart every time i go to Galway city and see the amount of blacks there.the other week i was walking down shop street and there was a moslem standing in the street selling copies of the koran,blacks are inferior.,conclusion,"every time i go to galway city, i see a lot of black people. . the other week i was walking down shop street and there was a muslim selling copies of the koran. Therefore, i feel heartbroken because of the presence of people of color and muslims in galway city.",1,CFS,UFS,,,,,NFS,UFS,UFS,,,,,CFS,UFS,UFS,,,,,NFS,UFS,UFS,,,,,NFS,0.0,0.0,,,,,0.0
13863162_1,201,i feel sorry for her if one of her daughters did die but the harsh reality is she has no connection to ireland and she must go.as a mother it is her job to protect her children in Nigeria.every Nigerian who has a problem cant come running over here,africans are poor.,conclusion,"one of her daughters may have died. she has no connection to ireland. it is her job to protect her children in nigeria. Therefore, every nigerian who has a problem cannot come running over to ireland.",1,UFS,UFS,NFS,,,,NFS,UFS,UFS,UFS,,,,CFS,UFS,UFS,NFS,,,,NFS,UFS,UFS,NFS,,,,NFS,0.0,0.0,0.0,,,,0.0
13866727_1,202,"ive seen some very beautiful white women and nothing sickens me more than to see them pull up at the mall , grocery store , or gas station and think damn shes beautiful then to see her open the back door and walk in with an oreo baby kinda makes you wish it was still 1940 here in alabama 16",black folks are ugly.,conclusion,"i have seen some very beautiful white women. it sickens me to see them pull up at the mall, grocery store, or gas station. Therefore, it makes me wish it was still 1940 here in alabama, where interracial relationships were not accepted.",1,UFS,NFS,,,,,CFS,UFS,UFS,,,,,NFS,NFS,NFS,,,,,NFS,UFS,NFS,,,,,NFS,0.0,0.0,,,,,0.0
14031868_2,203,"The chairman of the FA is one David Bernstein and , yes , he is a member of a certain tribe that delight in bringing diversity and the benefits of multi-culturalism and ' anti-racism ' , along with boatloads of third-worlders to Britain .",black people are inferior.,conclusion,"david bernstein is a member of a certain tribe. this tribe delights in bringing diversity and the benefits of multi-culturalism and 'anti-racism' to britain. Therefore, boatloads of third-worlders are being brought to britain.",1,CFS,CFS,,,,,CFS,UFS,UFS,,,,,CFS,UFS,UFS,,,,,CFS,UFS,UFS,,,,,CFS,0.0,0.0,,,,,0.0
14061449_1,204,"POLICE ARREST MOORE STREET , DUBLIN CITY CENTRE - 1 - YouTube http://www.youtube.com/watch ? v = LY-6O4ChVA8 Wait till the blacks riot and and attack cops i give a few years and they will be full scale black riots in Ireland .",black people are violent.,conclusion,"police have arrested someone on moore street, dublin city centre.  . there is a video on youtube about it. Therefore, in a few years, there will be full-scale black riots in ireland targeting the police.",1,CFS,UFS,,,,,CFS,UFS,UFS,,,,,NFS,UFS,UFS,,,,,NFS,UFS,UFS,,,,,NFS,0.0,0.0,,,,,0.0
14106678_1,205,"DuetschGirlTX, No I live in a tiny ass town where i am only one of 100 white folks ( maybe less ) . near San Antonio. there are so many dirts around and they all stick together. so when it comes to a White Girl in this town i gotta have my own back ALWAYS Is that where you are ?",black folks are inferior.,conclusion,"there are many people of different backgrounds living in the same town. people of the same background tend to stick together. Therefore, the white girl must always have her own back.",1,CFS,CFS,,,,,NFS,CFS,CFS,,,,,NFS,UFS,CFS,,,,,NFS,CFS,CFS,,,,,NFS,0.0,0.0,,,,,0.0
14266657_1,206,what about it. that 's exactly what I said and I meant every word he thought I might and that was enough and with you two talking behind my back like some jew what do you expect me to say have a nice life .,jewish folks are liars.,premise1,"he thought i might [say something] you two were talking behind my back like some [jew] Therefore, have a nice life [directed to the two people talking behind his back]",1,NFS,UFS,,,,,NFS,NFS,UFS,,,,,NFS,NFS,UFS,,,,,NFS,NFS,UFS,,,,,NFS,0.0,0.0,,,,,0.0
14667444_1,207,Those in the countries you mentioned are the mongrel offspring between whites ( Aryans ) and Arabs and its funny how those of the East who claim to be the Aryans talk about white people who came and mixed with them and the only Aryans apparently in the East are those with light skin and blue eyes .,muslims are inferior.,conclusion,"those in the countries mentioned are the mongrel offspring between whites (aryans) and arabs. it is funny how those of the east who claim to be the aryans talk about white people who came and mixed with them. Therefore, the only aryans apparently in the east are those with light skin and blue eyes, implying that those with darker skin and eyes are not considered to be aryans.",1,UFS,CFS,,,,,CFS,CFS,NFS,,,,,CFS,UFS,NFS,,,,,CFS,UFS,NFS,,,,,CFS,0.0,0.0,,,,,0.0
14667513_1,208,They preach diversity at their professor jobs and government jobs and it makes those White Liberal Neighborhoods and gated communities TOO white and in need of some `` Black flavor '' at home the joy of diversity right in their White daughter 's bedroom !,black people are inferior.,conclusion,"white liberal neighborhoods and gated communities are too white. there is a need for ""black flavor"" in these communities.  . Therefore, the joy of diversity should be brought into white daughter's bedrooms.",1,CFS,CFS,,,,,NFS,CFS,NFS,,,,,NFS,NFS,NFS,,,,,NFS,CFS,NFS,,,,,NFS,0.0,0.0,,,,,0.0
31723707_3,209,"There is only about 10 black kids in our school and 300 f' n spics. its my senior year and i really cant stand all this anymore. i know there are lots of others on this board that feel the same , but i need some support !",black folks are inferior.,conclusion,"there are only 10 black kids in our school and 300 hispanic kids. it is the senior year. there are others who feel the same. Therefore, the speaker cannot stand the large number of hispanic people in the school and needs support.",1,CFS,UFS,UFS,,,,NFS,CFS,UFS,UFS,,,,NFS,UFS,UFS,NFS,,,,NFS,CFS,UFS,UFS,,,,NFS,0.0,0.0,0.0,,,,0.0
31760414_1,210,"Looking at your guys situation makes me realise how lucky I am that my high school is 100 % white however even in my remote countryside community there are more and more black 's moving into the area , and their kids .",blacks are taking over the country.,conclusion,"my high school is 100% white. there are more and more black people moving into the area. Therefore, i am lucky to have a white high school, and i don't want black people in my community.",1,CFS,CFS,,,,,NFS,CFS,CFS,,,,,NFS,UFS,UFS,,,,,NFS,CFS,CFS,,,,,NFS,0.0,0.0,,,,,0.0
12866622_1,211,"If your house door was locked , but at midnight your neighbor opened the door for some muslims to come inside and take your stuff , rape your wife and beat you nearly to death ... would you still think your neighbor was a nice guy ?",muslims are rapists.,premise2,"your house door was locked. your neighbor opened the door for some muslims to come inside. the muslims took your stuff, raped your wife and beat you nearly to death. . Therefore, you would not think your neighbor was a nice guy.",1,UFS,UFS,UFS,,,,UFS,UFS,UFS,UFS,,,,NFS,UFS,UFS,UFS,,,,NFS,UFS,UFS,UFS,,,,NFS,0.0,0.0,0.0,,,,0.0
13391410_1,212,they act as if negros with aids should have the right to reproduce when they will die off and have no way to take care of the kid I cant believe that they are doing this by the millions its crazy,black people have aids.,premise0,"they act as if negros with aids should have the right to reproduce. they will die off and have no way to take care of the kid. Therefore, i can't believe that they are doing this by the millions, it's crazy.",1,NFS,CFS,,,,,NFS,UFS,NFS,,,,,NFS,NFS,NFS,,,,,NFS,NFS,NFS,,,,,NFS,0.0,0.0,,,,,0.0
13446781_3,213,When most whites today have so much white guilt laid upon them that they feel they have to act black or have sexual relations and children with blacks just to be accepted there is a problem with the white race memo .,black people are inferior.,premise1,"whites today have white guilt laid upon them. they feel they have to act black or have sexual relations and children with blacks. Therefore, there is a problem with the white race.",1,UFS,CFS,,,,,NFS,NFS,CFS,,,,,CFS,NFS,NFS,,,,,NFS,NFS,CFS,,,,,NFS,0.0,0.0,,,,,0.0
13467138_1,214,"They should make all know about this book his friends as that they know like are the things , we need that all the whites know like they are the things and the Jewish threat and negroid on our race .",jewish people are dangerous.,conclusion,"all of his friends should know about this book. Therefore, all whites should be aware of the jewish threat and the threat of the negroid race to our race.",1,NFS,,,,,,CFS,NFS,,,,,,NFS,NFS,,,,,,NFS,NFS,,,,,,NFS,0.0,,,,,,0.0
13480579_1,215,"just saw a hershey 's commercial on tv , ca n't find it on jewtube shows a White woman happily sharing candy with some mop headed groid male on an escalator guess I wo n't be buying that stuff ever again",jewish folks are goths.,premise2,"i just saw a hershey's commercial on tv. i can't find it on youtube. it shows a white woman happily sharing candy with some mop headed groid male on an escalator. Therefore, i won't be buying that stuff ever again.",1,UFS,UFS,UFS,,,,NFS,UFS,UFS,UFS,,,,NFS,UFS,UFS,UFS,,,,NFS,UFS,UFS,UFS,,,,NFS,0.0,0.0,0.0,,,,0.0
13484565_1,216,"i've felt anger when i 've read it on forum , but we have to do our part and speaking at loud voice this fact , because , for example , i 'm from europe and this fact is not pased on tv news or in the news paper ... knows your enemies is the first pass for vicory on them !",immigrants are enemies.,conclusion,"we have to do our part and speak out loud about the fact that hate is not being reported in the news or in the newspapers. knowing our enemies is the first step to victory over them. Therefore, we must take action to speak out against hate and to know our enemies in order to defeat them.",1,CFS,NFS,,,,,NFS,CFS,NFS,,,,,NFS,NFS,NFS,,,,,NFS,CFS,NFS,,,,,NFS,0.0,0.0,,,,,0.0
13594099_1,217,hope one day i will be able to see finland withouth those * * * * ing monkey ass soumalian ... im glad .. because finland has lowest immigrate in europe ..... kick those * * * * ing soumalians ass .....,black people are monkeys.,conclusion,"finland has the lowest immigration rate in europe. there are soumalians in finland. Therefore, kick the soumalians out of finland.",1,CFS,CFS,,,,,NFS,CFS,CFS,,,,,NFS,CFS,CFS,,,,,NFS,CFS,CFS,,,,,NFS,0.0,0.0,,,,,0.0
13843470_1,218,"These are the latest statistics , Ethnic groups : Irish 87.4 % , other white 7.5 % , Asian 1.3 % , black 1.1 % , mixed 1.1 % , unspecified 1.6 % ( 2006 census ) , so even if that seven percent was all poles , if you add up all the mud races , it would be equivalent .",black people are inferior.,conclusion,"irish 87.4%, other white 7.5%, asian 1.3%, black 1.1%, mixed 1.1%, unspecified 1.6% (2006 census). . even if that seven percent was all poles. Therefore, all the ""mud races"" (non-white ethnic groups) are equivalent in number to the poles.",1,CFS,NFS,,,,,CFS,CFS,CFS,,,,,CFS,CFS,CFS,,,,,CFS,CFS,CFS,,,,,CFS,0.0,0.0,,,,,0.0
13843768_1,219,and i bet not a single one was a dirty African.they will be well taken care of on welfare payments.just like the old days the Irish starve and have to go abroad to find work only this time parasitical foriegners stay here in nice new homes well fed watching big flat screen tellyspeople of Ireland WAKE UP !,africans are poor.,conclusion,"african people are receiving welfare payments. irish people have to go abroad to find work. foreigners are staying in nice new homes, well fed and watching big flat screen tvs.  . Therefore, people of ireland should wake up and take action against the foreigners who are taking advantage of the welfare system.",1,CFS,CFS,CFS,,,,CFS,CFS,CFS,CFS,,,,NFS,CFS,CFS,CFS,,,,NFS,CFS,CFS,CFS,,,,NFS,0.0,0.0,0.0,,,,0.0
13862513_1,220,i am just down the road to you.welcome to the board.it breaks my heart every time i go to Galway city and see the amount of niggas there.the other week i was walking down shop street and there was a moslem standing in the street selling copies of the koran,black people are inferior.,conclusion,"every time i go to galway city, i see a lot of niggas. the other week i was walking down shop street and there was a muslim selling copies of the koran. Therefore, i feel heartbroken because of the presence of people of color and muslims in galway city.",1,CFS,UFS,,,,,NFS,UFS,UFS,,,,,CFS,UFS,UFS,,,,,NFS,UFS,UFS,,,,,NFS,0.0,0.0,,,,,0.0
14667513_1,221,They preach diversity at their professor jobs and government jobs and it makes those White Liberal Neighborhoods and gated communities TOO white and in need of some `` nigga flavor '' at home the joy of diversity right in their White daughter 's bedroom !,black people are inferior to whites.,conclusion,"white liberal neighborhoods and gated communities are too white. there is a need for ""nigga flavor"" in these communities.  . Therefore, the joy of diversity should be brought into white daughter's bedrooms.",1,CFS,CFS,,,,,CFS,CFS,NFS,,,,,NFS,NFS,NFS,,,,,NFS,CFS,NFS,,,,,NFS,0.0,0.0,,,,,0.0
31723707_3,222,"There is only about 10 niggas in our school and 300 fucking spics. its my senior year and i really cant stand all this anymore. i know there are lots of others on this board that feel the same , but i need some support !",black folks and hispanics are inferior.,conclusion,"there are only 10 niggas in our school and 300 fucking hispanic kids. it is the senior year. there are others who feel the same. Therefore, the speaker cannot stand the large number of hispanic people in the school and needs support.",1,CFS,CFS,NFS,,,,NFS,CFS,UFS,UFS,,,,NFS,UFS,UFS,UFS,,,,NFS,CFS,UFS,UFS,,,,NFS,0.0,0.0,0.0,,,,0.0
31760414_1,223,"Looking at your guys situation makes me realise how lucky I am that my high school is 100 % white however even in my remote countryside community there are more and more niggas moving into the area , and their kids .",black folks are invading us.,conclusion,"my high school is 100% white. there are more and more niggas moving into the area. Therefore, i am lucky to have a white high school, and i don't want black people in my community.",1,CFS,CFS,,,,,NFS,CFS,CFS,,,,,NFS,UFS,UFS,,,,,NFS,CFS,CFS,,,,,NFS,0.0,0.0,,,,,0.0
13480579_1,224,"just saw a hershey 's commercial on tv , ca n't find it on jewtube shows a White woman happily sharing candy with a jew on an escalator guess I wo n't be buying that stuff ever again",jews are inferior.,premise2,"i just saw a hershey's commercial on tv. i can't find it on youtube. it shows a white woman happily sharing candy with a jew on an escalator. Therefore, i won't be buying that stuff ever again.",1,UFS,UFS,UFS,,,,NFS,UFS,UFS,UFS,,,,NFS,UFS,UFS,UFS,,,,NFS,UFS,UFS,UFS,,,,NFS,0.0,0.0,0.0,,,,0.0
13843470_1,225,"These are the latest statistics , Ethnic groups : Irish 87.4 % , other white 7.5 % , Asian 1.3 % , black 1.1 % , mixed 1.1 % , unspecified 1.6 % ( 2006 census ) , so even if that seven percent was all poles , if you add up all the non-white people , it would be equivalent .",people of color are inferior.,conclusion,"irish 87.4%, other white 7.5%, asian 1.3%, black 1.1%, mixed 1.1%, unspecified 1.6% (2006 census). . even if that seven percent was all poles. Therefore, all the non-white ethnic groups are equivalent in number to the poles.",1,CFS,NFS,,,,,CFS,CFS,CFS,,,,,CFS,CFS,CFS,,,,,CFS,CFS,CFS,,,,,CFS,0.0,0.0,,,,,0.0
13850107_1,226,An Irish prison is like a luxury hotel where they come and thats even if they get sent to prison and thats if they get do n't flee the country and thats if they get caught doing the crime ... so crime does pay in Ireland .,Immigrants are criminals,premise0,"An Irish prison is like a luxury hotel.People don't flee the country if they get caught doing the crime.Therefore, Crime pays in Ireland.",1,CFS,CFS,,,,,CFS,CFS,CFS,,,,,CFS,CFS,CFS,,,,,CFS,CFS,CFS,,,,,CFS,0.0,0.0,,,,,0.0
14669497_1,227,"why do you white nationalist try to spread fear in blacks saying that the jews do not care for them. jews are the reason affirmative action is in place which allows us to take your jobs. jews are the reason so many blacks have become rich including myself. so why do you think their just using us ? jews are your enemy and so are we so what you feel you need to do is make your enemy against each other. is that right. you want blacks against the jews. well guess what , not goinna happen. the jews needs blacks as much as blacks need the jews and together they are a force to be recon with .",,,"White nationalists spread fear in blacks by claiming that Jews do not care for them. Jews are responsible for affirmative action, which allows blacks to take jobs. Many blacks, including myself, have become rich because of jews. White nationalists want to create conflict between blacks and Jews. the jews needs blacks as much as blacks need the jews and together they are a force to be recon with . Therefore, not goinna happen. .",0,CFS,CFS,CFS,CFS,CFS,,NFS,CFS,CFS,UFS,CFS,NFS,,NFS,CFS,NFS,CFS,NFS,NFS,,NFS,CFS,CFS,CFS,CFS,NFS,,NFS,0.0,0.0,0.0,0.0,0.0,,0.0
14055875_4,228,"Some Serbian beings are for example : Bauk , Bukavac , Cikavac , Psoglav ( also in Croatia ) , Stuhać , Sreća , Zduhać , etc. ; Poles had Złota Baba , Karzełek , Boginki , Polevik , etc. ; the Russians had many of their own of course ( Ded Moroz was an evil wizard originally , but was transformed into a `` Santa Claus variant '' by Christians ) ; we Slovenians had Kurent , and we still dress the part and celebrate this every year : Some tribes neighbouring Germanic and Baltic tribes even incorporated Germanic and Baltic gods and creatures .",,,"Some Serbian beings are known as Bauk, Bukavac, Cikavac, Psoglav, Stuha��, Sre��a, Zduha��, etc. Poles have their own mythical creatures such as Z��ota Baba, Karze��ek, Boginki, and Polevik. Russians also have their own mythical creatures, with Ded Moroz originally being an evil wizard but later transformed into a Santa Claus figure. Slovenians have their own mythical creature called Kurent, which is still celebrated annually. Some tribes living near Germanic and Baltic tribes have incorporated their gods and creatures into their own beliefs. ",0,CFS,CFS,CFS,CFS,CFS,,,CFS,CFS,CFS,CFS,CFS,,,CFS,CFS,CFS,CFS,CFS,,,CFS,CFS,CFS,CFS,CFS,,,0.0,0.0,0.0,0.0,0.0,,
14027961_1,229,"Betrayal of bright pupils : Two thirds who shine at age of 11 are steered into soft subjects at GCSE Just 33.9 % of teenagers from disadvantaged homes gained at least five Cs in their GCSEs last summer - including English and maths - compared with 58.2 % of all pupils attending state schools Yet again , selective schools dominate top of the tables Schools Minister Nick Gibb : ' Today 's figures reveal a shocking waste of talent in many schools across the country ' Read more : Two thirds of top achievers at 11 not taking key GCSEs | Mail Online",,,"Two thirds of bright pupils at age 11 are directed towards soft subjects at GCSE. Only 33.9% of disadvantaged teenagers achieved at least five Cs in their GCSEs, compared to 58.2% of all state school pupils. Selective schools continue to dominate the top of the tables. Schools Minister Nick Gibb believes there is a shocking waste of talent in many schools across the country. ",0,CFS,CFS,CFS,CFS,,,,CFS,CFS,CFS,UFS,,,,UFS,UFS,CFS,CFS,,,,CFS,CFS,CFS,CFS,,,,0.0,0.0,0.0,0.0,,,
30765174_1,230,"i was brought up the same way my father always told me if someone hit me i was to hit them back and twice as hard so they thought twice about doing it again he also told me `` when my mother was out of earshot '' that if the person was bigger than me i was to pick up the nearest thing to hand and smash their head in with it and not to stop till the ambulance came , needless to say i speny most of my teens chasing the bigger kids around with a baseball bat .....",,,"i was brought up the same way my father always told me if someone hit me i was to hit them back and twice as hard so they thought twice about doing it again. he also told me that if the person was bigger than me i was to pick up the nearest thing to hand and smash their head in with it and not to stop till the ambulance came. Therefore,  i speny most of my teens chasing the bigger kids around with a baseball bat .",0,NFS,NFS,,,,,UFS,UFS,UFS,,,,,UFS,UFS,UFS,,,,,UFS,UFS,UFS,,,,,UFS,0.0,0.0,,,,,0.0
14034183_1,231,"I havent seen a white security gaurd for years.although i did see a black security gaurd chasing a lithuanian shoplifter a few weeks ago it was hilarious.i was waiting to cross the road when i saw this guy run from the shop with a bag full of meat and cheese , he got two steps out of the shop and tripped up the bag fell in the road with the shoplifter almost getting run over , he got straight up and run like the wind chased by security ( who failed to catch the thief )",,,I havent seen a white security gaurd for years. I saw a black security guard chasing a Lithuanian shoplifter a few weeks ago. i was waiting to cross the road when i saw this guy run from the shop with a bag full of meat and cheese. he got two steps out of the shop and tripped up the bag fell in the road with the shoplifter almost getting run over. he got straight up and run like the wind chased by security ( who failed to catch the thief ).,0,UFS,UFS,UFS,UFS,UFS,,,UFS,UFS,UFS,UFS,UFS,,,UFS,UFS,UFS,UFS,UFS,,,UFS,UFS,UFS,UFS,UFS,,,0.0,0.0,0.0,0.0,0.0,,
14106626_2,232,"Mithotyn yea maybe in Germany and other Western European countries nazis are banned from everywhere , but in Bulgaria u can live , * * * * gypsies and some * * * * * * s/not much = 15-20 ppl in my town / u can dress like skin and beat punks/not much 15-20 guys / and ..... just u can do everything but if u live here u will not have money ( hehe i will cut some of my fingers if someone american come to live in Bulgaria ...",,,"In Germany and other Western European countries, Nazis are banned from everywhere. In Bulgaria u can live , * * * * gypsies and some * * * * * * s/. There are only 15-20 people in my town who dress like skin and beat punks. You can do everything in Bulgaria, but you will not have much money. Therefore, I will cut some of my fingers if someone american come to live in Bulgaria .",0,CFS,CFS,CFS,CFS,,,NFS,CFS,CFS,UFS,CFS,,,NFS,CFS,CFS,UFS,CFS,,,NFS,CFS,CFS,UFS,CFS,,,NFS,0.0,0.0,0.0,0.0,,,0.0
14297717_8,233,"That 's the only beach i 've ever been to and then again i 've only been 4 or so times , the first time I went I saw 3 skins , two being guys and one had a panzerfaust shirt on and the other had a big swazi on his lower back and it did n't seem like he was getting * * * * for it in public , then I saw a few other 's on later trip 's , you 're not alone comrade .",,,"That 's the only beach i 've ever been to and then again i 've only been 4 or so times. One of the people had a panzerfaust shirt and the other had a swastika tattoo. it did n't seem like he was getting * * * * for it in public. I saw a few other 's on later trip 's. Therefore, you 're not alone comrade.",0,UFS,UFS,UFS,UFS,,,NFS,UFS,UFS,UFS,UFS,,,NFS,UFS,UFS,UFS,UFS,,,NFS,UFS,UFS,UFS,UFS,,,NFS,0.0,0.0,0.0,0.0,,,0.0
31755282_1,234,"i sit around everyday saying white pride and all , but i dont feel really involved , yet whites are being destroyed today more than ever , white culture is being destroyed more than ever. i dont know about everyone else but im sick off just watching it from the sidelines. i dont want to see my children be exposed to society like this. i want a change at all costs today. if anyone is in driving distance of massachusetts , post back .",,,"I sit around everyday saying white pride and all. I don't feel really involved. White culture is being destroyed today more than ever. I am sick of just watching it from the sidelines. I don't want to see my children exposed to society like this. I want a change at all costs today. Therefore, if anyone is in driving distance of massachusetts , post back .",0,UFS,NFS,CFS,NFS,NFS,NFS,NFS,UFS,NFS,CFS,NFS,NFS,NFS,NFS,UFS,NFS,CFS,NFS,NFS,NFS,NFS,UFS,NFS,CFS,NFS,NFS,NFS,NFS,0.0,0.0,0.0,0.0,0.0,0.0,0.0
30690932_1,235,I am new on here and so far i like most of what i have seen.I am looking for some suggestions on reading material i should read to educate myself about my heritage and how to protect it.I know there are some intelligent people on here who can point me in the right direction or even share some of their knowledge with me so i can be more educated and prepared to be able to help not only myself but my race .,,,"I am new on here and so far i like most of what i have seen. I am looking for some suggestions on reading material i should read to educate myself about my heritage and how to protect it. I know there are some intelligent people on here who can point me in the right direction or even share some of their knowledge with me. Therefore, i can be more educated and prepared to be able to help not only myself but my race .",0,NFS,NFS,NFS,,,,NFS,NFS,NFS,UFS,,,,NFS,NFS,NFS,NFS,,,,NFS,NFS,NFS,NFS,,,,NFS,0.0,0.0,0.0,,,,0.0
14264199_1,236,yes I was on his call list there at the hospital since I was down there I had to be to get in touch with him for the plummer and for anything else I needed from him as soon as I talk to him at the jail I will let you all know. or if you want to leave a message for him you can just pm me and ill give you the number and you can ask him your self,,," I was on his call list there at the hospital.  I had to be to get in touch with him for the plummer and for anything else I needed from him. Therefore, as soon as I talk to him at the jail I will let you all know. or if you want to leave a message for him you can just pm me and ill give you the number and you can ask him your self.",0,UFS,UFS,,,,,NFS,UFS,NFS,,,,,NFS,UFS,UFS,,,,,NFS,UFS,UFS,,,,,NFS,0.0,0.0,,,,,0.0
30432059_1,237,It is about time damn it If we keep listening to the damn Ass teachers we are going to change from Aryan to Airy Einstein is Airy want us to believe in time travel and hooking up a hose to the sky to funnel dark energy when the damn professors funneling funds and teaching Einstein 's stupidity I can prove Einstein stupid and I tried to meet David Duke to end Einstein and he did not reply Any History makers ?,,,It is about time damn it If we keep listening to the damn Ass teachers we are going to change from Aryan to Airy. Einstein is Airy want us to believe in time travel and hooking up a hose to the sky to funnel dark energy. Professors are funneling funds and teaching Einstein 's stupidity. I can prove Einstein stupid. I tried to meet David Duke to end Einstein and he did not reply.,0,CFS,CFS,CFS,NFS,UFS,,,NFS,CFS,CFS,NFS,UFS,,,NFS,NFS,CFS,CFS,UFS,,,NFS,CFS,CFS,NFS,UFS,,,0.0,0.0,0.0,0.0,0.0,,
30739068_1,238,"http://www.sfgate.com/cgi-bin/articl...BAJK19A7M6.DTL ``Based on the rate of improvement from 2003 to 2009 , it would take up to 105 years to close the white/Hispanic achievement gap and at least 189 years to close the white/black gap , which has failed to narrow by even a point in English since 2003 , according to scores released Tuesday . '' and `` Wealthier black students score well below their white and Asian counterparts , including those who are from low-income families . ''",,,"Based on the rate of improvement from 2003 to 2009 , it would take up to 105 years to close the white/Hispanic achievement gap and at least 189 years to close the white/black gap . The white/black gap has failed to narrow by even a point in English since 2003. Wealthier black students score well below their white and Asian counterparts. This includes those who are from low-income families.
. ",0,CFS,CFS,CFS,CFS,,,,CFS,CFS,CFS,CFS,,,,CFS,CFS,CFS,CFS,,,,CFS,CFS,CFS,CFS,,,,0.0,0.0,0.0,0.0,,,
14417601_1,239,Our youth are our future indeed ! Just as Hitler 's youth ours must be addressed early to the doctrines in order to secure a foundamental inherent belief system which corressponds within a timely manner enabling them and thier thought processes to formulate and adjust to rudimentary belief functions incorporating all thier senses.They must become keenly aware of social agendas and political ramifications of action v.s. inaction as it pertains to strategical logistics of a growing super power .,,,"Just as Hitler 's youth ours must be addressed early to the doctrines in order to secure a foundamental inherent belief system. The belief system must correspond within a timely manner. The belief system must enable them and their thought processes to formulate and adjust to rudimentary belief functions incorporating all senses. The youth must become keenly aware of social agendas. The youth must become aware of political ramifications of action and inaction. The youth must understand the strategic logistics of a growing superpower. Therefore, Our youth are our future indeed !.",0,NFS,NFS,NFS,NFS,NFS,NFS,NFS,NFS,NFS,NFS,NFS,NFS,NFS,NFS,NFS,NFS,NFS,NFS,NFS,NFS,NFS,NFS,NFS,NFS,NFS,NFS,NFS,NFS,0.0,0.0,0.0,0.0,0.0,0.0,0.0
14102501_1,240,im a 29 year old proud white male who is looking to surround myself with other proud white individuals. im not a radical just a normal guy who is proud of my culture and is tired of being looked down upon from society for being a proud white male. also tired of the `` white boyz '' who are clueless of who they are and where they come from. if anyone wants to know more about please ask,,,"im a 29 year old proud white male. I'm looking to surround myself with other proud white individuals. im not a radical just a normal guy who is proud of my culture. I'm tired of being looked down upon from society for being a proud white male. tired of the `` white boyz '' who are clueless of who they are and where they come from. Therefore, if anyone wants to know more about please ask.",0,UFS,UFS,UFS,UFS,UFS,,NFS,UFS,NFS,NFS,NFS,NFS,,NFS,UFS,UFS,UFS,NFS,NFS,,NFS,UFS,UFS,UFS,NFS,NFS,,NFS,0.0,0.0,0.0,0.0,0.0,,0.0
12860520_2,241,"White Irish nationalist for Ireland White German nationalist for Germany White Dutch people for the Netherlands Thats not hard borders are very important even between European countries To destroy or harm any culture is a crime against humanity and melting down all the smaller countries into one big country destroying there languages and so on would just be wrong , we should work together yes we are all white and all brothers and our nations are sacred .",,,"White Irish nationalist for Ireland White German nationalist for Germany White Dutch people for the Netherlands. Borders are very important even between European countries. Destroying or harming any culture is a crime against humanity. Melting down smaller countries into one big country would be wrong. We are all white and all brothers and our nations are sacred . Therefore, We should work together.",0,NFS,CFS,CFS,CFS,NFS,,NFS,NFS,CFS,CFS,CFS,CFS,,NFS,NFS,NFS,CFS,NFS,NFS,,NFS,NFS,CFS,CFS,CFS,NFS,,NFS,0.0,0.0,0.0,0.0,0.0,,0.0
13585108_3,242,"For example , on the second day of the week , the Brits celebrated the God `` Tyr '' ( Tyrsday ) ; on the third day of the week , they celebrated the God Odin , known in Saxon as `` Wodin '' ( Wodinsday ) ; on the fourth day of the week , they celebrated Thor ( Thorsday ) and on the fifth day of the week celebrated Frigg ( Friggsday ) .",,,"The Brits celebrated the God Tyr on the second day of the week. The God Odin was celebrated on the third day of the week. The God Odin is known as ""Wodin"" in Saxon. Thor was celebrated on the fourth day of the week. Frigg was celebrated on the fifth day of the week. ",0,CFS,CFS,CFS,CFS,CFS,,,CFS,CFS,CFS,CFS,CFS,,,CFS,CFS,CFS,CFS,CFS,,,CFS,CFS,CFS,CFS,CFS,,,0.0,0.0,0.0,0.0,0.0,,
30653614_2,243,"If a person 's sexuality is an issue for them only then it should be an issue for us , normal people of either orientation do n't have their sex life at the centre of their attention all the time , a heterosexual deviant is just as much as a problem as a homosexual deviant and there are more straight perverts and psychos around trying to `` infiltrate '' groups than there are homosexuals .",,,"Normal people of either orientation do n't have their sex life at the centre of their attention all the time. A heterosexual deviant is just as problematic as a homosexual deviant. There are more straight perverts and psychos attempting to infiltrate groups than there are homosexuals. Therefore, If a person 's sexuality is an issue for them only then it should be an issue for us.",0,CFS,CFS,CFS,,,,NFS,CFS,CFS,CFS,,,,NFS,CFS,NFS,CFS,,,,NFS,CFS,CFS,CFS,,,,NFS,0.0,0.0,0.0,,,,0.0
30776478_1,244,My favorite part. sheds some light on how the Holocaust is taught in high schools around the world ^ ^ ^ ^ ^ ^ ^ ^ ^ ^ ^ ^ got to keep the bankroll going in every country in every high school on the global map They have jew inspectors going to every high school making sure the holocaust is being properly taught ( if you know what i mean ) .,,,My favorite part. sheds some light on how the Holocaust is taught in high schools around the world. got to keep the bankroll going in every country in every high school on the global map. They have jew inspectors going to every high school making sure the holocaust is being properly taught ( if you know what i mean ) .,0,NFS,CFS,CFS,,,,,NFS,NFS,CFS,,,,,NFS,UFS,CFS,,,,,NFS,CFS,CFS,,,,,0.0,1.0,0.0,,,,
14105712_1,245,"hey im new on this site , what im looking for is a beutifull aryan woman to spend my days with.im in columbus , ohio.looking for my mate to live in columbus or surrounding areas. im 30 yrs old , ( but look 20 or so ) light brown hair , blue eyes.proffesional service technician , with alot of interest. if your looking fr near the same get ahold of me . eric",,,"im new on this site. Im looking for is a beutifull aryan woman to spend my days with. im in columbus , ohio.looking for my mate to live in columbus or surrounding areas. im 30 yrs old , ( but look 20 or so ) light brown hair , blue eyes. proffesional service technician , with alot of interest. Therefore, if your looking fr near the same get ahold of me . eric.",0,UFS,UFS,UFS,UFS,UFS,,NFS,NFS,NFS,NFS,UFS,UFS,,NFS,UFS,UFS,UFS,UFS,UFS,,NFS,UFS,UFS,UFS,UFS,UFS,,NFS,0.0,0.0,0.0,0.0,0.0,,0.0
30704895_1,246,"if i end up with kids i would prefer to home school them.  i worry about it though as i am not very intelligent , nor do i have experience with kids or educating them. i guess i couldnt do much worse than the public schools though. i do have a kind of plan as far as social skills. i would put my kids in sports and classes like gymnastics and karate .",,,"i worry about my kids education as i am not very intelligent , nor do i have experience with kids or educating them. i guess i couldnt do much worse than the public schools though. i do have a kind of plan as far as social skills. i would put my kids in sports and classes like gymnastics and karate . Therefore, if i end up with kids i would prefer to home school them. .",0,UFS,NFS,NFS,,,,NFS,NFS,NFS,NFS,,,,NFS,UFS,NFS,NFS,,,,NFS,UFS,NFS,NFS,,,,NFS,0.0,0.0,0.0,,,,0.0
13455402_4,247,I 'm not saying `` do n't go out of your house and do n't talk to anyone '' but it 's really important to stay grounded with a group who are n't part of the mass. It 's much easier to remain independent and avoid being caught under the stampede if you have a reminder that you are n't the only person who 's not part of the mass. Uuuugh !,,,It is important to stay grounded with a group who are not part of the mass. It is easier to remain independent and avoid being caught under the stampede if you have a reminder. You are not the only person who is not part of the mass.,0,NFS,NFS,NFS,,,,,NFS,NFS,NFS,,,,,NFS,NFS,UFS,,,,,NFS,NFS,NFS,,,,,0.0,0.0,0.0,,,,
30507540_1,248,She is off this week from school for thanksgiving and my other kids had school still for 2 days so she went with me to school.On way back was explaining to her my side and her mothers side of our heritage and explaining to her where the different countries were and told her we can get a map of Europe and she can color in the countries we are from .,,,"She is off this week from school for thanksgiving. My other kids had school still for 2 days. She went with me to school. On the way back, I was explaining to her my side and her mother's side of our heritage. I was explaining to her where the different countries were. I told her we can get a map of Europe. She can color in the countries we are from. ",0,UFS,UFS,UFS,UFS,UFS,UFS,UFS,UFS,UFS,UFS,NFS,NFS,NFS,NFS,UFS,UFS,UFS,UFS,UFS,UFS,NFS,UFS,UFS,UFS,UFS,UFS,UFS,NFS,0.0,0.0,0.0,0.0,0.0,0.0,0.0
13590736_1,249,well here we have it a white european team against a latin american team. we have done so well so far. that a white team has come this far is being considered as incredible by some. but since the next games are in germany2006 would n't it be wonderful if a northern european team won this !!! already i have read about german superiority rascist remarks. pamela leighas pallessen-scherehart,,,Well here we have it a white european team against a latin american team. We have done so well so far. that a white team has come this far is being considered as incredible by some. The next games will take place in Germany in 2006. It would be wonderful if a northern European team won. already i have read about german superiority rascist remarks.,0,UFS,NFS,NFS,CFS,NFS,NFS,,NFS,NFS,NFS,CFS,NFS,NFS,,UFS,NFS,UFS,CFS,NFS,UFS,,UFS,NFS,NFS,CFS,NFS,NFS,,0.0,0.0,0.0,0.0,0.0,0.0,
13462686_10,250,"The word nationalism to this day doesnt have a watertight definition however this is what I think it should mean in this context : White nationalism is the belief that the white race must obtain a country for only members of their race to reside in , for the purpose of preserving their race 's existence as a biological category and as well as their races culture .",,,The word nationalism to this day doesnt have a watertight definition. White nationalism is the belief that the white race must obtain a country for only members of their race to reside in . The purpose of white nationalism is to preserve the white race's existence and culture.,0,CFS,CFS,CFS,,,,,CFS,CFS,CFS,,,,,CFS,CFS,CFS,,,,,CFS,CFS,CFS,,,,,0.0,0.0,0.0,,,,
14106131_1,251,hey i definitly know what your going through. i am a reserve officer in my town just so i can bust the * * * * * * crack dealers. i have no better enjoyment than to watch one squirm before he is sent up the river. my town is mostly * * * * * * s so you already know i am a very busy officer,,,"i am a reserve officer in my town.  i can bust the * * * * * * crack dealers. i have no better enjoyment than to watch one squirm before he is sent up the river. my town is mostly * * * * * * s. Therefore, I am a very busy officer.",0,UFS,UFS,UFS,UFS,,,UFS,UFS,UFS,NFS,UFS,,,UFS,UFS,NFS,UFS,NFS,,,UFS,UFS,UFS,UFS,UFS,,,UFS,0.0,0.0,0.0,0.0,,,0.0
14108767_1,252,hi i have short hair im 5 ' 5 racist as hell im not fat im from mass theres a small group of us out here it 's so hard to new meet people with your believes im just looking to date some one who gets were im coming from are make new friends so if your out there give me a email back 88 heily : explode,,,"I have short hair. I'm 5 ' 5 racist as hell. I'm from Massachusetts. theres a small group of us out here. it 's so hard to new meet people with your believes. Therefore, if your out there give me a email back.",0,UFS,UFS,UFS,UFS,UFS,,NFS,UFS,UFS,UFS,NFS,NFS,,NFS,UFS,UFS,UFS,UFS,NFS,,NFS,UFS,UFS,UFS,UFS,NFS,,NFS,0.0,0.0,0.0,0.0,0.0,,0.0
30482558_2,253,"If you really want to change that bad grammar habit , simply practice at home ( or in your work cubicle ) - say out loud `` would have '' , `` should have '' , `` could have '' 100 times a day for each phrase ( yes for a total of 300 times per day ) until it is part of your normal everyday speech .",,,"If you really want to change that bad grammar habit , simply practice at home ( or in your work cubicle ). Therefore, Say out loud `` would have '' , `` should have '' , `` could have '' 100 times a day for each phrase ( yes for a total of 300 times per day ) until it is part of your normal everyday speech .",0,NFS,,,,,,NFS,NFS,,,,,,NFS,NFS,,,,,,NFS,NFS,,,,,,NFS,0.0,,,,,,0.0
14096118_1,254,"drinking does ease the sorrow of a lonely life .. it 's so tempting to just go out and get drunk , and laid like i did in my youth .. but i have n't got the energy for it anymore .. more likely to lie in bed and cry until it 's time to go work .. still hoping life gets better than this : drink 2508",,,"Drinking does ease the sorrow of a lonely life. It 's so tempting to just go out and get drunk , and laid like i did in my youth. I have n't got the energy for it anymore. more likely to lie in bed and cry until it 's time to go work .. still hoping life gets better than this. ",0,CFS,NFS,NFS,NFS,,,,UFS,NFS,NFS,NFS,,,,NFS,NFS,NFS,NFS,,,,CFS,NFS,NFS,NFS,,,,1.0,0.0,0.0,0.0,,,
13474316_1,255,"David Allen Snyder , age 26 , died on October 18 , 2009 at his residence in Findlay , Ohio R.I.P. David Allen Snyder Obituary at Coldern Crates Funeral Homes The jury took only about four hours Tuesday afternoon and early evening to convict Cornelius Patterson Junior of the October , 2009 murder of 26-year-old David Snyder in a Jennifer Lane apartment complex where both men lived .",,,"David Allen Snyder, age 26, died on October 18, 2009 at his residence in Findlay, Ohio. Cornelius Patterson Junior was convicted of the October 2009 murder of David Snyder. The murder took place in a Jennifer Lane apartment complex where both men lived. ",0,CFS,CFS,CFS,,,,,CFS,CFS,CFS,,,,,CFS,CFS,CFS,,,,,CFS,CFS,CFS,,,,,0.0,0.0,0.0,,,,
30674539_1,256,"Sorry but the no child left behind program is bull in my mind , but if people are unintelligent it means they wo n't think for themselves and if they do n't think for themselves they are easier to control. thats pretty much laying down the ground work for for future generations of kids to be obese , corperate sell outs for the government to use .",,,"The no child left behind program is bull in my mind. If people are unintelligent it means they wo n't think for themselves. If they do n't think for themselves they are easier to control. Thats pretty much laying down the ground work for future generations of kids to be obese. Therefore, These are corperate sell outs for the government to use.",0,UFS,CFS,CFS,CFS,,,CFS,NFS,NFS,NFS,NFS,,,CFS,UFS,CFS,NFS,NFS,,,NFS,UFS,CFS,NFS,NFS,,,CFS,0.0,0.0,0.0,0.0,,,0.0
31711240_4,257,That s how I and my friends were for awhile we have the same beliefs but knew nothing of the WN movement or WN until one day I was searching the web and came across a white nationalist site and there was a link to stormfront on it and from there I told my friends about it and now we will try and spread the word !,,,"That s how I and my friends were for awhile we have the same beliefs. We knew nothing of the WN movement or WN. One day I was searching the web and came across a white nationalist site and there was a link to stormfront on it. From there I told my friends about it. Therefore, Now we will try and spread the word !.",0,UFS,UFS,UFS,UFS,,,NFS,NFS,NFS,NFS,NFS,,,NFS,UFS,UFS,UFS,UFS,,,NFS,UFS,UFS,UFS,UFS,,,NFS,0.0,0.0,0.0,0.0,,,0.0
31662212_1,258,"i've seen it , the whole thing and i remember the part where he started to talk about BLACK MALES and showed a bunch of these news clips saying `` the suspect is a black male '' etc. acting like we are suppose to feel sorry for them and they are all innocent. and like you said , i don`t think one black person was interviewed ...",,,"I've seen it , the whole thing. I remember the part where he started to talk about BLACK MALES. It showed a bunch of these news clips saying `` the suspect is a black male '' etc. They are acting like we are suppose to feel sorry for them and they are all innocent. I don`t think one black person was interviewed . ",0,UFS,UFS,UFS,UFS,NFS,,,NFS,NFS,NFS,NFS,UFS,,,UFS,UFS,UFS,NFS,NFS,,,UFS,UFS,UFS,NFS,NFS,,,0.0,0.0,0.0,0.0,0.0,,
14023423_1,259,"The first two being the one that starts with ; `` When the discussion of race comes up , this one makes tempers flare like no other. * If a White person says they 're against interracial marriage , then that 's racist. * If a person of color says they 're against interracial marriage , then that 's protecting their culture and heritage . '' ?",,,"If a White person says they 're against interracial marriage , then that 's racist. If a person of color says they 're against interracial marriage , then that 's protecting their culture and heritage . '' ?. Therefore, When the discussion of race comes up , this one makes tempers flare like no other.",0,NFS,NFS,,,,,UFS,UFS,UFS,,,,,NFS,CFS,CFS,,,,,CFS,UFS,NFS,,,,,UFS,1.0,1.0,,,,,1.0
13462686_7,260,"Since your genetic makeup determines your physical appearance , as long as those photos are of authentic native born people living in Non European areas , there probably are some Non European peoples whose genetic makeup as well as physical appearance differs not in the slightest from that of Europeans , then they must be considered white , so there probably are non European whites .",,,"Genetic makeup determines physical appearance. As long as those photos are of authentic native born people living in Non European areas. There are Non European peoples whose genetic makeup and physical appearance are identical to Europeans. Therefore, Non European peoples who have the same genetic makeup and physical appearance as Europeans must be considered white.",0,CFS,CFS,CFS,,,,NFS,CFS,NFS,CFS,,,,CFS,CFS,CFS,CFS,,,,CFS,CFS,CFS,CFS,,,,CFS,0.0,0.0,0.0,,,,0.0
14076798_1,261,"Oh Chrommagus , we are so lucky that you did not destroy this `` gypsy capital of Sofia '' , ( Whatever it means ) I wo n't argue anymore , I discovered that Coldblooded is 15 years old specialist of racial classifications , if he told me that I ca n't post in Slavic thread .. he might be right Big authority .",,,"Oh Chrommagus , we are so lucky that you did not destroy this `` gypsy capital of Sofia '' , ( Whatever it means ). I discovered that Coldblooded is 15 years old specialist of racial classifications. if he told me that I ca n't post in Slavic thread .. he might be right Big authority . Therefore, I won't argue anymore.",0,UFS,NFS,NFS,,,,NFS,NFS,UFS,NFS,,,,NFS,NFS,CFS,NFS,,,,NFS,NFS,CFS,NFS,,,,NFS,0.0,1.0,0.0,,,,0.0
13591809_1,262,"Services account for 62.6 % of GDP Construction , manufacturing , and utilities 25 % of GDP Fish and fish processing 9.9 % Agriculture 1.8 % Main exports Fish and crustaceans 63 % ( 2000 ) Aluminum 19.4 % Tourism Accounted for 14 % of foriegn exchange It looks like they have a pretty modern economy , not many low skill jobs available .",,,"Services account for 62.6% of GDP. Construction, manufacturing, and utilities account for 25% of GDP. Fish and fish processing account for 9.9% of GDP. Agriculture accounts for 1.8% of GDP. Main exports are fish and crustaceans (63%) and aluminum (19.4%). Tourism accounts for 14% of foreign exchange. Therefore, It looks like they have a pretty modern economy , not many low skill jobs available .",0,CFS,CFS,CFS,CFS,CFS,CFS,CFS,CFS,CFS,CFS,CFS,CFS,CFS,CFS,CFS,CFS,CFS,CFS,CFS,CFS,CFS,CFS,CFS,CFS,CFS,CFS,CFS,CFS,0.0,0.0,0.0,0.0,0.0,0.0,0.0
14039881_1,263,"I just got a car , but there is no way I will feel safe enough to drive from the North all the way down , ( I 'm not used to it 's gears yet and wo n't actually be able to drive it on the road till next week ) and the petrol will surely cost even more than public transport ?",,,"I just got a car. I don't feel safe enough to drive from the North all the way down. I'm not used to its gears yet. The petrol will surely cost more than public transport. Therefore, I won't be able to drive it on the road until next week.",0,UFS,UFS,UFS,CFS,,,UFS,UFS,NFS,NFS,CFS,,,NFS,UFS,NFS,UFS,CFS,,,NFS,UFS,NFS,UFS,CFS,,,NFS,0.0,0.0,0.0,0.0,,,0.0
14262586_4,264,It 's good to spook kids with our folklore so they can pass it down .. I just hope it 's not considered child abuse nowadays .. lol .. Just/kid' n It just keeps their minds aware Imagine a kids face when they learn of the stories of our ancestors around the camp fire .. this is a water toast BTW -- >,,,It 's good to spook kids with our folklore so they can pass it down. I just hope it 's not considered child abuse nowadays. Imagine a kids face when they learn of the stories of our ancestors around the camp fire.,0,NFS,CFS,NFS,,,,,NFS,NFS,NFS,,,,,NFS,NFS,NFS,,,,,NFS,NFS,NFS,,,,,0.0,0.0,0.0,,,,
12868966_1,265,I cant stand this guy and hate it when i meet whites and they say how funny they think he is o.k. take away the anti white jokes for a minute the guy just aint funny at all it just blows my mind how they have some talentless black fool in films but you will never see a untalented white basketball player .,,,I cant stand this guy and hate it when i meet whites and they say how funny they think he is. o.k. take away the anti white jokes for a minute the guy just aint funny at all. it just blows my mind how they have some talentless black fool in films. you will never see a untalented white basketball player .,0,NFS,NFS,NFS,CFS,,,,NFS,NFS,NFS,CFS,,,,NFS,NFS,NFS,NFS,,,,NFS,NFS,NFS,CFS,,,,0.0,0.0,0.0,0.0,,,
14299696_1,266,This is definitely the most informal thread I have read about the jewish problem one thing I dont understand is the fact that most jews seem pretty white and the bible says king David had red hair is there a difference in the dna of most jews and europeans or is it mainly a just their condensening holier than thou attitude .,,,"Most jews seem pretty white. the bible says king David had red hair. Therefore, is there a difference in the dna of most jews and europeans or is it mainly a just their condensening holier than thou attitude?",0,CFS,CFS,,,,,NFS,CFS,CFS,,,,,CFS,CFS,CFS,,,,,CFS,CFS,CFS,,,,,CFS,0.0,0.0,,,,,0.0
14430526_5,267,"The homosexual outcasts of the nation quietly moved into San Francisco 's Castro District , and the families who lived there said : `` What is happening here '' Eventually a few conscious Whites noticed and said : `` This is what is happening , and at last , at last , it 's time to wake the sleepers . ''",,,"The homosexual outcasts of the nation moved into San Francisco's Castro District. the families who lived there said : `` What is happening here ''. Eventually a few conscious Whites noticed and said : `` This is what is happening , and at last , at last , it 's time to wake the sleepers . ''. ",0,CFS,UFS,UFS,,,,,CFS,UFS,UFS,,,,,CFS,UFS,UFS,,,,,CFS,UFS,UFS,,,,,0.0,0.0,0.0,,,,
30765154_2,268,"Probably be a good idea to call your kid 's teachers and find out what they are learning about so you dont cause your kids to fall behind in their classwork though , and it will send a message to the school that you dont intend to not educate your kids which might get them off your back a bit .",,,Probably be a good idea to call your kid 's teachers and find out what they are learning about . you dont cause your kids to fall behind in their classwork.  it will send a message to the school that you dont intend to not educate your kids which might get them off your back a bit .,0,NFS,NFS,NFS,,,,,NFS,NFS,NFS,,,,,NFS,NFS,NFS,,,,,NFS,NFS,NFS,,,,,0.0,0.0,0.0,,,,
30793062_1,269,"For gods sake Davison you say `` many '' but I went to Iran when I was little ( I only went to Shiraz & Tehran ) & I never saw anyone with light hair or light eyes , I have since met a few with green eyes but never light hair so it couldnt have been `` many '' .",,,"I went to Iran when I was little ( I only went to Shiraz & Tehran ). I never saw anyone with light hair or light eyes. I have since met a few with green eyes but never light hair. Therefore, It couldnt have been `` many ''.",0,UFS,UFS,UFS,,,,NFS,UFS,UFS,UFS,,,,CFS,UFS,UFS,UFS,,,,NFS,UFS,UFS,UFS,,,,NFS,0.0,0.0,0.0,,,,0.0
31759549_1,270,"im not in history this year. cant really talk about last year cause i forgot most of it by now and what i do remember would be biased cause i didnt join national socialism until coupla months ago , and i dont even know if you could really say i joined. not like u fill out a form or something .",,,"im not in history this year. cant really talk about last year cause i forgot most of it by now. what i do remember would be biased cause i didnt join national socialism until coupla months ago. Therefore, i dont even know if you could really say i joined. not like u fill out a form or something .",0,UFS,UFS,,,,,UFS,NFS,NFS,,,,,NFS,UFS,UFS,,,,,NFS,UFS,UFS,,,,,NFS,0.0,0.0,,,,,0.0
31706302_3,271,"Wiggers by nature are very much influenced by peer pressure ( that 's why they are wiggers ) so make fun of their attire and mannerisms and say things like `` why do n't you act like a white man for a change '' or `` you are really sad , why are you ashamed of being white ? ''",,,"Wiggers by nature are very much influenced by peer pressure ( that 's why they are wiggers ). Therefore, make fun of their attire and mannerisms and say things like `` why do n't you act like a white man for a change '' or `` you are really sad , why are you ashamed of being white ? ''.",0,CFS,,,,,,NFS,CFS,,,,,,NFS,CFS,,,,,,NFS,CFS,,,,,,NFS,0.0,,,,,,0.0
14088893_1,272,on here look in your state. its important that white women speak about it to white men that are on the edge of being liberals or not lol or brainwashed fruit cakes.you can shock them wake them up or remind them. keep it up do n't get down on yourself. men will do whatever a woman says right lol,,,"you can shock them wake them up or remind them. men will do whatever a woman says right lol. Therefore, its important that white women speak about it to white men that are on the edge of being liberals or not lol or brainwashed fruit cakes.",0,NFS,CFS,,,,,NFS,NFS,UFS,,,,,NFS,NFS,NFS,,,,,NFS,NFS,NFS,,,,,NFS,0.0,1.0,,,,,0.0
14430526_3,273,"The hippies moved in from all across the nation to the Haight Ashbury and the family types there said : `` This is a strange community '' The hippies who knew laughed and a group called Buffalo Springfield made a song about it "" `` What is happening here , what it is ai n't exactly clear . ''",,,"The hippies moved in from all across the nation to the Haight Ashbury. the family types there said : `` This is a strange community '. The hippies who knew laughed and a group called Buffalo Springfield made a song about it "" `` What is happening here , what it is ai n't exactly clear . ''. ",0,UFS,UFS,UFS,,,,,CFS,UFS,UFS,,,,,CFS,UFS,CFS,,,,,CFS,UFS,UFS,,,,,0.0,0.0,0.0,,,,
30453770_2,274,This is a picture of Christian Albanian people they do n't look White they look like something from the Caucasus I know my Dad dated a Christian Albanian at one point she was light Brown ( I do n't just mean a tan she was literally light Brown ) she had coal black hair and a massive nose .,,,This is a picture of Christian Albanian people. they do n't look White they look like something from the Caucasus. Dad dated a Christian Albanian at one point she was light Brown ( I do n't just mean a tan she was literally light Brown ). she had coal black hair and a massive nose .,0,UFS,CFS,UFS,UFS,,,,UFS,CFS,UFS,UFS,,,,CFS,CFS,UFS,UFS,,,,UFS,CFS,UFS,UFS,,,,0.0,0.0,0.0,0.0,,,
14263556_1,275,"in a crisis , it wont matter. people will have to join us or face death at the hands of non-whites. its that simple. without the media and schools feeding them lies , they will have nothing to go on by except for real world encounters and cold truth .. and thats when our numbers will get large .",,,"In a crisis, people will have to join us or face death at the hands of non-whites. Without the media and schools feeding them lies, people will have nothing to go on except for real world encounters and cold truth. Therefore, Our numbers will get large when people are exposed to the real world and cold truth.",0,CFS,CFS,,,,,NFS,CFS,CFS,,,,,NFS,NFS,NFS,,,,,NFS,CFS,CFS,,,,,NFS,0.0,0.0,,,,,0.0
13499982_1,276,Oh so we cannot post on this subject because at this moment in time we are not in the same AREA as you .... WHATEVER So I will wait maybe untill next spring when I go to LODZ And JP should wait untill he starts school this winter in Bratislava THEN can we post ?? ......... PLEASE SIR,,,so we cannot post on this subject because at this moment in time we are not in the same AREA as you .... WHATEVER. So I will wait maybe untill next spring when I go to LODZ. JP should wait untill he starts school this winter in Bratislava THEN can we post ?? ......... PLEASE SIR.,0,UFS,NFS,NFS,,,,,NFS,NFS,NFS,,,,,UFS,NFS,NFS,,,,,UFS,NFS,NFS,,,,,0.0,0.0,0.0,,,,
31782617_1,277,They way my mom found out was by my Negro loving sister and my sister found out because a black racist bus driver started to call my sister and her friends racial names so I said I would get some of my friends and we would go on that bus to ``make a statement`` and she told .,,,a black racist bus driver started to call my sister and her friends racial names. I would get some of my friends and we would go on that bus to ``make a statement``. my mom found out was by my Negro loving sister.,0,UFS,UFS,UFS,,,,,UFS,NFS,UFS,,,,,UFS,NFS,UFS,,,,,UFS,NFS,UFS,,,,,0.0,0.0,0.0,,,,
13505191_2,278,"These in Russia i saw was pure black as black as can be , maybe some of them was `` tourists '' and `` students '' but the ones i seen near the out door music show was wearing dirty clothes in their late 20s big gang off them , even seen a girl dating a black .",,,"These in Russia i saw was pure black as black as can be. maybe some of them was `` tourists '' and `` students ''. the ones i seen near the out door music show was wearing dirty clothes in their late 20s big gang off them. Therefore, even seen a girl dating a black .",0,UFS,UFS,UFS,,,,UFS,CFS,CFS,UFS,,,,UFS,UFS,UFS,UFS,,,,UFS,UFS,UFS,UFS,,,,UFS,0.0,0.0,0.0,,,,0.0
14109339_1,279,how are u im looking to make new friends so i ask u would u like to talk to me some time im a guy frome ny just trying to make some new friends if u would like to talk to me u can email me at killergods2001@yahoo.com thanks for your time hope to hear from u,,,"im looking to make new friends. im a guy frome ny. Therefore, if u would like to talk to me u can email me at killergods2001@yahoo.com thanks for your time hope to hear from u.",0,UFS,UFS,,,,,NFS,NFS,NFS,,,,,NFS,UFS,UFS,,,,,NFS,UFS,UFS,,,,,NFS,0.0,0.0,,,,,0.0
30462337_7,280,"If a 10th grade teacher says they 're grading from a rubric that says they 're grading based on grammar , spelling , sentence structure , and format only , they ca n't , in most cases , turn around and give you a failing grade for the assignment because they do n't like the content .",,,"If a 10th grade teacher says they 're grading from a rubric that says they 're grading based on grammar , spelling , sentence structure , and format only they ca n't , in most cases , turn around and give you a failing grade for the assignment because they do n't like the content . ",0,CFS,,,,,,,UFS,,,,,,,NFS,,,,,,,UFS,,,,,,,1.0,,,,,,
13479397_1,281,"Ya know , if they can sell this stuff to White women , what CAN' T they sell them ? They could literally spread dog poop on a bun and charge $ 10 a sandwich ... I ca n't wait to see the commercials and watch some beauty like Sandra Bullock sink her teeth into it !!",,,"if they can sell this stuff to White women , what CAN' T they sell them ?. They could literally spread dog poop on a bun and charge $ 10 a sandwich . Therefore,  I ca n't wait to see the commercials and watch some beauty like Sandra Bullock sink her teeth into it !!.",0,UFS,CFS,,,,,NFS,NFS,UFS,,,,,NFS,NFS,CFS,,,,,NFS,NFS,CFS,,,,,NFS,0.0,0.0,,,,,0.0
14094305_1,282,my first kiss was a girl that lived down the street from me when i was 10.I went to school with her younger sister.Her name was kelsey.She had blonde hair and blue eyes.She was 13.We were at the movies and then I figured I 'd take a chance and try to kiss her and it worked .,,,"My first kiss was a girl called Kelsey that lived down the street from me when i was 10. I went to school with her younger sister. She had blonde hair and blue eyes. She was 13. We were at the movies. Therefore, I figured I 'd take a chance and try to kiss her and it worked.",0,UFS,UFS,UFS,UFS,UFS,,UFS,UFS,UFS,UFS,UFS,UFS,,NFS,UFS,UFS,UFS,UFS,UFS,,NFS,UFS,UFS,UFS,UFS,UFS,,NFS,0.0,0.0,0.0,0.0,0.0,,0.0
13177001_5,283,"I also attended a Masters/PhD graduation ceremony at a major state university a few years ago - none of the CS degrees were awarded to blacks. [ a couple computer degrees went to blacks , but they were in IT with a focus on internet marketing/web-commerce ] So where are all these black computer geniuses hiding ?",,,"I also attended a Masters/PhD graduation ceremony at a major state university a few years ago. None of the CS degrees were awarded to blacks. A couple computer degrees went to blacks, but they were in IT with a focus on internet marketing/web-commerce. Therefore, Where are all these black computer geniuses hiding?.",0,UFS,UFS,UFS,,,,NFS,UFS,CFS,CFS,,,,NFS,UFS,UFS,UFS,,,,NFS,UFS,UFS,UFS,,,,NFS,0.0,0.0,0.0,,,,0.0
13852100_1,284,from reading this i realized there was no date or there is a meeting or something going on outside the ucc in cork at 10 : 30 am on the 10th of march. was walkiing around cork with a few friends and they tried handing out leaflets ¬ _ ¬ friends and i were not to happy,,,There is a meeting or event happening outside the UCC in Cork at 10:30 am on the 10th of March. I was walkiing around cork with a few friends and they tried handing out leaflets �� _ ��. Friends and i were not to happy.,0,UFS,UFS,UFS,,,,,UFS,UFS,NFS,,,,,UFS,UFS,UFS,,,,,UFS,UFS,UFS,,,,,0.0,0.0,0.0,,,,
13587851_10,285,What happened was that Vanemuine ( God of songs and games ) did n't like Estonians singing in English and sent Taara ( God of thunder and lighting ) to do something about it Sorry about the off-topic but I just had to post it somewhere and did n't want to make new topic for that .,,,"Vanemuine, the God of songs and games, did not approve of Estonians singing in English. Taara, the God of thunder and lighting, was sent to address the issue. Sorry about the off-topic but I just had to post it somewhere and did n't want to make new topic for that. ",0,CFS,CFS,NFS,,,,,CFS,CFS,NFS,,,,,CFS,CFS,NFS,,,,,CFS,CFS,NFS,,,,,0.0,0.0,0.0,,,,
14095095_4,286,"It 's parents working all the time and letting their kids watch hours of Mtv after they get home from school , makes the girls think that dressing and acting like the `` Ho 's '' in rap videos is cool and is all they are good for is to be `` pimped '' out !",,,Parents work all the time and let their kids watch hours of Mtv after school. makes the girls think that dressing and acting like the `` Ho 's '' in rap videos is cool. It is all they are good for is to be `` pimped '' out !.,0,CFS,CFS,NFS,,,,,CFS,NFS,NFS,,,,,UFS,UFS,UFS,,,,,CFS,NFS,NFS,,,,,0.0,1.0,0.0,,,,
13504803_7,287,"The immigration laws have not being updated so everybody can ask for a N-Card ( refugee permission ) , living here and the Social Security Departement of each canton will pay them 1.an one-piece appartement ( 300 $ /month ) 2.Hospital Insurance ( 200 $ /month ) 3.argent de poche ( 300 $ /month ) ....",,,The immigration laws have not been updated. Everybody can ask for a N-Card (refugee permission). The Social Security Departement of each canton will pay them 1.an one-piece appartement ( 300 $ /month ) 2.Hospital Insurance ( 200 $ /month ) 3.argent de poche ( 300 $ /month ).,0,CFS,CFS,CFS,,,,,CFS,CFS,CFS,,,,,CFS,CFS,CFS,,,,,CFS,CFS,CFS,,,,,0.0,0.0,0.0,,,,
14027755_1,288,I wonder why this has been introduced I would n't trust anything that is being taught in our schools - nothing in our schools is for the betterment of our white children and anything that has been newly introduced ( especially in the times we are living in now ) I would be highly sceptical .,,,"I wonder why this has been introduced. nothing in our schools is for the betterment of our white children. Therefore, I would n't trust anything that is being taught in our schools. I would be highly sceptical (especially in the times we are living now).",0,NFS,CFS,,,,,NFS,NFS,CFS,,,,,NFS,NFS,CFS,,,,,NFS,NFS,CFS,,,,,NFS,0.0,0.0,,,,,0.0
14034270_1,289,I'm going to say UKIP as they seem like at least a small step in the right direction but at the same time i 'm not sure what to make of all the theory 's that they are a distraction party and will just do the same as all the others when they get in ?,,,UKIP seems like a small step in the right direction. I am not sure what to make of all the theories that UKIP is a distraction party. UKIP may just do the same as all the other parties when they get in.,0,NFS,NFS,NFS,,,,,NFS,NFS,NFS,,,,,NFS,NFS,NFS,,,,,NFS,NFS,NFS,,,,,0.0,0.0,0.0,,,,
13566980_3,290,"First it was called `` Kod pastira '' ( At Shepherd 's ) in 1878 , then , in 1892 `` Kod Saborne crkve '' ( At the Cathedral Church ) , but this was soon removed , because it neither complied with regulations on restaurants , nor did the Church authorities find it suitable .",,,"First it was called `` Kod pastira '' ( At Shepherd 's ) in 1878 .  in 1892 `` Kod Saborne crkve '' ( At the Cathedral Church ) . The name neither complied with restaurant regulations nor Church authorities. Therefore, The name was removed.",0,CFS,CFS,CFS,,,,CFS,CFS,CFS,CFS,,,,CFS,CFS,CFS,CFS,,,,CFS,CFS,CFS,CFS,,,,CFS,0.0,0.0,0.0,,,,0.0
14027965_1,291,I found out this morning that junior school kids are n't allowed to sing Bar Bar Black sheep anymore because it 's racist and might offend the coloured kids so they are being told to sing Bar Bar randow sheep ! whats next we 'll not be allowed to sing god save the queen .,,,"Junior school kids are not allowed to sing Bar Bar Black Sheep anymore. it is considered racist and might offend colored kids. Instead, they are being told to sing Bar Bar Random Sheep. Therefore, whats next we 'll not be allowed to sing god save the queen .",0,CFS,CFS,CFS,,,,NFS,CFS,CFS,CFS,,,,NFS,CFS,CFS,CFS,,,,NFS,CFS,CFS,CFS,,,,NFS,0.0,0.0,0.0,,,,0.0
30542509_1,292,"It's very easy for people to sit behind their computers in the comfort of their homes and judge an elderly gentleman who has dedicated his life to exposing the Holocaust myth when it 's not your office being burned to the ground , when it 's not you being bankrupted or thrown in prison .",,,"The elderly gentleman has dedicated his life to exposing the Holocaust myth. It's not your office being burned to the ground. It's not you being bankrupted or thrown in prison. Therefore, It's very easy for people to sit behind their computers in the comfort of their homes and judge an elderly gentleman.",0,CFS,NFS,NFS,,,,NFS,UFS,UFS,UFS,,,,NFS,UFS,NFS,NFS,,,,NFS,UFS,NFS,NFS,,,,NFS,0.0,0.0,0.0,,,,0.0
13587851_9,293,"Funny part was that just when they were singing the only song that was in English , it started to rain and lighting bolt striked into TV antenna that was up just next to the stage - it was blackout for 1 minute and picture came back just when they were finishing that song .",,,The band was singing the only English song. It started to rain and there was a lightning bolt. The lightning bolt struck the TV antenna next to the stage. The TV went out for 1 minute. The picture came back when the band was finishing the song.,0,UFS,UFS,UFS,UFS,UFS,,,UFS,UFS,UFS,UFS,UFS,,,UFS,UFS,UFS,UFS,UFS,,,UFS,UFS,UFS,UFS,UFS,,,0.0,0.0,0.0,0.0,0.0,,
14020425_1,294,I'm with you on that one brother. that 's why I suggested in my first post that you use Stormfront as a casual second source. the bulk of the people on here use it as a sort of Dungeons and Dragons our fantasy football league and they have no real interest in being active .,,,"The bulk of people on Stormfront use it as a sort of Dungeons and Dragons or fantasy football league. They have no real interest in being active. Therefore, I'm with you on using Stormfront as a second source.",0,CFS,CFS,,,,,NFS,UFS,NFS,,,,,NFS,NFS,NFS,,,,,NFS,CFS,NFS,,,,,NFS,1.0,0.0,,,,,0.0
13465892_1,295,Absolute Vodka as a company is anti White as they 're a sponsor for RuPaul 's Drag race and a huge advocate for the LGBT community as well as is the first company to ever sponsor a gay party back in the 70 's : Behind the Scenes of Absolut Vodka Cocktail Perfected - YouTube,,,"Absolute Vodka is a sponsor for RuPaul's Drag Race. Absolute Vodka is a huge advocate for the LGBT community. Absolute Vodka was the first company to sponsor a gay party in the 1970s. Therefore, Absolute Vodka is an anti-White company.",0,CFS,CFS,CFS,,,,CFS,CFS,CFS,CFS,,,,CFS,CFS,CFS,CFS,,,,CFS,CFS,CFS,CFS,,,,CFS,0.0,0.0,0.0,,,,0.0
31512218_3,296,"I also read in `` March of the Titans '' that there are three `` subraces '' pf whites , nordic , alpine , and mediterranian , and found out I could be a poster boy for the Alpine group ( round face , brown hair , green eyes , stocky build ) !",,,"I read in ""March of the Titans"" that there are three ""subraces"" of whites: Nordic, Alpine, and Mediterranean. I have round face , brown hair , green eyes , stocky build. Therefore, I could be a poster boy for the Alpine group.",0,CFS,UFS,,,,,UFS,CFS,UFS,,,,,UFS,CFS,UFS,,,,,NFS,CFS,UFS,,,,,UFS,0.0,0.0,,,,,0.0
13859827_1,297,i think everybody knew check out his thread ' skinheads ' https : //www.stormfront.org/forum/show ... rish + skinheads knowbody trusted him from day one yet he still went ahead with a story that is old news more fools the star for even printing it. i dont notice any posts from joeblogs defending him self,,,i think everybody knew check out his thread ' skinheads ' https : //www.stormfront.org/forum/show. rish + skinheads knowbody trusted him from day one. he still went ahead with a story that is old news. more fools the star for even printing it. i dont notice any posts from joeblogs defending him self.,0,NFS,UFS,UFS,UFS,UFS,,,NFS,NFS,NFS,NFS,NFS,,,NFS,UFS,UFS,UFS,UFS,,,NFS,UFS,UFS,UFS,UFS,,,0.0,0.0,0.0,0.0,0.0,,
13499106_2,298,"Many alcoholics can fall into `` zapoy '' and drink up to 5-7 liters of `` palenka '' during the daylight time , only drinking water and some old bread as their `` zakus` '' , but it escapes me , how they show their extreme europeoid genotype by doing all of this .",,,"Many alcoholics can fall into `` zapoy '' and drink up to 5-7 liters of `` palenka '' during the daylight time. They only consume water and some old bread as their ""zakus"". it escapes me , how they show their extreme europeoid genotype by doing all of this . ",0,CFS,CFS,NFS,,,,,UFS,UFS,CFS,,,,,CFS,CFS,NFS,,,,,CFS,CFS,NFS,,,,,0.0,0.0,0.0,,,,
13479818_1,299,"I want more data but this is a good start ... You 've made me wish I had n't been such a TV-phobe these last few years Next stop , I 'll be looking up all these characters and adding photos in case there are other cave dwellers like me on this thread ...",,,I want more data but this is a good start. You 've made me wish I had n't been such a TV-phobe these last few years. I 'll be looking up all these characters and adding photos in case there are other cave dwellers like me on this thread .,0,UFS,UFS,NFS,,,,,NFS,NFS,NFS,,,,,NFS,NFS,NFS,,,,,NFS,NFS,NFS,,,,,0.0,0.0,0.0,,,,
30429569_4,300,"In interviews with the sailors , Bikel learns of some of the high-pressure police interrogation techniques -- including the threat of the death penalty , sleep deprivation , and intimidation -- that led each of the `` Norfolk Four '' to confess , despite a lack of evidence linking them to the crime .",,,"In interviews with the sailors , Bikel learns of some of the high-pressure police interrogation techniques. These techniques include the threat of the death penalty, sleep deprivation, and intimidation. Despite a lack of evidence linking them to the crime, each of the ""Norfolk Four"" confessed. ",0,CFS,CFS,CFS,,,,,NFS,UFS,UFS,,,,,CFS,CFS,CFS,,,,,CFS,CFS,CFS,,,,,0.0,0.0,0.0,,,,
14084943_1,301,"I proved that fyromanians are blind people and if I show them picture of beautiful white bulgarian girl and not told them that she is bulgarian they will see at her as a white european which is it , instead of calling her `` tatar '' or `` mongol '' which is not .",,,"If I show fyromanians a picture of a beautiful white Bulgarian girl and don't tell them she is Bulgarian, they will see her as a white European. instead, they call  her `` tatar '' or `` mongol '' which is not . Therefore, I proved that fyromanians are blind people.",0,CFS,CFS,,,,,CFS,UFS,UFS,,,,,CFS,NFS,NFS,,,,,NFS,UFS,UFS,,,,,CFS,1.0,1.0,,,,,0.0
30623541_1,302,"That's completely true , I have a 3-y-o son and he does n't like at all to play with brown-skinned boys or girls , I especially remember once a pair of twin girls came up to kiss him and he just ran away , it was the enchantment of the white man !",,,"I have a 3-y-o son. he does n't like at all to play with brown-skinned boys or girls. I especially remember once a pair of twin girls came up to kiss him and he just ran away. Therefore, it was the enchantment of the white man !.",0,UFS,NFS,UFS,,,,NFS,UFS,UFS,UFS,,,,NFS,UFS,UFS,UFS,,,,NFS,UFS,UFS,UFS,,,,NFS,0.0,0.0,0.0,,,,0.0
31322437_2,303,"Since my relatives used to be arranged for a trip when the Feds has a new plan , that means there will be a new framed case in February and it always comes with big events as distraction - false flag terror attack , war , natural disaster or all of them .",,,"Since my relatives used to be arranged for a trip when the Feds has a new plan. that means there will be a new framed case in February. it always comes with big events as distraction - false flag terror attack , war , natural disaster or all of them . ",0,UFS,UFS,CFS,,,,,NFS,NFS,CFS,,,,,UFS,UFS,UFS,,,,,UFS,UFS,CFS,,,,,0.0,0.0,0.0,,,,
30713750_5,304,"Tens of thousands of people graduate with these worthless degrees , find out they 're unemployable in today 's bleak job market , then take on several tens of thousands in ( more ) student debt to get a law or business degree -- and find out things are n't much better .",,,Tens of thousands of people graduate with these worthless degrees. find out they 're unemployable in today 's bleak job market. They then take on tens of thousands in student debt to get a law or business degree. They find out things are not much better.,0,CFS,CFS,CFS,UFS,,,,CFS,CFS,CFS,NFS,,,,CFS,CFS,CFS,CFS,,,,CFS,CFS,CFS,UFS,,,,0.0,0.0,0.0,1.0,,,
14061266_1,305,people know their nationality not from books but from birth and they are exactly what their parents told them that they were .... your case is different you are telling to your parents that they are not what they are telling you that they are .. that it a case in a billion,,,"People know their nationality from birth, not from books. They are what their parents tell them they are. You are telling your parents that they are not what they say they are. Therefore, This is a rare case, only happening once in a billion.",0,CFS,CFS,UFS,,,,UFS,NFS,NFS,NFS,,,,NFS,CFS,NFS,NFS,,,,NFS,CFS,NFS,NFS,,,,NFS,0.0,0.0,0.0,,,,0.0
14100692_1,306,I thank that the only one that can tall you what to do is your self and no one els if you see this guy and like his pic. make sure he knows you are WP if you are or you like only White men. that is the way i see it .,,,"I thank that the only one that can tall you what to do is your self and no one els. Therefore, if you like a guy's picture, you should make sure he knows you are either WP or only like White men.",0,NFS,,,,,,NFS,NFS,,,,,,NFS,NFS,,,,,,NFS,NFS,,,,,,NFS,0.0,,,,,,0.0
14082109_1,307,I just got a group started in my area Roswell Aryan Front and we 're looking for people to join or groups to join with if anyone is interested in joing or knows or is part of a group that is recruiting send me a private message or e-mail appreciate it .,,,"I just got a group started in my area Roswell Aryan Front . we 're looking for people to join or groups to join with. Therefore, if anyone is interested in joing or knows or is part of a group that is recruiting send me a private message or e-mail appreciate it .",0,UFS,UFS,,,,,NFS,NFS,NFS,,,,,NFS,UFS,UFS,,,,,NFS,UFS,UFS,,,,,NFS,0.0,0.0,,,,,0.0
30659503_5,308,"I put a aluminum pistol cleaning rod in my cordless drill with brush attached , dipped in `` Butch 's Bore Shine '' , ran it in and out that revolver barrel a few times concentrating on that dirty area , then a couple clean patches - bore looks like NEW !",,,"I put a aluminum pistol cleaning rod in my cordless drill with brush attached.  I dipped it in ""Butch's Bore Shine"". I ran it in and out of the revolver barrel a few times. I concentrated on the dirty area. I used a couple of clean patches. Therefore, The bore looks like new.",0,UFS,UFS,UFS,UFS,UFS,,UFS,NFS,NFS,NFS,NFS,NFS,,NFS,UFS,UFS,UFS,UFS,UFS,,UFS,UFS,UFS,UFS,UFS,UFS,,UFS,0.0,0.0,0.0,0.0,0.0,,0.0
14112710_1,309,"hey how ya doin , my buddy showed me this place last night and ive been checkin it out , im getting ready to move to alabama later this month if i can get my yahoo to connect ill send ya a message , might half to log into chat thow .",,,"My buddy showed me this place last night. I've been checking it out. I'm getting ready to move to Alabama later this month. I need to get my Yahoo to connect. I might have to log into chat though. Therefore, I will send a message to you if I can get my Yahoo to connect.",0,UFS,UFS,UFS,UFS,UFS,,NFS,NFS,NFS,NFS,NFS,NFS,,NFS,UFS,UFS,UFS,UFS,NFS,,NFS,UFS,UFS,UFS,UFS,NFS,,NFS,0.0,0.0,0.0,0.0,0.0,,0.0
30626462_4,310,"`` The aim and final end of all music should be none other than the glory of God and the refreshment of the soul . '' - Johann Sebastian Bach `` Where there is devotional music , God is always at hand with His gracious presence . '' - Johann Sebastian Bach",,,"`` The aim and final end of all music should be none other than the glory of God and the refreshment of the soul . '' - Johann Sebastian Bach. `` Where there is devotional music , God is always at hand with His gracious presence . '' - Johann Sebastian Bach. ",0,NFS,NFS,,,,,,CFS,CFS,,,,,,NFS,NFS,,,,,,NFS,NFS,,,,,,0.0,0.0,,,,,
13643281_1,311,"well im in town every day and i 've never come accross them. it was probably a group of about five 15 year olds who had been drinking all day and were out on the piss having a laugh. if its an organised group , they do n't sound too smart .",,,"im in town every day and i 've never come accross them. it was probably a group of about five 15 year olds. they probably had been drinking all day and were out on the piss having a laugh. Therefore, If its an organised group , they do n't sound too smart .",0,UFS,UFS,UFS,,,,UFS,UFS,UFS,UFS,,,,UFS,UFS,UFS,UFS,,,,NFS,UFS,UFS,UFS,,,,UFS,0.0,0.0,0.0,,,,0.0
30558274_1,312,"We are cooking a duck on the rotisserie , catch the fat drippings and cook little potatoes in that , its delicious , we 're also cooking a small turkey , mashed potatoes , carrots , pumpkin pie and butternut squash cut in half and baked with butter and brown sugar .",,,"We are cooking a duck on the rotisserie, catch the fat drippings and cook little potatoes in that , its delicious. we 're also cooking a small turkey , mashed potatoes , carrots , pumpkin pie and butternut squash cut in half and baked with butter and brown sugar . ",0,UFS,UFS,,,,,,NFS,NFS,,,,,,UFS,UFS,,,,,,UFS,UFS,,,,,,0.0,0.0,,,,,
14031472_1,313,"i do this and the looks i get out of disgust are regular but i happily carry on walking and laugh them off , they think showing me a few pictures of negro kids on a poster without a burger is going to make me want to give money to them ?",,,i do this and the looks i get out of disgust are regular. i happily carry on walking and laugh them off . they think showing me a few pictures of negro kids on a poster without a burger is going to make me want to give money to them.,0,UFS,UFS,NFS,,,,,NFS,NFS,UFS,,,,,UFS,UFS,UFS,,,,,UFS,UFS,UFS,,,,,0.0,0.0,0.0,,,,
14674235_1,314,"i just had my first child , he will be one next week. i will not push my views on him because if you push things on your child they tend to rebel ! my child will learn right from wrong from my positive examples and he will see the truth .",,,"I just had my first child. He will be one next week. Pushing things on your child tends to cause rebellion. Therefore, I will not push my views on him. My child will learn right from wrong from my positive examples and he will see the truth .",0,UFS,UFS,CFS,,,,NFS,UFS,UFS,NFS,,,,NFS,UFS,UFS,UFS,,,,NFS,UFS,UFS,CFS,,,,NFS,0.0,0.0,1.0,,,,0.0
30760000_1,315,"the school board is completely blinded to the events that go on with their schools ... i contacted them about the boy with the knife n they were never even informed of the situation nor were the authorities called , eventhough that is what the school policy requires in such situations ...",,,"I contacted the school about the boy with the knife. they were never even informed of the situation nor were the authorities called, despite the school policy requiring it in such situations. Therefore, The school board is completely blinded to the events that go on with their schools.",0,UFS,UFS,,,,,UFS,NFS,UFS,,,,,NFS,UFS,CFS,,,,,NFS,UFS,UFS,,,,,NFS,0.0,0.0,,,,,0.0
30593035_2,316,Responsible Body Armor Possession Act Keeps Military Armor out of the Wrong Hands | Congressman Mike Honda It seems that our enemies in Congress are once again introducing a bill which is designed to restrict civilian access to certain types of body armor ( level III and IV rifle plates ) .,,,"Responsible Body Armor Possession Act Keeps Military Armor out of the Wrong Hands | Congressman Mike Honda. The restricted types of body armor are level III and IV rifle plates on civilian. Therefore, It seems that our enemies in Congress are once again introducing a bill.",0,CFS,CFS,,,,,CFS,CFS,CFS,,,,,CFS,CFS,CFS,,,,,CFS,CFS,CFS,,,,,CFS,0.0,0.0,,,,,0.0
31711178_1,317,My beautiful blonde hair blue eyed niece Annabella just turned 2 yesterday and it 's my duty to educate and teach her white values and her heritage because she is the future of our white race and will someday bring some beautiful white children of her own into this wolrd .,,,"My niece Annabella has beautiful blonde hair and blue eyes. She just turned 2 years old yesterday. She is the future of our white race. She will someday bring beautiful white children of her own into this world.
. Therefore, It is my duty to educate and teach her white values and her heritage.",0,UFS,UFS,UFS,UFS,,,NFS,UFS,UFS,NFS,NFS,,,NFS,UFS,UFS,UFS,UFS,,,NFS,UFS,UFS,UFS,UFS,,,NFS,0.0,0.0,0.0,0.0,,,0.0
13467036_1,318,i joined this site just a few hours ago but ive been visiting for a while before hand .. very interesting topics things you just dont see in mainstream anymore .. actualy what the hell am i saying never ever seen in main stream EVER ... its a damn shame ...,,,"i joined this site just a few hours ago but ive been visiting for a while before hand. very interesting topics things you just dont see in mainstream anymore. actualy what the hell am i saying never ever seen in main stream EVER. Therefore, its a damn shame .",0,UFS,UFS,UFS,,,,NFS,NFS,NFS,NFS,,,,NFS,UFS,UFS,UFS,,,,NFS,UFS,UFS,UFS,,,,NFS,0.0,0.0,0.0,,,,0.0
30399327_1,319,"Hi, I 'm trying to move myself and my three year old son up to Northern California or even out of state somewhere near woodlands and I am curious if anyone knows about places I might be able to stay for cheap or free or if anyone has a contact .",,,I 'm trying to move myself and my three year old son up to Northern California or even out of state somewhere near woodlands.  I am curious if anyone knows about places I might be able to stay for cheap or free or if anyone has a contact .,0,UFS,NFS,,,,,,UFS,NFS,,,,,,UFS,NFS,,,,,,UFS,NFS,,,,,,0.0,0.0,,,,,
30413458_1,320,"It's a powerful symbol that strikes fear into the heart of our racial enemies , theres a good video on YouTube done by Thule productions entitled the meaning of the swastika our holy aryan symbol .Here 's the link The meaning of the Swastika - Our Holy Aryan Symbol - YouTube",,,The swastika is a powerful symbol that strikes fear into the heart of our racial enemies. theres a good video on YouTube done by Thule productions entitled the meaning of the swastika our holy aryan symbol.,0,CFS,CFS,,,,,,CFS,CFS,,,,,,CFS,UFS,,,,,,CFS,CFS,,,,,,0.0,0.0,,,,,
30729191_2,321,"This is what we used to sing in elementary school Mine eyes have seen the glory of the burning of the school We have tortured all the teachers , we have broken every rule We are heading for the Principal with fire and torture too As we go marching on !",,,"This is what we used to sing in elementary school ""Mine eyes have seen the glory of the burning of the school We have tortured all the teachers , we have broken every rule We are heading for the Principal with fire and torture too As we go marching on !""
. ",0,UFS,,,,,,,UFS,,,,,,,UFS,,,,,,,UFS,,,,,,,0.0,,,,,,
14021722_2,322,"A more apt analogy would be if he went to a party and showed up to find a small group of whites standing around while darkies kept pouring through the door and acting like they owned the place , so he joined some of the whites in complaining about it .",,,"A more apt analogy would be if he went to a party and showed up to find a small group of whites standing around. In the analogy, darkies kept pouring through the door and acting like they owned the place. he joined some of the whites in complaining about it . ",0,NFS,NFS,UFS,,,,,NFS,UFS,UFS,,,,,NFS,NFS,UFS,,,,,NFS,NFS,UFS,,,,,0.0,0.0,0.0,,,,
31723796_1,323,They sleep on dirty floors in dirty houses with their dirty kids eating off dirty plates driving in dirty cars sitting at dirty tables with their dirty manners and dirty way of talking dirty way of living they wear dirty clothes have dirty smiles and are all-around dirty nasty people .,,,They sleep on dirty floors in dirty houses with their dirty kids. They eat off dirty plates. They drive in dirty cars. They sit at dirty tables. They have dirty manners. They have a dirty way of talking. They wear dirty clothes have dirty smiles and are all-around dirty nasty people .,0,UFS,UFS,UFS,UFS,UFS,UFS,UFS,CFS,CFS,CFS,CFS,CFS,CFS,CFS,NFS,NFS,NFS,NFS,NFS,NFS,NFS,UFS,UFS,UFS,UFS,UFS,UFS,UFS,1.0,1.0,1.0,1.0,1.0,1.0,1.0
30659503_4,324,"I thought about how we would clean the M60 barrels on the Hueys ( 2 on each side , 1 each door gunner/crew chief , 2 TAT101 front turret ) at end of day - had big vats of cleaning solvent , cleaning rods with bore brush in electric drills .",,,"I thought about how we would clean the M60 barrels on the Hueys ( 2 on each side , 1 each door gunner/crew chief , 2 TAT101 front turret . The cleaning process takes place at the end of the day. There are big vats of cleaning solvent. cleaning rods with bore brush in electric drills are used. ",0,NFS,UFS,UFS,UFS,,,,NFS,UFS,UFS,UFS,,,,UFS,UFS,UFS,CFS,,,,NFS,UFS,UFS,UFS,,,,0.0,0.0,0.0,0.0,,,
30554979_1,325,"we had a great depresion many years a go some went outside the law just to make a living when you cant find a job and have nothing to eat you will do what you have to do , the people i mentioned never went on trial and were never convicted",,,we had a great depresion many years a go. some went outside the law just to make a living. when you cant find a job and have nothing to eat you will do what you have to do. the people i mentioned never went on trial and were never convicted.,0,CFS,CFS,NFS,UFS,,,,CFS,CFS,NFS,CFS,,,,CFS,CFS,NFS,UFS,,,,CFS,CFS,NFS,UFS,,,,0.0,0.0,0.0,0.0,,,
31775640_1,326,"Welcome SourceX , I hope you will read more and maybe become a white nationalist , I refrain from calling myself a racist because I do n't hate other races but a white nationalist because I want to preserve my race and culture and to live in a white country .",,,I want to preserve my race and culture and to live in a white country . I refrain from calling myself a racist because I do n't hate other races. I hope you will read more and maybe become a white nationalist.,0,UFS,UFS,NFS,,,,,NFS,NFS,NFS,,,,,NFS,NFS,NFS,,,,,NFS,NFS,NFS,,,,,0.0,0.0,0.0,,,,
13842942_1,327,When I was a kid I cut his grass for a few quid ; I found a s * * t load of cans in his shed so I ran off and got p * * * ed : I don t feel so bad about nicking those cans now .,,,"When I was a kid I cut his grass for a few quid .  I found a s * * t load of cans in his shed.  I ran off and got p * * * ed. Therefore, I don't feel so bad about nicking those cans now.",0,UFS,UFS,UFS,,,,NFS,UFS,UFS,UFS,,,,NFS,UFS,UFS,UFS,,,,NFS,UFS,UFS,UFS,,,,NFS,0.0,0.0,0.0,,,,0.0
30535778_1,328,California has gotten so weak i was in the marine corps for years i cant believe how wussed out they are the same place i went to boot camp in 1981 i fired everything they had but could n't drink beer off the base ..... San Diego is gorgeous tho,,,California has gotten so weak. i was in the marine corps for years. i cant believe how wussed out they are. the same place i went to boot camp in 1981. i fired everything they had but could n't drink beer off the base. San Diego is gorgeous tho.,0,CFS,UFS,UFS,UFS,UFS,NFS,,CFS,UFS,CFS,UFS,UFS,UFS,,NFS,UFS,NFS,UFS,UFS,NFS,,CFS,UFS,NFS,UFS,UFS,NFS,,0.0,0.0,1.0,0.0,0.0,0.0,
14112723_1,329,Is there one white woman here who would like to be my Queen Please check out this web site and see my pic and read all about me and if your interested drop me a line http://www.match.com/usearch/results...ngID=0&Theme=4Orjustgotomatch.com and look up user name of brokenheart4140 hope to hear from you soon,,,Is there one white woman here who would like to be my Queen. Please check out this web site and see my pic and read all about me. if your interested drop me a line http://www.match.com/usearch/results...ngID=0&Theme=4Orjustgotomatch.com and look up user name of brokenheart4140.,0,NFS,NFS,NFS,,,,,NFS,NFS,NFS,,,,,NFS,NFS,NFS,,,,,NFS,NFS,NFS,,,,,0.0,0.0,0.0,,,,
14028381_1,330,"Very easy Rebel Robbie , our bluebells have flowers which droop down , the Spanish variety have flowers that stick out horizontally , and yes they do cross very easily between species which is why people are asked to destroy the Spaniards before they wipe out our own bluebells .",,,Our bluebells have flowers that droop down. The Spanish variety of bluebells have flowers that stick out horizontally. Bluebells can easily cross between species. People are asked to destroy the Spanish bluebells before they wipe out our own.,0,UFS,CFS,CFS,CFS,,,,CFS,CFS,CFS,CFS,,,,UFS,CFS,CFS,CFS,,,,UFS,CFS,CFS,CFS,,,,0.0,0.0,0.0,0.0,,,
13510478_1,331,"Gang members targeted white victims in Denver attacks December 4 , 2009 http://www.kdvr.com/news/kdvr-affida ... , 2635245.story DENVER - Police believe a series of violent attacks in downtown Denver between July 17 and September 20 of this year were motivated by racial hatred of white people by the black suspects .",,,"Gang members targeted white victims in Denver attacks on December 4, 2009. The attacks occurred between July 17 and September 20 of this year. Police believe the attacks were motivated by racial hatred of white people. The suspects in the attacks were black. ",0,CFS,CFS,CFS,CFS,,,,CFS,CFS,CFS,CFS,,,,CFS,CFS,CFS,CFS,,,,CFS,CFS,CFS,CFS,,,,0.0,0.0,0.0,0.0,,,
14102692_1,332,"man i was in jail in waukesha a few years back and i heard that there arent any skins out there any more , hows the scene out there ? has it picked up in the last few years or was the guy i talked to full of it ?",,,"I was in jail in waukesha a few years back. I heard that there arent any skins out there any more. Therefore, hows the scene out there ? has it picked up in the last few years or was the guy i talked to full of it ?.",0,UFS,UFS,,,,,NFS,UFS,UFS,,,,,NFS,UFS,UFS,,,,,NFS,UFS,UFS,,,,,NFS,0.0,0.0,,,,,0.0
14301239_1,333,"Yes, it is a symbol in the past and has no place in the present because when it is used for the advancement of white nationalism it proves to only hold us back so thus it shouldn t be used and should go down in history where it belongs .",,,"When it is used for the advancement of white nationalism it proves to only hold us back. It shouldn t be used and should go down in history where it belongs . Therefore, it shouldn t be used and should go down in history where it belongs .",0,CFS,NFS,,,,,NFS,NFS,NFS,,,,,NFS,NFS,NFS,,,,,NFS,NFS,NFS,,,,,NFS,0.0,0.0,,,,,0.0
30607589_1,334,my mothers father is full blonde Irish. my mothers mother is English Irish Scottish . my fathers father is a German with some Scottish and my fathers mother is danish and Norwegian. making me 6ft4 blonde hair blue eyes with a big barrel chest just like my german grandfather .,,,"My mother's father is full blonde Irish. My mother's mother is English Irish Scottish. My father's father is a German with some Scottish heritage. My father's mother is Danish and Norwegian. Therefore, I am making me blonde hair blue eyes with a big barrel chest just like my german grandfather .",0,UFS,UFS,UFS,UFS,,,UFS,UFS,UFS,UFS,UFS,,,UFS,UFS,UFS,UFS,UFS,,,UFS,UFS,UFS,UFS,UFS,,,UFS,0.0,0.0,0.0,0.0,,,0.0
13456696_1,335,"[QUOTE=Trotis;10497843]Isn't South African chocolate made by overseas companies based in SA ? ( British and Swiss ) Would a `` Mars bar '' taste different made in SA compared to one in England ? / QUOTE ] I would have thought so too , but the stuff tastes different .",,,"Isn't South African chocolate made by overseas companies based in SA ? ( British and Swiss ). Would a `` Mars bar '' taste different made in SA compared to one in England ?. I would have thought so too , but the stuff tastes different . ",0,CFS,CFS,UFS,,,,,CFS,CFS,CFS,,,,,CFS,CFS,UFS,,,,,CFS,CFS,UFS,,,,,0.0,0.0,0.0,,,,
31737444_1,336,"you have a moral duty as an upstanding citizen and white person to have that baby removed from her wretched hands and have it be properly cared for. to hell with your degenerate friend , put your fear aside and do whats right for the baby 's sake .",,,"You have a moral duty as an upstanding citizen and white person. Your degenerate friend is not fit to care for the baby. Therefore, put your fear aside and do whats right for the baby 's sake. Have that baby removed from her wretched hands and have it be properly cared for.",0,NFS,NFS,,,,,NFS,NFS,UFS,,,,,NFS,NFS,UFS,,,,,NFS,NFS,UFS,,,,,NFS,0.0,0.0,,,,,0.0
30384185_2,337,The Lone Ranger was black Annie was a little black girl There were black Vikings Spartacus was black Hercules was black The jews have two choices for past historical figures Make them to be black or make them out to be crazy genocide White maniacs like in Christopher Columbus,,,"The Lone Ranger, Annie, Vikings, Spartacus, and Hercules were all portrayed as black. The jews have two choices for past historical figures Make them to be black or make them out to be crazy genocide White maniacs. Christopher Columbus is an example of a white maniac. ",0,CFS,CFS,CFS,,,,,CFS,CFS,CFS,,,,,CFS,NFS,CFS,,,,,CFS,CFS,CFS,,,,,0.0,0.0,0.0,,,,
30466517_1,338,"Hey, guys I 'm new to SF but I 've long had right wing views about immigration looking to join a white nationalist group I live in Huron county PM me if you have a group I could join or if you know of one in my area !",,,"I'm new to SF. I 've long had right wing views about immigration. looking to join a white nationalist group. I live in Huron county. Therefore, PM me if you have a group I could join or if you know of one in my area !.",0,UFS,UFS,UFS,UFS,,,NFS,NFS,UFS,NFS,UFS,,,NFS,UFS,UFS,UFS,UFS,,,NFS,UFS,UFS,UFS,UFS,,,NFS,0.0,0.0,0.0,0.0,,,0.0
14109557_1,339,"want someone who will be a friend and a girlfriend and that will like me for me and not walk all over me . i like the outdoors , camping , hiking , movies. my fav. color is white and like country music and i also like tattoos .",,,"want someone who will be a friend and a girlfriend. someone that will like me for me and not walk all over me. I like the outdoors , camping , hiking , movies. my fav. color is white and like country music and i also like tattoos. ",0,NFS,NFS,UFS,,,,,NFS,NFS,NFS,,,,,UFS,NFS,UFS,,,,,NFS,NFS,UFS,,,,,0.0,0.0,0.0,,,,
13510996_1,340,"Woman Brutally Attacked By 2 Men In Home Police Arrest 16-Year-Old , 17-Year-Old POSTED : Wednesday , November 11 , 2009 UPDATED : 8 : 18 pm EST November 11 , 2009 Michael Galan , 16 , and Jarve Green , 17 , were arrested by Palatka police .",,,"Woman was brutally attacked by 2 men in her home. Police arrested 16-year-old and 17-year-old suspects. Incident occurred on Wednesday, November 11, 2009. Suspects' names are Michael Galan and Jarve Green. Arrest was made by Palatka police. ",0,CFS,CFS,CFS,CFS,CFS,,,UFS,UFS,UFS,UFS,UFS,,,CFS,CFS,CFS,CFS,CFS,,,CFS,CFS,CFS,CFS,CFS,,,0.0,0.0,0.0,0.0,0.0,,
30659798_1,341,"I knew something like this could happen on May 5th American Thinker Blog : Students sent home for wearing American flag on Cinco de Mayo Woooh , the comments section is burnin ' over this Five students sent home for wearing American flag T-shirts on Cinco de Mayo .",,,"Five students were sent home for wearing American flag T-shirts on Cinco de Mayo. Therefore, I knew something like this could happen.",0,CFS,,,,,,NFS,CFS,,,,,,NFS,CFS,,,,,,NFS,CFS,,,,,,NFS,0.0,,,,,,0.0
14414525_1,342,"I was on web site not long ago checking into buying land in eastern europe while its still cheap , and not in the hands of other races. it looks like a good investment. and more importantly one way of keeping europe white helping to prevent our extintion .",,,"I was on a website checking into buying land in eastern Europe. The land is still cheap. The land is not in the hands of other races. It is one way of keeping europe white helping to prevent our extintion . Therefore, It looks like a good investment.",0,UFS,UFS,UFS,UFS,,,NFS,NFS,CFS,CFS,CFS,,,NFS,UFS,CFS,CFS,NFS,,,NFS,UFS,CFS,CFS,NFS,,,NFS,0.0,0.0,0.0,1.0,,,0.0
30518244_2,343,"Found along Orion 's sword just north of the bright Orion Nebula complex , these reflection nebulae are also associated with Orion 's giant molecular cloud about 1,500 light-years away , but are dominated by the characteristic blue color of interstellar dust reflecting light from hot young stars .",,,"The reflection nebulae are found along Orion's sword. They are located just north of the bright Orion Nebula complex. These reflection nebulae are also associated with Orion 's giant molecular cloud about 1,500 light-years away. They are dominated by the characteristic blue color of interstellar dust reflecting light from hot young stars . ",0,CFS,CFS,CFS,CFS,,,,CFS,CFS,CFS,CFS,,,,CFS,CFS,CFS,CFS,,,,CFS,CFS,CFS,CFS,,,,0.0,0.0,0.0,0.0,,,
14093967_1,344,"mine was when i was about 5 or 6 , she was the same age. julie was her name blond and used to hum while eating , i remember the kiss was in the bushes behind a garden. last i heard she became a jehovas witness. ah well .",,,my first kiss was when i was about 5 or 6 . she was the same age. julie was her name and had blonde hair. Julie used to hum while eating. the kiss was in the bushes behind a garden. last i heard she became a jehovas witness.,0,UFS,UFS,UFS,UFS,UFS,UFS,,UFS,UFS,UFS,UFS,UFS,UFS,,UFS,UFS,UFS,UFS,UFS,UFS,,UFS,UFS,UFS,UFS,UFS,UFS,,0.0,0.0,0.0,0.0,0.0,0.0,
13505081_4,345,"Melinda Allen 's mother discovered the bodies of her daughter and grandson at the family 's home at 2103 Maple Ave Police : Mother , Son Stabbed , Cut To Death - News Story - WTOV Steubenville video UPDATE : W. V. murder suspect dead in Susq .",,,Melinda Allen 's mother discovered the bodies of her daughter and grandson at the family 's home at 2103 Maple Ave. The police reported that the mother and son were stabbed and cut to death. . The news story was reported by WTOV Steubenville. . An update revealed that the murder suspect was found dead in Susquehanna.,0,CFS,CFS,CFS,CFS,,,,UFS,UFS,UFS,UFS,,,,CFS,CFS,CFS,CFS,,,,CFS,CFS,CFS,CFS,,,,0.0,0.0,0.0,0.0,,,
13473137_1,346,"Thanks for saving the picture but the one I saw was a black guy looking at a laptop and a White girl sitting next to him , laughing and hanging on him also looking at the laptop but they did n't show what was on the laptop .",,,"The picture I saw was a black guy looking at a laptop and a White girl sitting next to him , laughing and hanging on him also looking at the laptop. They did n't show what was on the laptop . ",0,UFS,UFS,,,,,,NFS,NFS,,,,,,UFS,UFS,,,,,,UFS,UFS,,,,,,0.0,0.0,,,,,
13506976_1,347,"White, 73-year-old woman , beating victim attends suspects ' court hearings by Joel Allen Posted : 05.11.2010 at 8 : 43 PM A 73-year-old Loris woman who was severely beaten last week showed up at separate court hearings Tuesday for the two boys accused of assaulting her .",,,"White, 73-year-old woman Loris, beating victim attends suspects ' court hearings by Joel Allen. Loris was severely beaten last week. She showed up at separate court hearings Tuesday for the two boys accused of assaulting her . ",0,CFS,CFS,CFS,,,,,CFS,UFS,UFS,,,,,CFS,CFS,CFS,,,,,CFS,CFS,CFS,,,,,0.0,0.0,0.0,,,,
14020329_1,348,What I am saying is we need a homeland the western half of Canada could do for the start but I also agree Europe needs to saved as well but we have to secure a homeland here first before we could change anything on a global level .,,,We need a homeland. . The western half of Canada could do as a homeland for the start . I also agree Europe needs to be saved as well . we have to secure a homeland here first before we could change anything on a global level .,0,NFS,CFS,CFS,NFS,,,,NFS,CFS,NFS,NFS,,,,NFS,NFS,NFS,NFS,,,,NFS,CFS,NFS,NFS,,,,0.0,0.0,0.0,0.0,,,
14106635_2,349,O sister if you want to talk to a brother I 'm here pm me if you want. dont give up sister you well find what your looking for 88 stand tall and be proud to be a ARYAN WOMAN and sister 88 Goldenboy GODS RACE and NATIONS,,,dont give up sister you well find what your looking for. stand tall and be proud to be a ARYAN WOMAN. Goldenboy GODS RACE and NATIONS. if you want to talk to a brother I 'm here pm me if you want.,0,NFS,NFS,NFS,NFS,,,,NFS,NFS,NFS,NFS,,,,NFS,NFS,NFS,NFS,,,,NFS,NFS,NFS,NFS,,,,0.0,0.0,0.0,0.0,,,
30698771_1,350,Incredible then when we see nowadays that the world is saying that there is a global village and economies are inter dependent when America sneezes the world catches a cold blahhblahdieblah it is clear that the intention is to move the world into the same economic interdependency .,,,"The world is saying that there is a global village. The world is saying that economies are interdependent. The world is saying that when America sneezes, the world catches a cold. Therefore, it is clear that the intention is to move the world into the same economic interdependency.",0,CFS,CFS,CFS,,,,CFS,CFS,CFS,CFS,,,,CFS,CFS,CFS,CFS,,,,NFS,CFS,CFS,CFS,,,,CFS,0.0,0.0,0.0,,,,0.0
14068536_2,351,"Because Illyrian-Celt tribes ( Dalmatie , Japods etc ) lived on present day Croatia , then the Slavic Croats arrived and assimilated those Illyrian-Celts , and on end we have Germanic influx during Frankish empire , Holy Roman Empire , Austro-Hungarian Empire and ww1 + ww2 period .",,,"Illyrian-Celt tribes (Dalmatie, Japods etc) lived on present day Croatia. Therefore, the Slavic Croats arrived and assimilated those Illyrian-Celts , and on end we have Germanic influx during Frankish empire , Holy Roman Empire , Austro-Hungarian Empire and ww1 + ww2 period .",0,CFS,,,,,,CFS,CFS,,,,,,CFS,CFS,,,,,,CFS,CFS,,,,,,CFS,0.0,,,,,,0.0
30674626_1,352,"This was done about two summers ago when she was just a baby out on the tree in the front yard , she is WAY bigger now I will try and get the new pics up this week to show off of her and the pug both .",,,This was done about two summers ago when she was just a baby out on the tree in the front yard. She is WAY bigger now. I will try and get the new pics up this week to show off of her and the pug both.,0,UFS,UFS,UFS,,,,,UFS,UFS,NFS,,,,,UFS,UFS,NFS,,,,,UFS,UFS,NFS,,,,,0.0,0.0,0.0,,,,
13482745_1,353,According to the 2005 Census Data from HERE : Non-Hispanic Whites = 66.8 % Hispanics = 14.5 % Blacks = 11.9 % Asians = 4.3 % American Indians = 0.7 % Pacific Islander = 0.1 % Other = 0.3 % Multiracial = 1.4 % Total = 100 %,,,According to the 2005 Census Data from HERE : Non-Hispanic Whites = 66.8 % Hispanics = 14.5 % Blacks = 11.9 % Asians = 4.3 % American Indians = 0.7 % Pacific Islander = 0.1 % Other = 0.3 % Multiracial = 1.4 % Total = 100 %.,0,CFS,,,,,,,CFS,,,,,,,CFS,,,,,,,CFS,,,,,,,0.0,,,,,,
14035318_1,354,"If you need a good dog , you ca n't beat a bull terrier , strong , loyal , great with kids , and have a bite pressure of up to 5000 lbs per square inch , compared to a Rottweiller which is 500 lbs per square inch.Sarge2506.",,,"a bull terrier is strong , loyal , great with kids , and have a bite pressure of up to 5000 lbs per square inch. compared to a Rottweiller which is 500 lbs per square inch. Therefore, If you need a good dog , you ca n't beat a bull terrier.",0,CFS,CFS,,,,,NFS,CFS,CFS,,,,,NFS,CFS,CFS,,,,,NFS,CFS,CFS,,,,,NFS,0.0,0.0,,,,,0.0
14079581_3,355,"DRM Radio will be broadcasting it 's second show , live this coming Thursday the 23rd Dec , 8pm to 10pm on http://drmradio.ubroadcast.com/ Listeners to the show are welcome to send us material they would like to have read on-air during any of our live broadcasts .",,,"DRM Radio will be broadcasting its second show live on Thursday, December 23rd at 8pm on http://drmradio.ubroadcast.com/. Therefore, Listeners are welcome to send material to be read on-air during any live broadcast.",0,CFS,,,,,,CFS,UFS,,,,,,UFS,CFS,,,,,,NFS,CFS,,,,,,NFS,0.0,,,,,,1.0
13589746_5,356,"Larger fish eat smaller fish and with each step of ' the big eating small , ' as you go up the chain , any mercury becomes more concentrated , thus the larger the fish , the more chance they will have some mercury in them .",,,"Larger fish eat smaller fish. with each step of ' the big eating small , ' as you go up the chain , any mercury becomes more concentrated. Therefore, the larger the fish , the more chance they will have some mercury in them .",0,CFS,CFS,,,,,CFS,CFS,CFS,,,,,CFS,CFS,CFS,,,,,CFS,CFS,CFS,,,,,CFS,0.0,0.0,,,,,0.0
14109079_2,357,"I did time in Az. and out of the 7 years I was there I spent 6 in super max , but I am amongst the living once more friends , for almost five years now. people go to super max for all kinds of reasons .",,,"I did time in Az. out of the 7 years I was in Arizona, I spent 6 in super max. I am amongst the living once more friends , for almost five years now. people go to super max for all kinds of reasons . ",0,UFS,UFS,UFS,CFS,,,,UFS,UFS,UFS,CFS,,,,UFS,UFS,UFS,UFS,,,,UFS,UFS,UFS,CFS,,,,0.0,0.0,0.0,0.0,,,
14100647_1,358,Hi there best way to lose the pounds I use to be 395lbs I tried very diet program on the market 4hr at gym very 3days until friends told me easy way to kept the pounds off it may sound funny Don t eat anything white .,,,"I used to be 395lbs. I tried very diet program on the market 4hr at gym very 3days. Therefore, friends told me easy way to kept the pounds off Don t eat anything white.",0,UFS,UFS,,,,,UFS,UFS,UFS,,,,,NFS,UFS,UFS,,,,,UFS,UFS,UFS,,,,,UFS,0.0,0.0,,,,,0.0
13284883_1,359,"i have seen the autopsy report on emily they did not look for rape becouse they knew what they would find , they went just for the murder charge not rape and murder becouse they knew it would be to much for the public to take .",,,"I have seen the autopsy report on emily . The authorities already knew what they would find. They knew it would be too much for the public to take . Therefore, They did not look for rape, they went just for the murder charge.",0,CFS,CFS,CFS,,,,CFS,NFS,NFS,NFS,,,,NFS,UFS,NFS,NFS,,,,NFS,NFS,NFS,NFS,,,,NFS,1.0,0.0,0.0,,,,0.0
14414465_1,360,"I saw on news here in Kentucky a few days ago where someone had spray painted `` KKK '' on the side of a black School security officer 's house , they hadnt found who did it but they said it was a possible hate crime .",,,I saw on news here in Kentucky a few days ago where someone had spray painted `` KKK '' on the side of a black School security officer 's house. they hadnt found who did it. they said it was a possible hate crime.,0,CFS,CFS,CFS,,,,,UFS,UFS,UFS,,,,,CFS,CFS,CFS,,,,,CFS,CFS,CFS,,,,,0.0,0.0,0.0,,,,
30764994_1,361,It is the fault of the parents who do n't take an active role in their children 's education ( though I think most stupid kids have stupid parents ) and the fault of the schools who let illiterate kids go on to the next grade .,,,It is the fault of the parents who do n't take an active role in their children 's education. though I think most stupid kids have stupid parents. It is the fault of the schools who let illiterate kids go on to the next grade.,0,UFS,CFS,CFS,,,,,CFS,CFS,CFS,,,,,NFS,CFS,CFS,,,,,UFS,CFS,CFS,,,,,1.0,0.0,0.0,,,,
13597435_4,362,"I also have been talking to a person from Denmark , and I learned about gingerbread , dancing around the tree , and the various customs of Jul ( Dinner , place presents under the tree , desert , dance around tree , open presents ) .",,,"I have been talking to a person from Denmark. I learned about gingerbread, dancing around the tree, and the various customs of Jul. Jul customs include having dinner, placing presents under the tree, having dessert, dancing around the tree, and opening presents. ",0,UFS,UFS,UFS,,,,,NFS,NFS,CFS,,,,,UFS,UFS,NFS,,,,,UFS,UFS,UFS,,,,,0.0,0.0,1.0,,,,
31747401_1,363,a few times ive been told to make kids. i said i have no one to make them with. now i have someone but we do not feel ready to have kids. i belive in quality over quantity. so we would have maybe 2 to 4 .,,,"a few times ive been told to make kids.  i said i have no one to make them with. now i have someone but we do not feel ready to have kids. i belive in quality over quantity. Therefore, We would have maybe 2 to 4 .",0,UFS,UFS,UFS,UFS,,,NFS,NFS,NFS,NFS,NFS,,,NFS,UFS,UFS,UFS,UFS,,,NFS,UFS,UFS,UFS,UFS,,,NFS,0.0,0.0,0.0,0.0,,,0.0
30442475_2,364,It was great to see some new faces come out to one of our recent events and we are looking forward to seeing everyone that has been consistently coming to our weekly meets and those who are going to be coming out for the first time .,,,Some new faces came out to one of our recent events. People have been consistently coming to our weekly meets. Some people will be coming out for the first time.,0,UFS,UFS,UFS,,,,,NFS,UFS,NFS,,,,,UFS,UFS,UFS,,,,,UFS,UFS,UFS,,,,,0.0,0.0,0.0,,,,
13455402_2,365,"You can start out as an aware person who does n't need a herd to tell if something just is n't right , but if you have no allies and you 're bombarded with the mass point of view , you will succumb more and more .",,,"You can start out as an aware person who does n't need a herd to tell if something just is n't right. if you have no allies and you 're bombarded with the mass point of view , you will succumb more and more . ",0,NFS,NFS,,,,,,NFS,NFS,,,,,,NFS,NFS,,,,,,NFS,NFS,,,,,,0.0,0.0,,,,,
13504696_2,366,"Richland County deputies say Cason killed his estranged wife , 38-year-old Letitia Cason , at an apartment on Smallwood Road in Northeast Richland County Deputies : Murder Suspect Shoots at Officers , is Taken Into Custody wltx.com | Columbia , SC News , Weather and Sports |",,,"Richland County deputies reported that Cason killed his estranged wife, 38-year-old Letitia Cason. The incident occurred at an apartment on Smallwood Road in Northeast Richland County. The suspect, Cason, shot at officers. Cason was taken into custody. ",0,CFS,CFS,CFS,CFS,,,,CFS,CFS,CFS,CFS,,,,CFS,CFS,CFS,CFS,,,,CFS,CFS,CFS,CFS,,,,0.0,0.0,0.0,0.0,,,
14109613_1,367,"If anybody can email me and let me know how I can get involved please let me know : therealfixxx@hotmail.com I was born in New york city , Im 26 and I did four years in the marines so I have alot to talk about .",,,"I was born in New york city. Im 26. I did four years in the marines so I have alot to talk about . Therefore, If anybody can email me and let me know how I can get involved please let me know : therealfixxx@hotmail.com.",0,UFS,UFS,UFS,,,,NFS,UFS,UFS,UFS,,,,NFS,UFS,UFS,UFS,,,,NFS,UFS,UFS,UFS,,,,NFS,0.0,0.0,0.0,,,,0.0
14109079_3,368,"I went to max for my crimes being of a violent and racial nature , i went to super max for violence within that maximum unit. there are people in Super maxs who only have a few years to do , it just all depends .",,,"I went to max for my crimes being of a violent and racial nature. I went to super max for violence within that maximum unit. There are people in Super maxs who only have a few years to do. Therefore, It just all depends.",0,UFS,UFS,UFS,,,,NFS,UFS,UFS,CFS,,,,NFS,UFS,UFS,UFS,,,,NFS,UFS,UFS,UFS,,,,NFS,0.0,0.0,0.0,,,,0.0
13468181_1,369,"if you have enough money for high speed internet to download it you can probably afford the book ! you have your priorities mixed up if you have high speed internet which you 'd need to d/l it but cant feed your kids , lol .",,,"if you have enough money for high speed internet to download it you can probably afford the book !. you have high speed internet which you 'd need to d/l it . you cant feed your kids. Therefore, You have your priorities mixed up.",0,UFS,UFS,UFS,,,,UFS,NFS,NFS,NFS,,,,NFS,NFS,UFS,NFS,,,,NFS,NFS,UFS,NFS,,,,NFS,0.0,0.0,0.0,,,,0.0
30549038_1,370,"I was at a gas station last week , A guy came up to me too fast and too close and I almost went for my knife but at the last second I could see he meant no harm , then he asked for directions .",,,I was at a gas station last week.  A guy came up to me too fast and too close. I almost went for my knife but at the last second I could see he meant no harm. He asked for directions.,0,UFS,UFS,UFS,UFS,,,,UFS,UFS,UFS,UFS,,,,UFS,UFS,UFS,UFS,,,,UFS,UFS,UFS,UFS,,,,0.0,0.0,0.0,0.0,,,
30782213_1,371,"I know the thing on ebay said its first edition so i guess so , its still sitting at 51 $ so i am hoping it stays there and ill just bid like crazy the last few minutes of the auction and hopefully get it .",,,"I know the thing on ebay said its first edition so i guess so. its still sitting at 51 $. i am hoping it stays there. Therefore, I'll just bid like crazy the last few minutes of the auction and hopefully get it .",0,NFS,UFS,NFS,,,,NFS,NFS,UFS,NFS,,,,NFS,UFS,UFS,NFS,,,,NFS,NFS,UFS,NFS,,,,NFS,0.0,0.0,0.0,,,,0.0
14292811_1,372,"No, I meant how to get around buying up all the land in a PLE chosen town while refusing nonwhites to buy any property in such an area , it probably would n't matter if a nonwhite bought your house before you joined a PLE .",,,how to get around buying up all the land in a PLE chosen town while refusing nonwhites to buy any property in such an area. it probably would n't matter if a nonwhite bought your house before you joined a PLE .,0,NFS,NFS,,,,,,NFS,NFS,,,,,,NFS,NFS,,,,,,NFS,NFS,,,,,,0.0,0.0,,,,,
14299205_1,373,A small trace amounts of non white blood a few generations back can be removed naturally by generational mixing of more white blood into the lifeline of a family who 's great great so on on and so forth engaged in one incident of miscegenation .,,,A small trace amounts of non white blood a few generations back can be removed naturally by generational mixing of more white blood into the lifeline of a family. A family who 's great great so on on and so forth engaged in one incident of miscegenation .,0,CFS,CFS,,,,,,CFS,CFS,,,,,,CFS,NFS,,,,,,CFS,CFS,,,,,,0.0,0.0,,,,,
30641962_1,374,Both me and my wife would be very involved in every aspect of their schooling and the area we are moving to is very very white so will have to find out more from white parents already there that send their children to public school .,,,"Both me and my wife would be very involved in every aspect of their schooling. the area we are moving to is very very white. Therefore, We will have to find out more from white parents already there that send their children to public school.",0,UFS,UFS,,,,,NFS,NFS,CFS,,,,,NFS,UFS,UFS,,,,,NFS,UFS,UFS,,,,,NFS,0.0,0.0,,,,,0.0
30626462_2,375,"Bach did not introduce new forms but he enriched the prevailing German style with a robust contrapuntal technique , an unrivaled control of harmonic and motivic organization , and the adaptation of rhythms , forms and textures from abroad , particularly from Italy and France .",,,"Bach did not introduce new forms but he enriched the prevailing German style particularly inspired from Italy and France . Bach used a robust contrapuntal technique. Bach had an unrivaled control of harmonic and motivic organization. Therefore, Bach adapted rhythms, forms, and textures from abroad.",0,CFS,CFS,CFS,,,,CFS,CFS,CFS,CFS,,,,CFS,CFS,CFS,CFS,,,,CFS,CFS,CFS,CFS,,,,CFS,0.0,0.0,0.0,,,,0.0
30576888_1,376,"I assume you went to the High Caliber gun show in Houston , I usually go when they are in Conroe and I know the feeling the last two or three times I did n't get much or see anything that really caught my eye .",,,"I assume you went to the High Caliber gun show in Houston. I usually go to the High Caliber gun show when they are in Conroe. the last two or three times I did n't get much or see anything that really caught my eye . Therefore, I know the feeling .",0,NFS,UFS,UFS,,,,NFS,UFS,UFS,NFS,,,,NFS,NFS,UFS,UFS,,,,NFS,NFS,UFS,UFS,,,,NFS,0.0,0.0,0.0,,,,0.0
30498223_3,377,"The Hubble images were combined with images from the Keck telescopes taken on Aug. 20 , 21 , 30 , and 31 to measure the satellite 's orbit and calculate a mass for Eris , which is the largest dwarf planet in the solar system .",,,"The Hubble images were combined with images from the Keck telescopes taken on Aug. 20, 21, 30, and 31. The purpose of combining these images was to measure the satellite's orbit and calculate a mass for Eris. Eris is the largest dwarf planet in the solar system. ",0,CFS,CFS,CFS,,,,,CFS,CFS,CFS,,,,,CFS,CFS,CFS,,,,,CFS,CFS,CFS,,,,,0.0,0.0,0.0,,,,
13507823_3,378,"Jackson 's retrial took jurors back to the events of late summer 1977 , when two widows , Vernita Curtis , 81 and Gladys Ott , 90 , were beaten and strangled to death during burglaries a week apart in a Long Beach apartment building .",,,"Jackson's retrial took jurors back to the events of late summer 1977. Two widows, Vernita Curtis, 81, and Gladys Ott, 90, were beaten and strangled to death during burglaries. The burglaries occurred a week apart in a Long Beach apartment building. ",0,CFS,CFS,CFS,,,,,NFS,UFS,UFS,,,,,CFS,CFS,CFS,,,,,CFS,CFS,CFS,,,,,0.0,0.0,0.0,,,,
14418005_1,379,"I remember back in the day I used to hand out tracts for my church , why dont they have anything small that I can print out on my printer and cut them up so I can place them in library books and phone booths ?",,,"back in the day I used to hand out tracts for my church. Therefore, why dont they have anything small that I can print out on my printer and cut them up so I can place them in library books and phone booths ?.",0,UFS,,,,,,NFS,NFS,,,,,,NFS,UFS,,,,,,NFS,UFS,,,,,,NFS,0.0,,,,,,0.0
30712850_4,380,If you think that 's a stretch consider : ( 1 ) .state law already trumps religion when it comes to homosexuality and abortion and ( 2 ) .the Jews have already pressured some Christian churches to say that the Jews did not murder Jesus .,,,State law already trumps religion when it comes to homosexuality and abortion. The Jews have already pressured some Christian churches to say that the Jews did not murder Jesus.,0,CFS,CFS,,,,,,CFS,CFS,,,,,,CFS,CFS,,,,,,CFS,CFS,,,,,,0.0,0.0,,,,,
14264210_1,381,I have no problem cleaning my own toilets infact I dont even hate it because after im done I know that there be the cleanest dang place for my buttocks to be sitting on the next time there is a need for a bowel movement .,,,"After I clean my own toilets, I know they will be the cleanest place for my buttocks to sit on the next time there is a need for a bowel movement. Therefore, I have no problem cleaning my own toilets infact I dont even hate it.",0,NFS,,,,,,NFS,NFS,,,,,,NFS,NFS,,,,,,NFS,NFS,,,,,,NFS,0.0,,,,,,0.0
14650949_6,382,Police : Suspect in U.Va. case linked to 2009 homicide Virginia State Police said Monday that a suspect charged in the disappearance of a University of Virginia sophomore is linked through forensic evidence to the abduction and murder of another college student five years ago .,,,Virginia State Police announced on Monday that a suspect in the disappearance of a University of Virginia sophomore is connected to a 2009 homicide. The suspect has been charged in the abduction and murder of another college student. Forensic evidence links the suspect to the 2009 homicide. The suspect in the U.Va. case is also responsible for the 2009 homicide.,0,CFS,CFS,CFS,CFS,,,,UFS,UFS,UFS,UFS,,,,CFS,CFS,CFS,CFS,,,,CFS,CFS,CFS,CFS,,,,0.0,0.0,0.0,0.0,,,
13456696_10,383,In the end the only safe thing to eat is grass if you are lucky enough to have your own garden ( or grow your own food if you have the space ) and hope to hell the government here does n't do chemical spraying .,,,In the end the only safe thing to eat is grass. Having your own garden or growing your own food provides a source of safe food. The government may engage in chemical spraying.,0,CFS,CFS,CFS,,,,,CFS,CFS,CFS,,,,,CFS,CFS,CFS,,,,,CFS,CFS,CFS,,,,,0.0,0.0,0.0,,,,
13480461_1,384,"The jew Alan Fishman , 49 , of Brooklyn , NY , was arrested along with the jew Daniel Ledven , 37 , of Cresskill , N.J. , on securities and wire fraud charges in a scheme that swindled investors out of $ 20 million .",,,"Alan Fishman, a 49-year-old jew from Brooklyn, NY, was arrested. Daniel Ledven, a 37-year-old jew from Cresskill, N.J., was also arrested. The arrests were made on securities and wire fraud charges. The scheme involved swindling investors out of $20 million. ",0,CFS,CFS,CFS,CFS,,,,UFS,UFS,UFS,UFS,,,,CFS,CFS,CFS,CFS,,,,CFS,CFS,CFS,CFS,,,,0.0,0.0,0.0,0.0,,,
13621261_3,385,"http://www.vg.no/pub/vgart.hbs ? artid = 222065 Suspected for warcrimes , seeks asylum in Norway A Chechen ( 32 ) - wanted for warcrimes - and a Lebanese ( 41 ) - suspected of warcrimes - lives at an asylum reception center in Norway with their families .",,,A Chechen (32) and a Lebanese (41) are living at an asylum reception center in Norway with their families. The Chechen is wanted for warcrimes. The Lebanese is suspected of warcrimes.,0,CFS,CFS,CFS,,,,,CFS,CFS,CFS,,,,,CFS,CFS,CFS,,,,,CFS,CFS,CFS,,,,,0.0,0.0,0.0,,,,
30586609_1,386,ALWAYS SPEAK OUT WHEN IN A CLASS WITH A BRAINWASHING TEACHER BECAUSE ONCE YOU SPEAK OTHERS WHO MAY FEEL THE SAME WAY MAY REALIZE THEY ARE NOT ALONE but if you say nothing then everybody will without question go along with the anti white brainwashing .,,,"ONCE YOU SPEAK OTHERS WHO MAY FEEL THE SAME WAY MAY REALIZE THEY ARE NOT ALONE. if you say nothing then everybody will without question go along with the anti white brainwashing . Therefore, ALWAYS SPEAK OUT WHEN IN A CLASS WITH A BRAINWASHING TEACHER.",0,NFS,NFS,,,,,NFS,NFS,NFS,,,,,NFS,NFS,NFS,,,,,NFS,NFS,NFS,,,,,NFS,0.0,0.0,,,,,0.0
14047915_1,387,just wanted to give this a bump up. we have had a few good people coming to our weekly get together and would like to encourage anyone else interested in meeting and networking with us here in Calgary to feel free to pm me .,,,"We have had a few good people coming to our weekly get together. we would like to encourage anyone else interested in meeting and networking with us. We are here in Calgary. Therefore, Feel free to pm me.",0,UFS,NFS,UFS,,,,NFS,NFS,NFS,NFS,,,,NFS,UFS,UFS,UFS,,,,NFS,UFS,NFS,UFS,,,,NFS,0.0,0.0,0.0,,,,0.0
13863990_1,388,we should have our rights to do things our own way and all but that woman SHOULD have had an abortion !!! im against killing babies but there is NO WAY that could have gone well. dead fetus could 've probably killed the mother .,,,"We should have our rights to do things our own way. A dead fetus could have probably killed the mother. I am against killing babies. Therefore, That woman SHOULD have had an abortion !!! there is NO WAY that could have gone well.",0,NFS,UFS,UFS,,,,UFS,NFS,CFS,NFS,,,,NFS,NFS,NFS,UFS,,,,NFS,NFS,CFS,UFS,,,,NFS,0.0,1.0,0.0,,,,0.0
13861318_2,389,"I have just dispatched a PM to a nember of staff politely suggesting that this forum would be more properly renamed Brentworld , Potato land , the Orange playpen , trollsville , Paisleyland , Londonstormfront , `` Ulster Scot '' Pixie-land , Smilie City ..",,,"I have just dispatched a PM to a nember of staff. I politely suggest that this forum would be more properly renamed Brentworld , Potato land , the Orange playpen , trollsville , Paisleyland , Londonstormfront , `` Ulster Scot '' Pixie-land , Smilie City . ",0,UFS,UFS,,,,,,NFS,NFS,,,,,,UFS,NFS,,,,,,UFS,NFS,,,,,,0.0,0.0,,,,,
14270522_1,390,I heard the feds got him because he ate a chocolate bar and they charged him with racist eating. lol Now im sure he is ok atleast I hope so I look forward to his reading his wisdom as often as he posts it .,,,"I heard the feds got him because he ate a chocolate bar. they charged him with racist eating. Therefore, I look forward to reading his wisdom as often as he posts it .",0,UFS,UFS,,,,,NFS,UFS,UFS,,,,,NFS,UFS,NFS,,,,,NFS,UFS,UFS,,,,,NFS,0.0,0.0,,,,,0.0
32625866_1,391,"I found it strange the way the police handled this case , they told her father and his friends to search the house for her , all those people wandering around the house contaminating all the evidence , that 's hardly good police procedure .",,,"I found it strange the way the police handled this case. they told her father and his friends to search the house for her. all those people wandering around the house contaminating all the evidence. Therefore, That 's hardly good police procedure .",0,NFS,UFS,UFS,,,,NFS,NFS,NFS,NFS,,,,NFS,NFS,UFS,UFS,,,,NFS,NFS,UFS,UFS,,,,NFS,0.0,0.0,0.0,,,,0.0
13474889_1,392,"The country with the most significant `` baby-boom '' is Estonia ( TFR from ~ 1,2 in 1998 to ~ 1,7 in this year ) : http://pub.stat.ee/px-web.2001/Dialo...Births/&lang=1AlsoCzechRep.hasitsfertilityratesignificiantlyincreased:http://www.czso.cz/eng/csu.nsf/informace/aoby032008.doc Denmark and Norway in this year probably will have record high TFR level since early 1970 's .",,,"The country with the most significant `` baby-boom '' is Estonia ( TFR from ~ 1,2 in 1998 to ~ 1,7 in this year ). Denmark and Norway in this year probably will have record high TFR level since early 1970 's . ",0,CFS,CFS,,,,,,CFS,CFS,,,,,,CFS,CFS,,,,,,CFS,CFS,,,,,,0.0,0.0,,,,,
14028157_1,393,dont let it get you down brother your not on your own just bite your tongue and think of all those beutiful aryan women who think the way we do they are worth fighting for everything enoch powell said came true. hang in there brother,,,"dont let it get you down brother your not on your own. just bite your tongue and think of all those beutiful aryan women who think the way we do. they are worth fighting for everything enoch powell said came true. Therefore, Hang in there brother.",0,NFS,NFS,NFS,,,,NFS,NFS,NFS,NFS,,,,NFS,NFS,NFS,NFS,,,,NFS,NFS,NFS,NFS,,,,NFS,0.0,0.0,0.0,,,,0.0
30647927_2,394,"If a white person wants to do well at any kind of academic subject , languages , art etc etc. then simply fill your essays with racial integration , feminism and the love of other cultures and the like and you 'll be fine !",,,"If a white person wants to do well at any kind of academic subject , languages , art etc etc. then simply fill your essays with racial integration , feminism and the love of other cultures and the like and you 'll be fine !. ",0,CFS,,,,,,,CFS,,,,,,,NFS,,,,,,,CFS,,,,,,,0.0,,,,,,
30646027_1,395,You could also open up the school via the internet just like the other schools have done in my area they have kids go to a class and learn via a feed from the teacher who could be hundreds or thousands of miles away .,,,You could also open up the school via the internet just like the other schools have done in my area. they have kids go to a class and learn via a feed from the teacher who could be hundreds or thousands of miles away .,0,UFS,UFS,,,,,,CFS,CFS,,,,,,UFS,UFS,,,,,,UFS,UFS,,,,,,0.0,0.0,,,,,
30543852_1,396,My son is 3 years old and I have started homeschooling for him.Few weeks back i was wondering whether i should let him go to a Public school or do home schooling but decided to go for home schooling and now he is enjoying .,,,My son is 3 years old and I have started homeschooling for him. Few weeks back i was wondering whether i should let him go to a Public school or do home schooling. I decided to go for home schooling. now he is enjoying.,0,UFS,UFS,UFS,UFS,,,,UFS,NFS,NFS,NFS,,,,UFS,NFS,UFS,UFS,,,,UFS,NFS,UFS,UFS,,,,0.0,0.0,0.0,0.0,,,
14032533_2,397,"Little did the perpetrators know that I actually lived in the same block , and got a surprise when I knocked on their door and the guy who answered got a full bucket of water in the face , followed by the bucket itself !",,,"Little did the perpetrators know that I actually lived in the same block. I got a surprise when I knocked on their door and the guy who answered got a full bucket of water in the face , followed by the bucket itself !. ",0,UFS,UFS,,,,,,UFS,NFS,,,,,,NFS,UFS,,,,,,UFS,UFS,,,,,,0.0,0.0,,,,,
14108390_1,398,im 27 live in manchvagas n.h. my x girl was suposed to go and we broke up at x mass and i missed the show last yr. but not this yr. so if your a cute white women into boston oi e mail me hammerfist@attbi.com,,,"im 27 live in manchvagas n.h. my x girl was suposed to go and we broke up at x mass. i missed the show last yr. but not this yr. Therefore, if your a cute white women into boston oi e mail me hammerfist@attbi.com.",0,UFS,UFS,UFS,,,,NFS,UFS,NFS,NFS,,,,NFS,UFS,UFS,UFS,,,,NFS,UFS,UFS,UFS,,,,NFS,0.0,0.0,0.0,,,,0.0
14073742_1,399,"North Irish militants forcing police from their homes Police in Northern Ireland are being forced to flee their homes by nationalist militants stepping up attacks on a force they consider to be a symbol of British rule , a police official said on Wednesday .",,,Nationalist militants are stepping up attacks on the police force in Northern Ireland. The police force is seen as a symbol of British rule. A police official stated that the attacks are forcing police to flee their homes.,0,CFS,CFS,CFS,,,,,CFS,CFS,CFS,,,,,CFS,NFS,CFS,,,,,CFS,CFS,CFS,,,,,0.0,0.0,0.0,,,,
13848611_1,400,If they have some marches and what not about showing pride in their culture you guys should go out and do the same If you could try and contact people you know in different cities and see if their willing to do the same .,,,"They have some marches showing pride in their culture. If you could try and contact people you know in different cities and see if their willing to do the same . Therefore, you guys should go out and do the same.",0,CFS,NFS,,,,,NFS,CFS,NFS,,,,,NFS,CFS,NFS,,,,,NFS,CFS,NFS,,,,,NFS,0.0,0.0,,,,,0.0
14093987_3,401,"Back in 1981 Dusty used to show up in bars in Tampa , where my band was playing , get up onstage with us and sing `` Johnny Be Good '' and `` Long-Haired Country Boy '' , the only two songs he knew .",,,"Dusty used to show up in bars in Tampa where my band was playing. Dusty would get up onstage with us. Dusty would sing ""Johnny Be Good"" and ""Long-Haired Country Boy"". These were the only two songs Dusty knew. ",0,UFS,UFS,UFS,UFS,,,,UFS,UFS,UFS,UFS,,,,UFS,NFS,NFS,UFS,,,,UFS,UFS,UFS,UFS,,,,0.0,0.0,0.0,0.0,,,
31715269_1,402,"thats just stupid to say that , because you have probably heard maybe 10-20 artists and those are the * * * * * * s on TV and stuff. there are tons of white , non-wigerish rappers that dont `` scream '' about something",,,"you have probably heard maybe 10-20 artists. those are the * * * * * * s on TV and stuff. there are tons of white , non-wigerish rappers that dont `` scream '' about something. Therefore, Thats just stupid to say that .",0,UFS,NFS,CFS,,,,NFS,NFS,NFS,UFS,,,,NFS,NFS,NFS,NFS,,,,NFS,NFS,NFS,UFS,,,,NFS,0.0,0.0,1.0,,,,0.0
14069679_1,403,"my kids want to hang around and bring a couple of nigs into the house .if i do.some members of my family will blank me.if i dont allow it. the kids themselves will blank me for a while , so either way i cant win",,,"my kids want to hang around and bring a couple of nigs into the house. if i do, some members of my family will blank me. if i dont allow it. the kids themselves will blank me for a while. Therefore, Either way, I can't win.",0,UFS,UFS,UFS,,,,NFS,NFS,NFS,NFS,,,,NFS,UFS,NFS,NFS,,,,NFS,UFS,NFS,NFS,,,,NFS,0.0,0.0,0.0,,,,0.0
13482315_2,404,"The lawsuit , filed in Los Angeles County Superior Court last week , is the latest in a string of cases against the company and the jew Charney including five sexual harassment cases that have been settled , dismissed or placed in arbitration .",,,"The lawsuit was filed in Los Angeles County Superior Court last week. The company and the jew Charney have faced a string of cases. Five sexual harassment cases have been settled, dismissed, or placed in arbitration. ",0,CFS,CFS,CFS,,,,,CFS,CFS,CFS,,,,,CFS,CFS,CFS,,,,,CFS,CFS,CFS,,,,,0.0,0.0,0.0,,,,
30474323_4,405,"As for Satan , the word comes from a root word meaning ' adversary ' and as such it should not be taken as to imply a singular being but rather anyone of an adverse nature , in a word , an opponent .",,,"The word 'Satan' is derived from a root word meaning 'adversary'. This word should not be interpreted as referring to a singular being. Instead, it can refer to anyone with an adverse nature, in a word, an opponent. ",0,CFS,CFS,CFS,,,,,CFS,CFS,CFS,,,,,CFS,CFS,CFS,,,,,CFS,CFS,CFS,,,,,0.0,0.0,0.0,,,,
30966286_1,406,I feel very sorry for the families of such Jews as Art Katz because he would preach to them over and over again about how Jesus died for the Jew first while at the same time shoving his non-Jewish wife into their faces .,,,Art Katz preaches to Jewish families about Jesus dying for the Jew first. He repeatedly preaches this message to them. He shows his non-Jewish wife to the Jewish families. I feel very sorry for the families of such Jews.,0,CFS,CFS,CFS,NFS,,,,CFS,CFS,UFS,NFS,,,,CFS,CFS,CFS,NFS,,,,CFS,CFS,CFS,NFS,,,,0.0,0.0,0.0,0.0,,,
14093911_1,407,"Well for all of my friends down there , we all got thrown out of the big local bar in this little town and it 's all my fault hahahahahaha I do n't think we 'll be welcome back for a LONG time .",,,"Well for all of my friends down there , we all got thrown out of the big local bar in this little town. Therefore, I do n't think we 'll be welcome back for a LONG time .",0,UFS,,,,,,NFS,NFS,,,,,,NFS,NFS,,,,,,NFS,NFS,,,,,,NFS,0.0,,,,,,0.0
30462337_3,408,"If you have good grades , do n't get in trouble , are involved in extracurriculars , and otherwise are a good citizen , probably most teachers are n't going to take time out of their day unless your school is REALLY liberal .",,,"Having good grades. Not getting in trouble. Being involved in extracurriculars. Being a good citizen. Attending a school that is not very liberal. Therefore, Most teachers will not take time out of their day for you.",0,UFS,UFS,UFS,UFS,UFS,,NFS,NFS,NFS,NFS,NFS,NFS,,NFS,NFS,NFS,NFS,NFS,NFS,,NFS,NFS,NFS,NFS,NFS,NFS,,NFS,0.0,0.0,0.0,0.0,0.0,,0.0
14105259_1,409,"hey, im from manhattan. its really rough havin beliefs like us and living in a city like new york. if anybody would like to meet or talk to a white nationalist , neo-confederate , klansman , teenager from manhattan , just email me sk8terxxl@aol.com",,,"im from manhattan. its really rough havin beliefs like us and living in a city like new york. Therefore, if anybody would like to meet or talk to a white nationalist , neo-confederate , klansman , teenager from manhattan, just email me.",0,UFS,UFS,,,,,NFS,UFS,NFS,,,,,NFS,UFS,NFS,,,,,NFS,UFS,NFS,,,,,NFS,0.0,0.0,,,,,0.0
13455402_7,410,"My boyfriend needs to watch this video ... I 've gotten fed up before and told him to turn the damn thing off and put on some music , look at things on the internet , or go somewhere out of the house .",,,"My boyfriend needs to watch this video. I 've gotten fed up before. Therefore, I told him to turn the damn thing off and put on some music , look at things on the internet , or go somewhere out of the house .",0,UFS,UFS,,,,,UFS,NFS,NFS,,,,,NFS,NFS,NFS,,,,,NFS,NFS,NFS,,,,,NFS,0.0,0.0,,,,,0.0
30526559_2,411,"The scene is anchored right and left by two bright stars , Mu and Eta Geminorum , at the foot of the celestial twin while the Jellyfish Nebula is the brighter arcing ridge of emission with dangling tentacles below and right of center .",,,"The scene is anchored right and left by two bright stars, Mu and Eta Geminorum. The Jellyfish Nebula is the brighter arcing ridge of emission. The Jellyfish Nebula has dangling tentacles below and right of center. The two bright stars are at the foot of the celestial twin. ",0,CFS,CFS,CFS,CFS,,,,UFS,UFS,UFS,UFS,,,,CFS,CFS,CFS,CFS,,,,CFS,CFS,CFS,CFS,,,,0.0,0.0,0.0,0.0,,,
30608513_3,412,"I havent even paid for not one single ppv , so its not like Im stopping my support , lol By the way , to the guy that said Demian Maia is white ... yes , hes white , just like Erick Silva .",,,"I havent even paid for not one single ppv. its not like Im stopping my support. Demian Maia is white ... yes , hes white , just like Erick Silva . ",0,UFS,UFS,CFS,,,,,NFS,NFS,UFS,,,,,UFS,NFS,NFS,,,,,UFS,NFS,CFS,,,,,0.0,0.0,1.0,,,,
30505306_6,413,"Lactose tolerance ( again from Mathieson 2015 ) did not exist among either the Steppe pastoralists or the Neolithic farmers , but developed later amongst mixed groups ( their study found the first evidence for lactose tolerance among the Bell Beaker culture ) .",,,Lactose tolerance ( again from Mathieson 2015 ) did not exist among the Steppe pastoralists or the Neolithic farmers. Lactose tolerance developed later among mixed groups. The first evidence for lactose tolerance was found among the Bell Beaker culture.,0,CFS,CFS,CFS,,,,,CFS,CFS,CFS,,,,,CFS,CFS,CFS,,,,,CFS,CFS,CFS,,,,,0.0,0.0,0.0,,,,
13510135_1,414,"Marte Williams , 41 , was taken into custody Sunday after authorities said he was caught trespassing at Paulus Hook Towers , the apartment complex where the bodies of 27-year-old Jacqueline Reyes and her 9-month-old son Ivan Reyes Jr. were found Tuesday morning .",,,"Marte Williams, 41, was taken into custody Sunday. Authorities said he was caught trespassing at Paulus Hook Towers. The apartment complex is where the bodies of 27-year-old Jacqueline Reyes and her 9-month-old son Ivan Reyes Jr. were found Tuesday morning. ",0,CFS,CFS,CFS,,,,,UFS,UFS,UFS,,,,,CFS,CFS,CFS,,,,,CFS,CFS,CFS,,,,,0.0,0.0,0.0,,,,
13860590_1,415,"i have no problem eating foreign food , what i have a problem is is handing over my money to foreigners. there is no reason you should hate any foods just beacuse some other race found out a nice way to prepare it .",,,"I have no problem eating foreign food. What I have a problem with is handing over my money to foreigners. Therefore, There is no reason to hate any foods just because some other race found a nice way to prepare it.",0,UFS,UFS,,,,,NFS,NFS,NFS,,,,,NFS,UFS,NFS,,,,,NFS,UFS,NFS,,,,,NFS,0.0,0.0,,,,,0.0
31759463_1,416,Been A week since I put any poison in my body and I feel gread ( better every day ) dont have any craving anymore Now I realize how stupid it was to start in the first place PS : Thanks for the suport,,,"It has been a week since I last consumed poison. I feel great and better every day. I no longer have any cravings. Therefore, I now realize how foolish it was to start consuming poison in the first place.",0,UFS,UFS,UFS,,,,NFS,UFS,UFS,UFS,,,,NFS,UFS,UFS,UFS,,,,NFS,UFS,UFS,UFS,,,,NFS,0.0,0.0,0.0,,,,0.0
13595072_11,417,"[ First in the world ] We were not afraid to stand up against Soviet terror , to this I take great pride as you all see The larger article in itself you may find here : http://www.mbl.is/mm/frettir/innlent ... ml ? nid = 1083256",,,"We were not afraid to stand up against Soviet terror. The larger article in itself you may find here : http://www.mbl.is/mm/frettir/innlent ... ml ? nid = 1083256. Therefore, I take great pride as you all see.",0,UFS,CFS,,,,,UFS,NFS,NFS,,,,,NFS,NFS,CFS,,,,,NFS,NFS,CFS,,,,,NFS,0.0,0.0,,,,,0.0
14075129_1,418,"I just wanted to pop in and say that I wish you in Ireland the best and sincerely hope that Ireland is n't too far gone before enough people wake up , see what is happening , stop it and preserve Ireland .",,,"I just wanted to pop in and say that I wish you in Ireland the best. I sincerely hope that Ireland is n't too far gone before enough people wake up. Therefore, Stop it and preserve Ireland.",0,NFS,CFS,,,,,NFS,NFS,NFS,,,,,NFS,NFS,NFS,,,,,NFS,NFS,NFS,,,,,NFS,0.0,0.0,,,,,0.0
30500254_3,419,"Anyway , I intentionally do n't make clear whether I 'm married or not , or whether I 'm a father or mother , because this is 2014 and the NSA and FBI are everywhere , and I like having plausible deniability .",,,"It is 2014. The NSA and FBI are everywhere. I like having plausible deniability. Therefore, I intentionally do n't make clear whether I 'm married or not , or whether I 'm a father or mother.",0,CFS,CFS,NFS,,,,UFS,CFS,CFS,NFS,,,,NFS,UFS,CFS,NFS,,,,UFS,CFS,CFS,NFS,,,,UFS,0.0,0.0,0.0,,,,0.0
14439474_1,420,I think that it is fair to say that the National Alliance is a secular organization that has taken a specific stance against multicultural Christianity for political reasons and has also had prominent members who have promoted non-Christian religions or spiritual paths .,,,The National Alliance is a secular organization. The National Alliance has taken a specific stance against multicultural Christianity for political reasons. The National Alliance has prominent members who have promoted non-Christian religions or spiritual paths.,0,CFS,CFS,CFS,,,,,CFS,CFS,CFS,,,,,CFS,CFS,CFS,,,,,CFS,CFS,CFS,,,,,0.0,0.0,0.0,,,,
12845755_1,421,It is hard to say what is going to happen however one way or the other I think Whites in South Africa should get out of the country and try to make it to a safer location such as Canada or Australia .,,,It is hard to say what is going to happen. one way or the other I think Whites in South Africa should get out of the country and try to make it to a safer location such as Canada or Australia .,0,NFS,CFS,,,,,,NFS,NFS,,,,,,NFS,NFS,,,,,,NFS,NFS,,,,,,0.0,0.0,,,,,
30428481_1,422,"hey remember the Japanese where on the Good side during WW2 on a light note , ya , I can be idolized and all my coworkers , we are all heroes ready to build the next rail gun cannons that will power WW3",,,"hey remember the Japanese where on the Good side during WW2 on a light note. I can be idolized and all my coworkers , we are all heroes ready to build the next rail gun cannons that will power WW3. ",0,CFS,UFS,,,,,,CFS,NFS,,,,,,NFS,UFS,,,,,,CFS,UFS,,,,,,0.0,0.0,,,,,
31746301_1,423,i did a project on hitler for school and i read mein kampf and i got a lot of * * * * from the teachers and black kids but * * * * them im gonna read whut im gonna read wpww,,,i did a project on hitler for school and i read mein kampf and i got a lot of * * * * from the teachers and black kids. * * * * them im gonna read whut im gonna read wpww.,0,UFS,NFS,,,,,,UFS,NFS,,,,,,UFS,NFS,,,,,,UFS,NFS,,,,,,0.0,0.0,,,,,
14412547_1,424,I sent out a few more emails the other day and then last night handed out about 25 or so leaflets made up of David Duke 's talk on this and the Duke Lacrosse case that the St. Louis Volksfront donated me .,,,I sent out a few more emails the other day and then last night handed out about 25 or so leaflets. The leaflets were made up of David Duke's talk on this and the Duke Lacrosse case. The St. Louis Volksfront donated the leaflets to me.,0,UFS,UFS,UFS,,,,,NFS,NFS,UFS,,,,,UFS,UFS,UFS,,,,,UFS,UFS,UFS,,,,,0.0,0.0,0.0,,,,
31776644_1,425,i had a pair of levi 's that i wore whenever i did messy work .. they were my ' junk ' jeans. i usually wear anything that fits me. as for Docs i rarely wear them anymore. i wear sneakers now .,,,i had a pair of levi 's that i wore whenever i did messy work .. they were my ' junk ' jeans.  i usually wear anything that fits me. . as for Docs i rarely wear them anymore. I wear sneakers now.,0,UFS,UFS,UFS,,,,,NFS,NFS,NFS,,,,,UFS,UFS,UFS,,,,,UFS,UFS,UFS,,,,,0.0,0.0,0.0,,,,
13855143_1,426,I do feel for the Croatian people and I have come across some of them on the internet and they seem to be a decent people and I have also came across the Serbs who seem to jump into bed with loyalists .,,,I do feel for the Croatian people and I have come across some of them on the internet and they seem to be a decent people. I have also came across the Serbs who seem to jump into bed with loyalists .,0,NFS,CFS,,,,,,CFS,CFS,,,,,,NFS,UFS,,,,,,NFS,CFS,,,,,,0.0,0.0,,,,,
14675522_1,427,What does any of that have to do with racial preservation and the resistance to the deliberate and calculated extermination of the White race and the destruction of western civilization which 99 % of the members of this site are concerned with ?,,,"99% members of this site are concerned with the preservation of the White race. Therefore, What does any of that have to do with racial preservation and the resistance to the deliberate and calculated extermination of the White race and the destruction of western civilization?.",0,CFS,,,,,,NFS,CFS,,,,,,NFS,CFS,,,,,,NFS,CFS,,,,,,NFS,0.0,,,,,,0.0
30608551_1,428,"well, i have been working on something for self defense in one of those situations in which guns have been confiscated. essentially , training with sledgehammer and axe in a shtf moment going old school barbarian might be one 's only hope .",,,i have been working on something for self defense in one of those situations in which guns have been confiscated. training with sledgehammer and axe in a shtf moment going old school barbarian might be one 's only hope .,0,UFS,CFS,,,,,,NFS,NFS,,,,,,UFS,NFS,,,,,,UFS,NFS,,,,,,0.0,0.0,,,,,
31708648_1,429,i have always wanted to be a cop and will become one its only the bad anti skinhead cops that piss me off.I think being a cop is one of the best WN jobs in the fact that your cleaning up the streets,,,"I have always wanted to be a cop and will become one. your cleaning up the streets as a cop. its only the bad anti skinhead cops that piss me off. Therefore, I think being a cop is one of the best WN jobs.",0,UFS,CFS,NFS,,,,CFS,NFS,NFS,NFS,,,,NFS,UFS,NFS,UFS,,,,NFS,UFS,NFS,NFS,,,,NFS,0.0,0.0,0.0,,,,0.0
30773823_1,430,"that sounds like hippyism. im not leaving my children 's values up for grabs. as ive said before , if parents dont feel their children 's heads with good things then the pc patrol will definitely feel their heads with bad things .",,,"if parents dont feel their children 's heads with good things then the pc patrol will definitely feel their heads with bad things . that sounds like hippyism. Therefore, I'm not leaving my children 's values up for grabs.",0,CFS,NFS,,,,,NFS,CFS,CFS,,,,,NFS,NFS,NFS,,,,,NFS,CFS,NFS,,,,,NFS,0.0,0.0,,,,,0.0
30560340_1,431,"They do this with criminals who ought to be in jail , they put tracking bracelets on them and the smart ones cut them off before they rape and rob , the dumb ones do n't care and just leave them on .",,,Criminals who ought to be in jail are often given tracking bracelets. Smart criminals will cut off their tracking bracelets before committing a crime. Dumb criminals do not care about the tracking bracelets and leave them on.,0,CFS,CFS,CFS,,,,,CFS,CFS,CFS,,,,,CFS,NFS,NFS,,,,,CFS,CFS,CFS,,,,,0.0,0.0,0.0,,,,
13862381_1,432,the younger limerick crowd say the gangs from moyross are in regular fights with the poles they go around in tens and when they meet all hell breaks lose its very like in east germany with the poles and working class irish .,,,"The younger limerick crowd say the gangs from moyross are in regular fights with the poles. The gangs from moyross and the poles go around in tens. When the gangs from moyross and the poles meet, all hell breaks loose. The situation is very similar to what happens in East Germany with the poles and working class Irish. ",0,CFS,CFS,CFS,CFS,,,,CFS,CFS,CFS,CFS,,,,UFS,UFS,NFS,CFS,,,,CFS,CFS,CFS,CFS,,,,0.0,0.0,0.0,0.0,,,
13285404_1,433,"Amazing how 5 young bucks can break in to a little girls home , beat the child half to death before killing her and we are expected to believe that they did n't take turns at her while before finally killing her ...",,,"5 young bucks broke into a little girl's home, beat the child half to death before killing her . Therefore, We are expected to believe that they did n't take turns at her while before finally killing her .",0,CFS,,,,,,CFS,CFS,,,,,,CFS,UFS,,,,,,NFS,CFS,,,,,,CFS,0.0,,,,,,0.0
30504346_1,434,Before I became a Christian when I was a big fan of heavy metal I liked Old lead singer of Gathering Old female singer of Tristania ( my favorite ) 80 's pop was all pretty good too Cyndi Lauper Sanda Kim Wilde,,,"Before becoming a Christian, I was a big fan of heavy metal. I liked Old lead singer of Gathering Old female singer of Tristania ( my favorite ). 80 's pop was all pretty good too Cyndi Lauper Sanda Kim Wilde. ",0,UFS,UFS,CFS,,,,,NFS,NFS,NFS,,,,,UFS,UFS,CFS,,,,,UFS,UFS,CFS,,,,,0.0,0.0,0.0,,,,
13505642_1,435,"Yeah, Swamp soccer is the real sport ... beer , naked men , men in flower dresses Actually , I was planning to attend with a girl team one year ... unfortunately it didn ´ t happen YouTube - Swamp Soccer - Finland",,,"Swamp soccer is the real sport ... beer , naked men , men in flower dresses .  I was planning to attend with a girl team one year. unfortunately it didn �� t happen. ",0,CFS,UFS,UFS,,,,,NFS,NFS,NFS,,,,,NFS,UFS,NFS,,,,,NFS,UFS,NFS,,,,,0.0,0.0,0.0,,,,
14055875_1,436,"Many tribes had their own `` local '' gods ( and spirits , demons , creatures , etc. ) , yes , but they were usually `` lesser '' gods and the main Slavic pantheon was more or less the same everywhere .",,,"Many tribes had their own `` local '' gods ( and spirits , demons , creatures , etc. ). they were usually `` lesser '' gods and the main Slavic pantheon was more or less the same everywhere . ",0,CFS,CFS,,,,,,CFS,CFS,,,,,,CFS,NFS,,,,,,CFS,CFS,,,,,,0.0,0.0,,,,,
30626246_1,437,The Christian culture still engages in human sacrifices on a daily basis - let 's take a look at some of their ritual practices : [ IMG ] http://torture.justsick * * * * .com/wp-content/uploads/2007/10/butter-electric-chair-botched.jpg [ /IMG ] Another sacrifical victim is dispatched .....,,,"The Christian culture engages in human sacrifices on a daily basis. Another sacrifical victim is dispatched . Therefore, Let 's take a look at some of their ritual practices : [ IMG ] http://torture.justsick * * * * .com/wp-content/uploads/2007/10/butter-electric-chair-botched.jpg [ /IMG ].",0,CFS,CFS,,,,,CFS,CFS,CFS,,,,,CFS,CFS,NFS,,,,,NFS,CFS,CFS,,,,,CFS,0.0,0.0,,,,,0.0
13446370_1,438,It is that whole thing about Standard of living being the most important thing in peoples lives and what they strive for and base their self worth and the worth of others on that is a huge obstacle we need to overcome .,,,"It is that whole thing about Standard of living being the most important thing in peoples lives. they strive for and base their self worth and the worth of others on that. Therefore, It is a huge obstacle we need to overcome .",0,CFS,CFS,,,,,CFS,CFS,UFS,,,,,NFS,NFS,NFS,,,,,NFS,CFS,NFS,,,,,NFS,0.0,1.0,,,,,0.0
30471819_1,439,"While it is hard to compete with the success of the white nationalist front under supreme chairman Goudreau , There are groups and a community here that is working to build up a local movement based on positive activism and friendly gatherings .",,,it is hard to compete with the success of the white nationalist front under supreme chairman Goudreau. There are groups and a community here that is working to build up a local movement based on positive activism and friendly gatherings .,0,CFS,CFS,,,,,,CFS,CFS,,,,,,NFS,UFS,,,,,,CFS,CFS,,,,,,0.0,0.0,,,,,
31766264_3,440,I was looking at it the other day and I realized that most kids that probably get this go through and get to check every single club on the back ... I have n't been in one club or group in school .,,,"I was looking at it the other day and I realized that most kids that probably get this, go through and get to check every single club on the back. I have n't been in one club or group in school. ",0,UFS,UFS,,,,,,UFS,NFS,,,,,,NFS,UFS,,,,,,UFS,UFS,,,,,,0.0,0.0,,,,,
30654889_1,441,"I need to dust these off and get them back in my work out routine ... it gives you a feeling of purpose to do these , it helps you connect and relate to the folks they 're named in honor of .",,,"it gives you a feeling of purpose to do these , it helps you connect and relate to the folks they 're named in honor of . Therefore, I need to dust these off and get them back in my work out routine.",0,NFS,,,,,,NFS,NFS,,,,,,NFS,NFS,,,,,,NFS,NFS,,,,,,NFS,0.0,,,,,,0.0
31787508_1,442,I'm not sure if you all have heard of this before or not but the other day my friend told me that he heard soon the government will require us to have an ID chip put under our skin on our hand .,,,I'm not sure if you all have heard of this before or not but the other day my friend told me that he heard soon the government will require us to have an ID chip put under our skin on our hand .,0,CFS,,,,,,,CFS,,,,,,,CFS,,,,,,,CFS,,,,,,,0.0,,,,,,
14034844_1,443,"hello all , i have just found this site by accident and after reading lots of the posts i felt i had to join , my husband and i will be proud to be voting BNP as usual in the nxt election",,,"hello all , i have just found this site by accident and after reading lots of the posts i felt i had to join. Therefore, My husband and i will be proud to be voting BNP as usual in the nxt election.",0,NFS,,,,,,NFS,NFS,,,,,,NFS,UFS,,,,,,UFS,NFS,,,,,,NFS,0.0,,,,,,0.0
14299563_1,444,"Anyone who has not visited the PLE-UK web site for some time is invited to return , as there 's a new introduction there on how `` The history of Britain is the history of those who held living space . ''",,,"The PLE-UK web site has a new introduction. The new introduction is about the history of Britain. The history of Britain is the history of those who held living space. Therefore, Anyone who has not visited the PLE-UK web site for some time is invited to return.",0,UFS,UFS,CFS,,,,NFS,CFS,CFS,CFS,,,,NFS,CFS,CFS,CFS,,,,NFS,CFS,CFS,CFS,,,,NFS,0.0,0.0,0.0,,,,0.0
13449504_1,445,I just want to add that no matter what a person 's class or character I will always give a white person the benefit of `` coming right '' before I reject them as `` wiggers '' or `` white trash '',,,"A person's class or character should not determine how they are treated. White people should be given the benefit of the doubt before being rejected as ""wiggers"" or ""white trash"". ",0,NFS,NFS,,,,,,NFS,NFS,,,,,,NFS,NFS,,,,,,NFS,NFS,,,,,,0.0,0.0,,,,,
12876357_2,446,Here is another revealing one for the mass brainwashed population : Obama 's mother is a white-trash Obama 's father was married already Obama is a bastard child all correct ! [ youtube ] http://www.youtube.com/watch ? v = sxKpdxiXKgY [ /youtube ],,,"Obama's mother is a white-trash. Obama's father was already married. Obama is a bastard child. Therefore, The mass population has been brainwashed.",0,NFS,CFS,NFS,,,,CFS,CFS,CFS,CFS,,,,CFS,NFS,CFS,CFS,,,,CFS,NFS,CFS,CFS,,,,CFS,0.0,0.0,0.0,,,,0.0
30801995_2,447,For analogy : you put feces in your soup you put water in your cars gasoline tank you feed your livestock poison You water your plants with salty water Giving your kids FAS You do n't need to punish these people .,,,"Putting feces in soup is like putting water in a car's gasoline tank. Feeding livestock poison is like watering plants with salty water. Therefore, Giving kids FAS is unnecessary punishment.",0,NFS,NFS,,,,,CFS,UFS,UFS,,,,,UFS,NFS,CFS,,,,,NFS,NFS,UFS,,,,,UFS,0.0,1.0,,,,,1.0
30392180_5,448,"The big black females where shouting `` We want REAL teachers for our chilrens , we do n't want dem blacks you ben sendin us , we want REAL teachers jus like yo got in dem white people 's schools ! ''",,,The big black females want real teachers for their children. They do not want the black teachers that have been sent to them. They want real teachers like the ones in white people's schools.,0,CFS,CFS,CFS,,,,,NFS,NFS,NFS,,,,,UFS,UFS,UFS,,,,,CFS,CFS,CFS,,,,,1.0,1.0,1.0,,,,
14669384_4,449,"The saddest figure in the apartment complex where I live ( thank GOD I 'm moving next month !!! ) is a fat , blowzy white woman with two mixed race kids whose husband ran out on the family years ago .",,,"The saddest figure in the apartment complex is a fat, blowzy white woman with two mixed race kids. The woman's husband ran out on the family years ago. thank GOD I 'm moving next month !!!. ",0,UFS,UFS,NFS,,,,,NFS,UFS,NFS,,,,,NFS,UFS,NFS,,,,,NFS,UFS,NFS,,,,,0.0,0.0,0.0,,,,
14429993_1,450,"I'm trying to contact individuals interested in joining together and coordinating their efforts on a National/worldwide scale , the web site to go to for more info is Pro White Action Group click on the special events link for contact information .",,,I'm trying to contact individuals interested in joining together and coordinating their efforts on a National/worldwide scale . the web site to go to for more info is Pro White Action Group click on the special events link for contact .,0,UFS,UFS,,,,,,NFS,NFS,,,,,,NFS,NFS,,,,,,NFS,NFS,,,,,,0.0,0.0,,,,,
30488228_3,451,"Nevertheless , Regency and Victorian era reports abound of dogs who wasted away at their master s graves , cats who refused to eat or drink upon the death of their mistress , and even a pet monkey who committed suicide .",,,"Regency and Victorian era reports abound of dogs who wasted away at their master s graves , cats who refused to eat or drink upon the death of their mistress , and even a pet monkey who committed suicide . ",0,CFS,,,,,,,CFS,,,,,,,UFS,,,,,,,CFS,,,,,,,0.0,,,,,,
13554596_1,452,"Advance Auto Parts on their store poster features a black male and white female counter clerks.One of the most widespread examples of race mixing is your local and national news anchor teams , almost always a black male and white female .",,,"Advance Auto Parts features a black male and white female as counter clerks on their store poster. One of the most widespread examples of race mixing is your local and national news anchor teams , almost always a black male and white female. ",0,CFS,CFS,,,,,,UFS,CFS,,,,,,UFS,NFS,,,,,,UFS,CFS,,,,,,0.0,0.0,,,,,
31721294_1,453,you gotta stand up for yourself you cant just sit back and take their * * * * but on the other hand you cant go out looking for it either but if it comes down to a fight dont back down,,,you gotta stand up for yourself you cant just sit back and take their * * * *. on the other hand you cant go out looking for it either. if it comes down to a fight dont back down.,0,NFS,NFS,NFS,,,,,NFS,NFS,NFS,,,,,NFS,NFS,NFS,,,,,NFS,NFS,NFS,,,,,0.0,0.0,0.0,,,,
14417871_1,454,"Why not have it so every flyer has all the White languages on it ( in small print ) , yet have their native language in large print once on the top of the other translations , then once below it .",,,Flyers should have all White languages on them. Native language should be in large print. Other translations should be in small print. Native language should be on top of other translations.,0,NFS,NFS,NFS,NFS,,,,NFS,NFS,NFS,NFS,,,,NFS,NFS,NFS,NFS,,,,NFS,NFS,NFS,NFS,,,,0.0,0.0,0.0,0.0,,,
30704903_5,455,"I have an image in my mind of the soaring vault rising and disappearing into the gray-white silence , the niches in the salt walls where the saints dwelled , the few points of lambent gold glimmering feebly on the altar .",,,"I have an image in my mind of a soaring vault, niches in salt walls, and points of gold on an altar. The vault rises and disappears into a gray-white silence. The saints dwell in the niches on the salt walls. The points of gold on the altar glimmer feebly. ",0,UFS,UFS,UFS,UFS,,,,NFS,NFS,NFS,NFS,,,,UFS,UFS,UFS,UFS,,,,UFS,UFS,UFS,UFS,,,,0.0,0.0,0.0,0.0,,,
14413853_1,456,"You do not have to wait for this law to pass since already you would be expelled from your school for doing the above under some sort of hostile school environment clause , as you would at most places of work .",,,The law has not yet passed. You would be expelled from your school for doing the above. There is a hostile school environment clause. The same consequences would apply at most places of work.,0,CFS,CFS,CFS,CFS,,,,CFS,CFS,CFS,CFS,,,,CFS,NFS,CFS,CFS,,,,CFS,CFS,CFS,CFS,,,,0.0,0.0,0.0,0.0,,,
14065492_1,457,"have you been in studentski grad in Sofia , you should go and see young student girls from FYROM geting down with Bulgarians serbs and albanians get ur booty too VIKI RALEVA VELIKI BRAT ПС.ВО КУМАНОВО СЕКОЈА ВТОРА Е СО СИПТАР ХАХА",,,"have you been in studentski grad in Sofia? young student girls from FYROM are geting down with Bulgarians serbs and albanians. Therefore, you should go and see get ur booty too.",0,CFS,,,,,,NFS,CFS,,,,,,NFS,NFS,,,,,,NFS,CFS,,,,,,NFS,0.0,,,,,,0.0
31712652_1,458,"You can have a high I.Q. and still have friends , i mean i ai n't a doctor or anything but i 've still got a decent i.q and i have like half my year as friends ( except all foreigners )",,,You can have a high I.Q. and still have friends. i ai n't a doctor or anything but i 've still got a decent i.q and i have like half my year as friends ( except all foreigners ).,0,CFS,UFS,,,,,,CFS,UFS,,,,,,NFS,NFS,,,,,,CFS,UFS,,,,,,0.0,0.0,,,,,
13503685_1,459,"Justin Butler , 28 , and Briana Adams , 21 ( coalburner ) , each face a criminal abuse charge after police say the couple 's infant child was found with six healing rib fractures and a broken femur http://www.lex18.com/news/couple-fac ... with-injuries/",,,"Justin Butler , 28 , and Briana Adams , 21 ( coalburner ) , each face a criminal abuse charge. police say the couple 's infant child was found with six healing rib fractures and a broken femur http://www.lex18.com/news/couple-fac ... with-injuries/. ",0,CFS,CFS,,,,,,CFS,CFS,,,,,,CFS,CFS,,,,,,CFS,CFS,,,,,,0.0,0.0,,,,,
13590897_1,460,"From what I 've read , Bokmal is used in newspapers , official documents , and spoken in the big cities while Riksmal is rural and spoken in the small towns and in the country. ( IF I remember correctly ) .",,,"Bokmal is used in newspapers , official documents , and spoken in the big cities. Riksmal is rural and spoken in the small towns and in the country. ",0,CFS,CFS,,,,,,CFS,CFS,,,,,,CFS,CFS,,,,,,CFS,CFS,,,,,,0.0,0.0,,,,,
30608946_4,461,"There was a crooked man who walked a crooked mile , he kept a crooked cat in a crooked house for style , he gave a crooked smile in a crooked-minded way , to anyone who suffered on this atrabilious day .",,,There was a crooked man who walked a crooked mile. he kept a crooked cat in a crooked house for style . he gave a crooked smile in a crooked-minded way. The man gives a crooked smile to anyone who suffers on this atrabilious day.,0,UFS,UFS,UFS,UFS,,,,UFS,UFS,UFS,UFS,,,,NFS,NFS,NFS,NFS,,,,UFS,UFS,UFS,UFS,,,,0.0,0.0,0.0,0.0,,,
13503127_2,462,"Jacksonville police said Brian Williams broke into the home on Braddock Road while the family was out of town and baked brownies , drank orange juice , surfed porn websites and loaded up the victim 's car with bottles of liquor .",,,"Jacksonville police said Brian Williams broke into the home on Braddock Road. the family was out of town and baked brownies , drank orange juice , surfed porn websites and loaded up the victim 's car with bottles of liquor . ",0,CFS,CFS,,,,,,CFS,CFS,,,,,,CFS,UFS,,,,,,CFS,CFS,,,,,,0.0,0.0,,,,,
13477287_1,463,"Well I could give you another word for the female version of that part of the anatomy it begins with a C ends with a T and has the letters UN in between , but the language filters wo n't let me",,,I could give you another word for the female version of that part of the anatomy. it begins with a C ends with a T and has the letters UN in between. the language filters wo n't let me.,0,NFS,NFS,NFS,,,,,NFS,NFS,NFS,,,,,NFS,NFS,NFS,,,,,NFS,NFS,NFS,,,,,0.0,0.0,0.0,,,,
32387483_1,464,"We know , but Trump 's kids are all married to or dating Jews and he 's expressed his full support of thelgbt community and gay marriage even if he is not out waving the fag rag in fag pride parades .",,,Trump's kids are all married to or dating Jews. Trump's expressed his full support of thelgbt community and gay marriage. Trump does not participate in fag pride parades.,0,CFS,CFS,CFS,,,,,CFS,CFS,CFS,,,,,CFS,CFS,CFS,,,,,CFS,CFS,CFS,,,,,0.0,0.0,0.0,,,,
14014774_1,465,"I grew up in small town Southern N.B for a good half of my life , in a region called Kings County , it was 100 % white except for literally 3 black people , and they never mixed with whites ..",,,"I grew up in small town Southern N.B for a good half of my life , in a region called Kings County , . The town was 100 % white except for literally 3 black people , and they never mixed with whites . ",0,UFS,CFS,,,,,,UFS,CFS,,,,,,UFS,UFS,,,,,,UFS,CFS,,,,,,0.0,0.0,,,,,
14438853_1,466,"I came here to find out why such a small population living on a small area of the planet , constantly ravaged by war and instability managed to become the opitomy of progress and civilisation and eventually rule the world .",,,We are small population living on a small area of the planet. We are constantly ravaged by war and instability. We managed to become the epitome of progress and civilization. We will eventually rule the world.,0,CFS,CFS,CFS,NFS,,,,CFS,CFS,CFS,NFS,,,,UFS,NFS,NFS,NFS,,,,CFS,CFS,CFS,NFS,,,,0.0,0.0,0.0,0.0,,,
13466464_1,467,"The Legacy of Dr. William Pierce I know Hadding and Will Williams and others are working hard on this project to bring articles written by Dr. Pierce from the printed page to being put online , for all to read .",,,"Hadding and Will Williams and others are working hard on this project. They bring articles written by Dr. Willian Pierce from the printed page to being put online, for all to read . ",0,CFS,CFS,,,,,,NFS,UFS,,,,,,UFS,UFS,,,,,,UFS,UFS,,,,,,1.0,0.0,,,,,
30793082_1,468,I think its a bad thing to do and possibly harmful to the baby but I do n't think anyone besides the mother and the father of the baby should have a say so in if she quits or not .,,,"It is a bad thing to do and possibly harmful to the baby. Therefore, Only the mother and father of the baby should have a say in whether she quits or not.",0,NFS,,,,,,NFS,NFS,,,,,,NFS,NFS,,,,,,NFS,NFS,,,,,,NFS,0.0,,,,,,0.0
13510135_3,469,"Anthony DeShawn Washington , 18 , of Avondale , and Jonathan Anthony Gutierrez , 18 , of Tolleson , were booked on felony counts of burglary , theft of a means of transportation and criminal trespassing , Avondale police said .",,,"Anthony DeShawn Washington, 18, and Jonathan Anthony Gutierrez, 18, were arrested by Avondale police. They were charged with felony counts of burglary, theft of a means of transportation, and criminal trespassing. ",0,CFS,CFS,,,,,,CFS,CFS,,,,,,CFS,CFS,,,,,,CFS,CFS,,,,,,0.0,0.0,,,,,
13864523_1,470,"http://www.belfasttelegraph.co.uk/ne...p?story=655156 And the usual loyalist reaction and freedom to Nationalists is to attack the Harryville Catholic Church and hold pickets while people pray inside if the parade goes ahead , and give abuse and threaten and attack Catholics in Ballymena .",,,The usual loyalist reaction to Nationalists is to attack the Harryville Catholic Church. Loyalists hold pickets while people pray inside if the parade goes ahead. Loyalists give abuse and threaten and attack Catholics in Ballymena.,0,CFS,CFS,CFS,,,,,CFS,CFS,CFS,,,,,NFS,UFS,CFS,,,,,CFS,CFS,CFS,,,,,0.0,0.0,0.0,,,,
30760103_1,471,"That kid is probably going to get some disease from laying with his face on the floor of a supermarket like that , or some good doer will call he cops and he could get put in a foster home .",,,"The kid is laying with his face on the floor of a supermarket. Laying on the floor of a supermarket can lead to getting a disease. A good doer may call the cops. Therefore, The kid could get put in a foster home if a good doer calls the cops.",0,UFS,CFS,NFS,,,,CFS,NFS,NFS,NFS,,,,NFS,UFS,CFS,NFS,,,,NFS,UFS,CFS,NFS,,,,NFS,0.0,0.0,0.0,,,,0.0
14027787_1,472,It's from mid day Saturday untill the sunday morning but on the Sunday morning if enough want to stay on for the day we 'll see about putting on some ballads & holding a few extra events through the day .,,,It's from mid day Saturday untill the sunday morning. on the Sunday morning if enough want to stay on for the day we 'll see about putting on some ballads & holding a few extra events through the day .,0,UFS,NFS,,,,,,NFS,NFS,,,,,,UFS,NFS,,,,,,UFS,NFS,,,,,,0.0,0.0,,,,,
14063221_1,473,"Yes but difference is that Putin is still in charge and Jews have to behave , while on other picture Jewess Albright is in charge and is there to give orders to Ukraine , so you ca n't really compare .",,,"Yes but difference is that Putin is still in charge and Jews have to behave. while on other picture Jewess Albright is in charge and is there to give orders to Ukraine. Therefore, You ca n't really compare .",0,CFS,CFS,,,,,NFS,CFS,CFS,,,,,NFS,CFS,CFS,,,,,NFS,CFS,CFS,,,,,NFS,0.0,0.0,,,,,0.0
30504383_1,474,"Australian here too , 1/4 Irish , 1/4 English , 1/4 Greek , 1/4 Latvian , 100 % white and damn proud of it too , plus my grandfather was is the ss Latvian legion which I feel was awesome .",,,"Australian here too, 1/4 Irish , 1/4 English , 1/4 Greek , 1/4 Latvian , 100 % white. my grandfather was is the ss Latvian legion which I feel was awesome . Therefore, Damn proud of it too .",0,CFS,UFS,,,,,NFS,CFS,UFS,,,,,NFS,CFS,UFS,,,,,NFS,CFS,UFS,,,,,NFS,0.0,0.0,,,,,0.0
13498011_1,475,nobody said I like him and I dont see the reason to like him to be honest WE HAVE ENOUGH CULTURAL HERITAGE FOR HUNDREDS OF GENERATIONS WE SHOULD BE PROUD OF WHAT WE DID NOT OF WHAT SOME AUSTRIAN DID !!!,,,"nobody said I like him and I dont see the reason to like him to be honest. WE HAVE ENOUGH CULTURAL HERITAGE FOR HUNDREDS OF GENERATIONS. Therefore, WE SHOULD BE PROUD OF WHAT WE DID NOT OF WHAT SOME AUSTRIAN DID !!!.",0,NFS,CFS,,,,,NFS,NFS,CFS,,,,,NFS,UFS,NFS,,,,,NFS,NFS,CFS,,,,,NFS,0.0,0.0,,,,,0.0
31770244_2,476,"I note one of your other posts was worried because of the delay in your posts showing up - don ; ' t worry about it , it 's just that we have to check your stuff while you are new",,,"I note one of your other posts was worried because of the delay in your posts showing up. don ; ' t worry about it , it 's just that we have to check your stuff while you are new. ",0,NFS,NFS,,,,,,NFS,NFS,,,,,,UFS,NFS,,,,,,NFS,NFS,,,,,,0.0,0.0,,,,,
31767429_1,477,"Actually TV can be used wisely by watching some history , discovery , tlc and other stations like that.Of course all sitcoms are wolves dressed in sheeps clothing.By that I mean jewish propaganda masqueraded as `` reality '' , lololo .",,,"TV can be used wisely by watching some history, discovery, tlc and other stations like that. All sitcoms are wolves dressed in sheeps clothing. Therefore, Jewish propaganda masqueraded as `` reality '' , lololo .",0,CFS,CFS,,,,,CFS,NFS,UFS,,,,,CFS,NFS,NFS,,,,,NFS,NFS,CFS,,,,,CFS,0.0,1.0,,,,,0.0
13856778_1,478,"just heard on the radio , that the local council have decided to give in and they have all been housed in emergency accomodation with the promise of a house on the a new social housing development in that area .",,,The local council has decided to give in. they have all been housed in emergency accomodation . There is a promise of a house on the a new social housing development in that area .,0,CFS,CFS,CFS,,,,,UFS,CFS,CFS,,,,,CFS,UFS,NFS,,,,,CFS,CFS,CFS,,,,,0.0,0.0,0.0,,,,
30500254_6,479,"I also do n't want harassment in real life , which is why I keep my views limited , so I do n't want my daughter saying things like `` My parents do n't want me playing with blacks '' .",,,"I also do n't want harassment in real life . I do n't want my daughter saying things like `` My parents do n't want me playing with blacks '' . Therefore, which is why I keep my views limited.",0,NFS,NFS,,,,,NFS,NFS,NFS,,,,,NFS,UFS,UFS,,,,,NFS,NFS,NFS,,,,,NFS,0.0,0.0,,,,,0.0
31757261_1,480,"Well i have changed my Signature , i think it was stupid i was forced to do so just because some people dont like what i have to say , but i do hope my new one is acceptable. : attack",,,I have changed my Signature. i was forced to do it. i think it was stupid i was forced to do so just because some people dont like what i have to say. I do hope my new one is acceptable.,0,UFS,UFS,NFS,NFS,,,,NFS,UFS,NFS,NFS,,,,UFS,UFS,UFS,NFS,,,,UFS,UFS,NFS,NFS,,,,0.0,0.0,0.0,0.0,,,
30659678_8,481,I can hit a paper plate at 100 yards or hole a 5 gallon steel pail of roofing tar at 25 yards ... It is my `` brush gun '' during blackpowder deer season or when going after feral hogs .,,,"I can hit a paper plate at 100 yards or hole a 5 gallon steel pail of roofing tar at 25 yards. Therefore, It is my `` brush gun '' during blackpowder deer season or when going after feral hogs .",0,UFS,,,,,,UFS,UFS,,,,,,NFS,UFS,,,,,,UFS,UFS,,,,,,UFS,0.0,,,,,,0.0
14434191_2,482,"I wonder how many young Whites pick up pro-WN ideas , but then after watching Romper Stomper or some old Springer episode see that negative image of WNs and decide thay they do n't want anything to do with us .",,,"Many young Whites may pick up pro-WN ideas. After watching Romper Stomper or some old Springer episode see that negative image of WNs. Therefore, They may decide thay they do n't want anything to do with us.",0,CFS,CFS,,,,,CFS,CFS,CFS,,,,,NFS,NFS,NFS,,,,,NFS,CFS,CFS,,,,,NFS,0.0,0.0,,,,,0.0
14667003_2,483,"There are assimilated Gypsies , Tats , Udins , Talysh , etc among Arme nians just like u have assimilated Tatars ... but Most Armenians look like this , especially Western Armenians , victims of Genocide which u mention here ...",,,"There are assimilated Gypsies, Tats, Udins, Talysh, etc among Armenians. you have assimilated Tatars . Most Armenians look like this , especially Western Armenians. Western Armenians are victims of Genocide. ",0,CFS,UFS,CFS,CFS,,,,CFS,CFS,CFS,CFS,,,,CFS,CFS,CFS,CFS,,,,CFS,CFS,CFS,CFS,,,,0.0,0.0,0.0,0.0,,,
30525151_1,484,So do you actually meet the people that you let join and start a chapter or are you just trusting that an anti would n't sign up so that you start directing people to them to get jumped or whatever ?,,,So do you actually meet the people that you let join and start a chapter?. or are you just trusting that an anti would n't sign up. you start directing people to them to get jumped or whatever ?.,0,NFS,NFS,NFS,,,,,NFS,NFS,NFS,,,,,NFS,NFS,NFS,,,,,NFS,NFS,NFS,,,,,0.0,0.0,0.0,,,,
30547130_1,485,"There is always the International Oil Patch , we know there is no Drugs , Booze , or Hookers there , and a different Country every few weeks Get your Divorce early , everyone gets one two to a customer .",,,"There is always the International Oil Patch. we know there is no Drugs , Booze , or Hookers there. A different Country every few weeks Get your Divorce early. Therefore, Everyone gets one two to a customer .",0,CFS,NFS,CFS,,,,CFS,NFS,NFS,NFS,,,,NFS,NFS,UFS,NFS,,,,NFS,NFS,NFS,NFS,,,,NFS,0.0,0.0,0.0,,,,0.0
13857173_1,486,"I wasnt going to bother with this thread but I am rapidly coming to the conclusion you can , t read we are NOT C18 , we have nothing to do with them ...... look at post #13 for Christ sake",,,"I was not going to bother with this thread. I am rapidly coming to the conclusion that you cannot read. We are not C18. Therefore, Look at post #13 for Christ's sake.",0,NFS,NFS,NFS,,,,NFS,NFS,NFS,NFS,,,,NFS,NFS,NFS,UFS,,,,NFS,NFS,NFS,NFS,,,,NFS,0.0,0.0,0.0,,,,0.0
13482315_1,487,A former accountant for retailer American Apparel Inc. has filed a wrongful termination suit against the company alleging that he was fired after refusing requests from Chief Executive jew Dov Charney to inflate figures on the company 's balance sheet .,,,A former accountant for retailer American Apparel Inc. has filed a wrongful termination suit. The suit alleges that the accountant was fired for refusing requests from CEO Dov Charney. The requests were to inflate figures on the company's balance sheet.,0,CFS,CFS,CFS,,,,,UFS,UFS,UFS,,,,,CFS,CFS,CFS,,,,,CFS,CFS,CFS,,,,,0.0,0.0,0.0,,,,
30421628_1,488,There have been court cases for asylum by white South Africans in Canada that the South African government has spent millions fighting ... though they have not spent a cent on the 300 asylum applications by blacks in the US ...,,,There have been court cases for asylum by white South Africans in Canada. the South African government has spent millions fighting. though they have not spent a cent on the 300 asylum applications by blacks in the US .,0,CFS,CFS,CFS,,,,,CFS,CFS,CFS,,,,,CFS,CFS,CFS,,,,,CFS,CFS,CFS,,,,,0.0,0.0,0.0,,,,
14294840_1,489,Yea thanks for the information as I said in my P.M I actully knew nothing of the squatting movement back then and always thought that in modern times it had always been the preserve of small groups of extreme anarchists .,,,In my P.M I actully knew nothing of the squatting movement. I always thought that in modern times it had always been the preserve of small groups of extreme anarchists .,0,NFS,CFS,,,,,,NFS,CFS,,,,,,UFS,UFS,,,,,,NFS,CFS,,,,,,0.0,0.0,,,,,
14093667_1,490,"these are two pictures of me , l am a proud Croatian redneck , l drink rakija , eat lamb and get in fights as often as l can and l go to the gym once a week , yihaa !!!!!!",,,"I am a Croatian redneck. I drink rakija, eat lamb, and get in fights as often as I can. I go to the gym once a week. Therefore, I am proud of these.",0,UFS,UFS,UFS,,,,NFS,UFS,UFS,UFS,,,,NFS,UFS,UFS,UFS,,,,NFS,UFS,UFS,UFS,,,,NFS,0.0,0.0,0.0,,,,0.0
14032738_2,491,"More broadly , of course I wish to see white countries get-on with each other but if it came down to a choice between my country 's interests and those of another white country I would put my own first .",,,"More broadly , of course I wish to see white countries get-on with each other. if it came down to a choice between my country 's interests and those of another white country I would put my own first. ",0,NFS,NFS,,,,,,NFS,NFS,,,,,,NFS,NFS,,,,,,NFS,NFS,,,,,,0.0,0.0,,,,,
14416495_1,492,"i have tried many times to try to explain to people why they should be a wn and they dont want to listen , does anyone know any tactics to where i might be able to get them to understand .",,,"I have tried many times to explain to people why they should be a wn. They don't want to listen. Therefore, Does anyone know any tactics to where i might be able to get them to understand?.",0,UFS,NFS,,,,,NFS,NFS,NFS,,,,,NFS,UFS,NFS,,,,,NFS,UFS,NFS,,,,,NFS,0.0,0.0,,,,,0.0
13618944_2,493,`` Nargaroth - The Day Burzum Killed Mayhem '' heheh ) either though * shrug * Scandinavia really is a black metal heaven but there 're many great bands on the outside which too are a Pride of their countries 11,,,Scandinavia really is a black metal heaven . There 're many great bands on the outside which too are a Pride of their countries.,0,CFS,CFS,,,,,,CFS,CFS,,,,,,CFS,NFS,,,,,,CFS,CFS,,,,,,0.0,0.0,,,,,
30777602_1,494,"WE had lots of good times and parties too , but we also had a gourmet chef , tutors , massage thereapist , and a library of extra liturature from teaches such as copies of the upcoming tests , etc ..",,,"WE had lots of good times and parties too. We also had a gourmet chef , tutors , massage thereapist , and a library of extra liturature from teaches such as copies of the upcoming tests , etc . ",0,UFS,UFS,,,,,,NFS,NFS,,,,,,UFS,UFS,,,,,,UFS,UFS,,,,,,0.0,0.0,,,,,
30614170_1,495,"In my opinion , from my experience with the schools in my area , the teachers say it is not their job to break up a fight Im not saying this is right but its going on in many different areas",,,"This may not be the right approach, but it is happening in various areas. Therefore, In my opinion , from my experience with the schools in my area , the teachers say it is not their job to break up a fight.",0,CFS,,,,,,CFS,CFS,,,,,,CFS,UFS,,,,,,NFS,CFS,,,,,,CFS,0.0,,,,,,0.0
14112231_1,496,"I met her in person a month or two ago , she has n't been back on stormfront , I have n't even seen her on AIM lately , I 'd say email is your best hope of contacting her .",,,"I met her in person a month or two ago. She hasn't been back on stormfront. I haven't even seen her on AIM lately. Therefore, Email is the best way to contact her.",0,UFS,UFS,UFS,,,,NFS,NFS,NFS,NFS,,,,NFS,UFS,UFS,UFS,,,,NFS,UFS,UFS,UFS,,,,NFS,0.0,0.0,0.0,,,,0.0
13843751_2,497,I would prefer to get the lot of us together and tackle the real enemies of Northern Ireland and the Republic of Ireland ergo the Island of Ireland ... and the enemy is n't each other my brothers and sisters .,,,I would prefer to get the lot of us together and tackle the real enemies of Northern Ireland and the Republic of Ireland ergo the Island of Ireland. the enemy is n't each other my brothers and sisters .,0,CFS,CFS,,,,,,NFS,NFS,,,,,,NFS,NFS,,,,,,NFS,NFS,,,,,,0.0,0.0,,,,,
30398286_1,498,all the time we are a targeted people i 've been attacked four times for no reason except i 'm white and i was alone learn how to defend yourself your friends and your family for any and all possibilities,,,"all the time whites are targeted people. i 've been attacked four times for no reason except i 'm white. I was alone. Therefore, Learn how to defend yourself your friends and your family for any and all possibilities.",0,CFS,UFS,UFS,,,,NFS,NFS,UFS,NFS,,,,NFS,CFS,NFS,UFS,,,,NFS,CFS,UFS,UFS,,,,NFS,0.0,0.0,0.0,,,,0.0
30593435_1,499,"Only 6 Corporations Control Over 90 % of the Television Channels These Corporations are Anti-White and are Turning Our People Into Zombies Let 's break the monopoly of news and information by supporting alternative , pro-white media like Stormfront .",,,"Only 6 corporations control over 90% of the television channels. These corporations are anti-white. These corporations are turning people into zombies. Therefore, Let 's break the monopoly of news and information by supporting alternative , pro-white media like Stormfront .",0,CFS,CFS,CFS,,,,CFS,CFS,CFS,CFS,,,,NFS,CFS,CFS,CFS,,,,NFS,CFS,CFS,CFS,,,,NFS,0.0,0.0,0.0,,,,0.0
14020259_1,500,Just start your own crew and start advertising it in your flyers or whatever if you are atcually active you should email me I 'm trying to set up a network of all the serious white nationalists across Canada .,,,"Just start your own crew and start advertising it in your flyers or whatever. If you are actually active, you should email me. I'm trying to set up a network of all the serious white nationalists across Canada. ",0,NFS,NFS,UFS,,,,,NFS,NFS,NFS,,,,,NFS,NFS,UFS,,,,,NFS,NFS,UFS,,,,,0.0,0.0,0.0,,,,
14111329_1,501,"Hey j.p. i called the number you left me in my mail a couple of weeks ago but they said they never heard of ya , i e-mailed you back and havent heard back , shoot me yopur #again .",,,"Hey j.p. i called the number you left me in my mail a couple of weeks ago. they said they never heard of ya , i e-mailed you back and havent heard back . Therefore, Shoot me yopur #again.",0,UFS,UFS,,,,,NFS,NFS,NFS,,,,,NFS,UFS,UFS,,,,,NFS,UFS,UFS,,,,,NFS,0.0,0.0,,,,,0.0
13051968_1,502,"They're trying to turn the Internet into a mirror version of television , in other words turn it into a wasteland of celebrity worship and wipe out all of it 's potential as a medium for informing and educating .",,,"They're trying to turn the Internet into a mirror version of television . Therefore, In other words turn it into a wasteland of celebrity worship and wipe out all of it 's potential as a medium for informing and educating .",0,CFS,,,,,,CFS,CFS,,,,,,CFS,CFS,,UFS,,,,NFS,CFS,,,,,,CFS,0.0,,0.0,,,,0.0
14106048_1,503,im sorry about being a bitch.i was just hurt.hope you find your talk with someone.ifyouwant to talk to someone who is trying to get their degrees pm me on sf or im me on aol aryan14words@aol.com or yahoo whiteqt242002 christy88,,,"im sorry about being a bitch. i was just hurt.hope you find your talk with someone. Therefore, if you want to talk to someone who is trying to get their degrees pm me on sf or im me on aol aryan14words@aol.com or yahoo whiteqt242002 christy88.",0,NFS,NFS,,,,,NFS,NFS,NFS,,,,,NFS,NFS,UFS,,,,,NFS,NFS,NFS,,,,,NFS,0.0,0.0,,,,,0.0
14076792_3,504,"Graveland was my favourite band until Prawo Stali , then there was too much of same material released one after another , but on myspace he has new material , new sound , I ca n't wait for this .",,,"Graveland was my favourite band until Prawo Stali. There was too much of the same material released one after another. Therefore, The artist has new material and a fresh sound on myspace.",0,UFS,CFS,,,,,UFS,NFS,UFS,,,,,UFS,UFS,NFS,,,,,CFS,UFS,UFS,,,,,UFS,0.0,1.0,,,,,0.0
14105677_1,505,i saw it on opp.now i know what your name stands for.congrats you have a nice looking boyfriend.i read opp once and awhile to see if they took my pic off of here yet and put it on there .,,,I saw it on opp.now. i know what your name stands for. congrats you have a nice looking boyfriend. awhile to see if they took my pic off of here yet and put it on there .,0,UFS,NFS,NFS,NFS,,,,NFS,NFS,NFS,NFS,,,,UFS,UFS,NFS,NFS,,,,UFS,NFS,NFS,NFS,,,,0.0,0.0,0.0,0.0,,,
13507823_2,506,"The brutality of his crime and his lack of remorse made Jackson the `` model candidate for death in the gas house , '' one columnist wrote after his death sentence was upheld by the state 's highest court .",,,"The brutality of his crime and his lack of remorse made Jackson the `` model candidate for death in the gas house , ''. one columnist wrote after his death sentence was upheld by the state 's highest court . ",0,CFS,CFS,,,,,,CFS,NFS,,,,,,CFS,CFS,,,,,,CFS,CFS,,,,,,0.0,0.0,,,,,
13842968_2,507,"None of us are claiming to be better NOR superior to any other white nationality Take a nice , long holiday to Ireland and see what we 're bloody talking about for yourself before you jump in on it .",,,"None of us are claiming to be better NOR superior to any other white nationality. Therefore, See for yourself before making assumptions about Ireland and its people.",0,NFS,,,,,,NFS,NFS,,,,,,NFS,UFS,,,,,,NFS,NFS,,,,,,NFS,0.0,,,,,,0.0
30520490_1,508,ive looked into classes on gunsmithing i can do basic things but i just dont have every tool for every gun on the market. and if it ever comes down to dooms day we are gonna need a good smithy,,,"I have looked into classes on gunsmithing. I can do basic things, but I don't have every tool for every gun on the market. Therefore, If it ever comes down to doomsday, we are going to need a good smithy.",0,UFS,UFS,,,,,NFS,NFS,NFS,,,,,NFS,UFS,UFS,,,,,NFS,UFS,UFS,,,,,NFS,0.0,0.0,,,,,0.0
13616429_2,509,Perfectly normal and WHITE names Next try : Leida f Kulla m Alma f Ege m Ärta f Epp m Endla f Arno m Tiiu f Ikevald m Piibe f Reet m Rünno m Does Ikevald have any meaning ?,,,Perfectly normal and WHITE names Next try : Leida f Kulla m Alma f Ege m ��rta f Epp m Endla f Arno m Tiiu f Ikevald m Piibe f Reet m R��nno m . Does Ikevald have any meaning ?.,0,CFS,CFS,,,,,,UFS,NFS,,,,,,CFS,NFS,,,,,,CFS,NFS,,,,,,0.0,0.0,,,,,
30442444_2,510,Our people do n't need to feel down about all this and neither do we need to turn off new member prospects from this fine place so a little less crying and a little more doing is called for .,,,Our people do n't need to feel down about all this. neither do we need to turn off new member prospects from this fine place.  a little less crying and a little more doing is called for .,0,NFS,NFS,NFS,,,,,NFS,NFS,NFS,,,,,NFS,NFS,NFS,,,,,NFS,NFS,NFS,,,,,0.0,0.0,0.0,,,,
13476634_1,511,"A mentally-ill Orthodox cantor who told jurors he was `` The Michael Jackson of Jewish music '' was sentenced in Manhattan yesterday to at least a year in prison for swindling a Washington Heights woman out of $ 36,000 .",,,"A mentally-ill Orthodox cantor. who told jurors he was `` The Michael Jackson of Jewish music ''. He was sentenced in Manhattan yesterday to at least a year in prison. He was found guilty for swindling a Washington Heights woman out of $ 36,000. ",0,CFS,CFS,CFS,CFS,,,,UFS,UFS,UFS,UFS,,,,UFS,UFS,CFS,CFS,,,,UFS,UFS,CFS,CFS,,,,0.0,0.0,0.0,0.0,,,
14030058_1,512,i used to post on here a few years back as kruger but for some reason i cant register with that name so here goes with the new one 88 to all i know and to those i will meet,,,"i used to post on here a few years back as kruger. For some reason i cant register with that name. Therefore, here goes with the new one 88 to all i know and to those i will meet.",0,UFS,UFS,,,,,UFS,NFS,NFS,,,,,NFS,UFS,UFS,,,,,NFS,UFS,UFS,,,,,NFS,0.0,0.0,,,,,0.0
31753159_1,513,man i always have a hard time when ever i try to make a website too much stuff to do i get confused well anyway id really like to see that website whenever you get finished with it Heil Hitler,,,man i always have a hard time when ever i try to make a website. Too much stuff to do i get confused. id really like to see that website whenever you get finished with it Heil Hitler.,0,NFS,NFS,NFS,,,,,NFS,NFS,NFS,,,,,UFS,UFS,NFS,,,,,NFS,NFS,NFS,,,,,0.0,0.0,0.0,,,,
13865413_1,514,just posting to say I got a month of community service for stealing lightbulbs out of a place I was renting + a 280Euro fine. compare that to the black rapist a while ago who got off scot free .,,,Got a month of community service for stealing lightbulbs out of a place I was renting. I received a 280Euro fine. compare that to the black rapist a while ago who got off scot free .,0,UFS,UFS,UFS,,,,,UFS,UFS,CFS,,,,,UFS,UFS,NFS,,,,,UFS,UFS,NFS,,,,,0.0,0.0,1.0,,,,
30793006_1,515,"i live in the bay area and have no car and barely any money to my name. i want to join the fight. if anyone is going from around here or can get me there , please pm me .",,,"I live in the Bay Area and I have no car. I barely have any money to my name. I want to join the fight. Therefore, If anyone is going from around here or can get me there, please send me a private message.",0,UFS,UFS,NFS,,,,NFS,NFS,UFS,NFS,,,,NFS,UFS,UFS,UFS,,,,NFS,UFS,UFS,NFS,,,,NFS,0.0,0.0,0.0,,,,0.0
13866825_1,516,so is tom still rambling on about putting up machine guns in the city centre ? lol and that sites great al making all wn look like terrorists.so tell us all of some of the irms activism so far ?,,,so is tom still rambling on about putting up machine guns in the city centre ?. that sites great at making all white nationalists look like terrorists. what activism has the IRM actually done?.,0,NFS,NFS,,CFS,,,,NFS,CFS,,NFS,,,,NFS,UFS,,NFS,,,,NFS,CFS,,NFS,,,,0.0,1.0,,0.0,,,
12848217_12,517,"`` Oh s * * t , '' without looking , `` I hit one of their cars and now I am going to die ! '' , but to my relief , it was merely a light pole .",,,"`` Oh s * * t , '' without looking , `` I hit one of their cars and now I am going to die ! '' . to my relief , it was merely a light pole . ",0,UFS,NFS,,,,,,NFS,NFS,,,,,,NFS,UFS,,,,,,NFS,NFS,,,,,,0.0,0.0,,,,,
14677022_1,518,I do care about arab christians You are not the only one who is feeling lost i know it sucks to be a non muslim in the middle east. would you like to move to east asia with me ?,,,"I do care about arab christians. It sucks to be a non-Muslim in the Middle East. You are not the only one who is feeling lost. Therefore, Would you like to move to East Asia with me?.",0,NFS,NFS,NFS,,,,NFS,NFS,NFS,NFS,,,,NFS,UFS,CFS,CFS,,,,NFS,NFS,NFS,NFS,,,,NFS,0.0,0.0,0.0,,,,0.0
14300753_1,519,"In my mind it 's not even close to being obselete , I believe it is a symbol of the white race and it 's fight to save itself in this sick and twisted multicult world we live in .",,,It 's not even close to being obselete. . I believe it is a symbol of the white race and it 's fight to save itself in this sick and twisted multicult world we live in .,0,NFS,NFS,,,,,,NFS,CFS,,,,,,NFS,CFS,,,,,,NFS,CFS,,,,,,0.0,0.0,,,,,
12871875_1,520,"``Policeand SPCA officials found over 50 carcasses of pigs on National Council of Province 's Chairperson Thandi Modise 's Potchefstroom farm , and the remaining 85 resorted to eating the dead bodies and drinking their own urine to survive .",,,Police and SPCA officials found over 50 carcasses of pigs on National Council of Province 's Chairperson Thandi Modise 's Potchefstroom farm. The remaining 85 pigs resorted to eating the dead bodies and drinking their own urine.,0,CFS,CFS,,,,,,UFS,UFS,,,,,,CFS,CFS,,,,,,CFS,CFS,,,,,,0.0,0.0,,,,,
