file_id,idx,text_ed,premise0,premise1,premise2,conclusion,concat,weak,check_worthy_premise0,check_worthy_premise1,check_worthy_premise2,check_worthy_conclusion,premise0_hate,premise1_hate,premise2_hate,conclusion_hate,arg_comps_ok,target_ok,only_claims,label
30679934_1,0,"the kind of perversion that leads to homosexuality also leads to pedophilia. why take the risk , and even if the homosexuals turned out not to be pedophiles why would anyone want a child to live with two perverts .",The kind of perversion that leads to homosexuality also leads to pedophilia.,Gay men may turn out to be pedophiles.,,It is not worth taking the risk of allowing homosexuals to raise children.,"The kind of perversion that leads to homosexuality also leads to pedophilia. Gay men may turn out to be pedophiles. Therefore, It is not worth taking the risk of allowing homosexuals to raise children.",premise0,CFS,CFS,,CFS,1.0,1.0,0.0,1.0,1,1,,HS
13470210_2,1,The Jews say they are The Chosen Ones The Blacks say they are the original Hebrews Israelites Our worst enemies want to be us and we refuse to accept that we are HIS ! ... and so it goes ..,The Jews believe they are The Chosen Ones.,The Blacks claim to be the original Hebrews and Israelites.,,Our worst enemies desire to be like us.,"The Jews believe they are The Chosen Ones. The Blacks claim to be the original Hebrews and Israelites. Therefore, Our worst enemies desire to be like us.",conclusion,CFS,CFS,,NFS,0.0,0.0,0.0,0.0,1,1,,HS
12834493_1,2,"She may or may not be a Jew but she 's certainly stupid , she seems to think the Blacks wo n't kill her alongside every other White they can get their dirty hands on , what a muppet !",she seems to think the Blacks wo n't kill her alongside every other White they can get their dirty hands on.,,,She may or may not be a Jew but she 's certainly stupid.,"she seems to think the Blacks wo n't kill her alongside every other White they can get their dirty hands on. Therefore, She may or may not be a Jew but she 's certainly stupid.",premise0,NFS,,,NFS,1.0,0.0,0.0,1.0,1,1,,HS
13251831_1,3,"I always thought it would be cool if somebody covertly set off a nuke in Kashmir , and then we all could sit back and watch as the Paki 's and Indians nuke the scheiss out of each other .",It would be cool if someone secretly detonated a nuclear bomb in Kashmir.,,,It would be cool to see the Pakistani and Indian people annihilate each other through a covertly set off nuclear bomb in Kashmir.,"It would be cool if someone secretly detonated a nuclear bomb in Kashmir. Therefore, It would be cool to see the Pakistani and Indian people annihilate each other through a covertly set off nuclear bomb in Kashmir.",conclusion,NFS,,,NFS,1.0,0.0,0.0,1.0,0,1,,HS
14039975_1,4,"Was walking through tooting broadway in SW London a couple of weeks ago .... was the only white dude around and all I could see was nigs and pakis walking down the street spitting , made me feel ill !",I was the only white person in the area through Tooting Broadway in SW London.,Nigs and pakis were walking down the street spitting.,,Seeing them made me feel ill.,"I was the only white person in the area through Tooting Broadway in SW London. Nigs and pakis were walking down the street spitting. Therefore, Seeing them made me feel ill.",conclusion,CFS,UFS,,NFS,1.0,1.0,0.0,1.0,1,1,,HS
14412365_1,5,"I just refer to them as primates as through THEIR evolution process they are just a little bit higher on the evolutionary chain which makes them all the more dangerous to whites , than any of their animalistic cousins .",Black people are higher on the evolutionary chain.,Black people are like primates.,,Black people are more dangerous to whites than the other primates.,"Black people are higher on the evolutionary chain. Black people are like primates. Therefore, Black people are more dangerous to whites than the other primates.",conclusion,UFS,UFS,,CFS,0.0,1.0,0.0,1.0,0,1,,HS
13855831_1,6,another coon giving out about Ireland and as if her opinion counts being second generation London jamican only means her mother was a filthy immigrant who waited till she got off the banana boat to give birth to her litter,A person that is second generation London Jamaican is giving out about Ireland.,This means that her mother was a filthy immigrant who waited till she got off the banana boat to give birth to her litter.,,Her opinion does not count.,"A person that is second generation London Jamaican is giving out about Ireland. This means that her mother was a filthy immigrant who waited till she got off the banana boat to give birth to her litter. Therefore, Her opinion does not count.",premise1,CFS,NFS,,NFS,0.0,1.0,0.0,1.0,1,1,,HS
14088263_1,7,"...mating with other mulattos would be ideal , but since there are n't huge numbers of mulatto children compared to those of Whites or blacks I 'd rather see them up with blacks so that White bloodlines stay intact .",Mulatto children should mate with other mulattos.,There are not many mulatto children compared to those of Whites or blacks.,,I would rather see mulatto children end up with blacks so that White bloodlines stay intact.,"Mulatto children should mate with other mulattos. There are not many mulatto children compared to those of Whites or blacks. Therefore, I would rather see mulatto children end up with blacks so that White bloodlines stay intact.",conclusion,NFS,UFS,,NFS,1.0,1.0,0.0,1.0,0,1,,HS
31755241_1,8,if he 's a coke addict - try to find out where he gets the coke from and rat him out .... you will be a hero and can have your own party while all the nigs are behind bars,"If he is a coke addict, you should try to find out where he gets the coke from and rat him out.",,,Ratting out the coke addict will make you a hero and allow you to have your own party while all the nigs are behind bars.,"If he is a coke addict, you should try to find out where he gets the coke from and rat him out. Therefore, Ratting out the coke addict will make you a hero and allow you to have your own party while all the nigs are behind bars.",conclusion,NFS,,,CFS,0.0,0.0,0.0,1.0,0,1,,HS
13849898_1,9,how the hell are they going to integrate into Irish society ? They come from a dirt poor medieval country and have spent the last 3 years living in a refugee camp.what skills are they going to bring here ?,They come from a dirt poor medieval country.,They have spent the last 3 years living in a refugee camp.,What skills are they going to bring here?,They are not going to integrate into Irish society.,"They come from a dirt poor medieval country. They have spent the last 3 years living in a refugee camp. What skills are they going to bring here? Therefore, They are not going to integrate into Irish society.",premise2,CFS,CFS,CFS,CFS,1.0,0.0,0.0,0.0,1,0,,HS
14406890_1,10,There are things we can do to stop the rapes that occur when blacks and other non whites con white women and girls into getting in cars with them etc For a start teach our women to respect themselves .,Black and other non-white individuals are responsible for conning white women and girls into getting in cars with them.,There are things we can do to stop the rapes that occur when blacks and other non whites con white women and girls into getting in cars with them etc.,,We should teach our women to respect themselves.,"Black and other non-white individuals are responsible for conning white women and girls into getting in cars with them. There are things we can do to stop the rapes that occur when blacks and other non whites con white women and girls into getting in cars with them etc. Therefore, We should teach our women to respect themselves.",premise0,CFS,UFS,,NFS,1.0,1.0,0.0,0.0,1,1,,HS
31754206_1,11,ya my little sister doesnt like little black girls when they try to talk to her she pulls a disgusted face and says why are you black ?? and i laugh and say `` Maggie dont talk to her '',My little sister does not like little black girls.,"When a little black girl tries to talk to my sister, she pulls a disgusted face.",,I tell my little sister not to talk with black girls.,"My little sister does not like little black girls. When a little black girl tries to talk to my sister, she pulls a disgusted face. Therefore, I tell my little sister not to talk with black girls.",conclusion,NFS,UFS,,UFS,1.0,1.0,0.0,1.0,1,1,,HS
30640962_1,12,"``Confrontingthe Girl Who Shot Me In the Face '' -- Dr. Phil - YouTube The female negro is making excuses like its not her fault but we all know its TNB , I feel for that poor white woman",The black female perpetrator is making excuses for her actions.,We all know the female negro is responsible of the crime.,,I feel for the white woman who is the victim.,"The black female perpetrator is making excuses for her actions. We all know the female negro is responsible of the crime. Therefore, I feel for the white woman who is the victim.",premise1,UFS,UFS,,NFS,1.0,1.0,0.0,0.0,1,1,,HS
13862375_2,13,Seen some black girl about 6 years old begging on grafton street once and we were coming out of a shop a few mins later when her father pulls up in a decent car. scum. the lot of them .,Saw a young girl begging on Grafton Street.,The father of the young girl had a decent car.,,Black people are scum.,"Saw a young girl begging on Grafton Street. The father of the young girl had a decent car. Therefore, Black people are scum.",conclusion,UFS,UFS,,NFS,0.0,0.0,0.0,1.0,1,1,,HS
31766409_1,14,HIV will do its job. the fags keep searching for a cure but they will never find one because it keeps on changing and mutating. already 60 percent of faggot apes have AIDS and it continues to grow .,60% of faggot apes already have AIDS.,The fags (homosexuals) are searching for a cure for HIV.,HIV is constantly changing and mutating.,The fags (homosexuals) will never find a cure for HIV.,"60% of faggot apes already have AIDS. The fags (homosexuals) are searching for a cure for HIV. HIV is constantly changing and mutating. Therefore, The fags (homosexuals) will never find a cure for HIV.",conclusion,CFS,CFS,CFS,CFS,1.0,1.0,0.0,1.0,1,1,,HS
14660756_1,15,"Your both our enemies plain and simple , jews try to destroy us with their immigration and the jew would not be able to get as far as they did if many of them did not look white .",The Jews would not have been able to get as far as they did without looking white.,,,The Jews are using their white appearance to further their goal of destroying us through immigration.,"The Jews would not have been able to get as far as they did without looking white. Therefore, The Jews are using their white appearance to further their goal of destroying us through immigration.",conclusion,CFS,,,CFS,1.0,0.0,0.0,1.0,1,1,,HS
30627161_1,16,"If black monkeys are on my property i call animal control and defend my family and property with whatever means possible , simply talking sense to a monkey and pointing at it will not stop it from misbehaving !",Simply talking sense to a black monkey and pointing at it will not stop it from misbehaving.,,,I must use whatever means necessary to stop the black monkeys from misbehaving.,"Simply talking sense to a black monkey and pointing at it will not stop it from misbehaving. Therefore, I must use whatever means necessary to stop the black monkeys from misbehaving.",premise0,NFS,,,NFS,1.0,0.0,0.0,1.0,1,1,,HS
13269862_1,17,"As soon as i found out she was with child by a mulatto and she 's a wet back too , I suddenly found her to be repulsive and shall never watch anything she is in again .",This woman has a child by a mulatto and she 's a wet back too.,,,I suddenly found this woman to be repulsive and shall never watch anything she is in again.,"This woman has a child by a mulatto and she 's a wet back too. Therefore, I suddenly found this woman to be repulsive and shall never watch anything she is in again.",conclusion,UFS,,,NFS,1.0,0.0,0.0,1.0,1,1,,HS
14040305_1,18,"Its about time we as a nation take matters into our own hands , over throw the government stop the white genocide deport all immigrants and establish a government to help indigenous white Britons rebuild this country .",White genocide is happening.,,,"Action needs to be taken to overthrow the government, stop white genocide, deport immigrants, and establish a new government to help indigenous white Britons rebuild the country.","White genocide is happening. Therefore, Action needs to be taken to overthrow the government, stop white genocide, deport immigrants, and establish a new government to help indigenous white Britons rebuild the country.",conclusion,CFS,,,NFS,0.0,0.0,0.0,1.0,1,1,,HS
14071005_1,19,"Like it or not , and I certainly do n't , but Ireland , especially NI is littered with memorials to , and even statues of , red terrorists .","Ireland, especially Northern Ireland, is filled with memorials and statues of red terrorists.",,,I certainly don't like this fact.,"Ireland, especially Northern Ireland, is filled with memorials and statues of red terrorists. Therefore, I certainly don't like this fact.",premise0,CFS,,,NFS,0.0,0.0,0.0,0.0,1,1,,HS
13465908_1,20,"France has been gone for a long time , we will have to retake it later because there will be no French people in not too long .",France has been gone for a long time.,There will be no French people in not too long in France.,,We will have to retake France later.,"France has been gone for a long time. There will be no French people in not too long in France. Therefore, We will have to retake France later.",premise1,CFS,NFS,,NFS,0.0,1.0,0.0,1.0,1,1,,HS
14412910_1,21,All of this diversity crap needs to stop soon whites will be extinct and I 'm not living in a brown world I want a clean white world,Soon whites will be extinct.," I 'm not living in a brown world, I want a clean white world.",,All of this diversity crap needs to stop.,"Soon whites will be extinct.  I 'm not living in a brown world, I want a clean white world. Therefore, All of this diversity crap needs to stop.",premise1,CFS,NFS,,NFS,1.0,1.0,0.0,1.0,1,1,,HS
30742787_1,22,I'm not really surprised - now going to college with blacks I can tell you they continue to behave in such a manner even in higher education .,I'm going to college with blacks.,Blacks continue to behave in a certain manner even in higher education.,,I am not surprised by the behavior of blacks in higher education.,"I'm going to college with blacks. Blacks continue to behave in a certain manner even in higher education. Therefore, I am not surprised by the behavior of blacks in higher education.",premise1,UFS,CFS,,NFS,1.0,0.0,0.0,1.0,1,1,,HS
13273318_1,23,I've heard the name before but I too have no idea who she is .. one of the benefits of turning off the Talmudivision and watching very few modern movies,I don't watch the Talmudivision and I watch very few modern movies.,,,I have no idea who she is.,"I don't watch the Talmudivision and I watch very few modern movies. Therefore, I have no idea who she is.",premise0,UFS,,,NFS,1.0,0.0,0.0,0.0,1,1,,HS
30429635_1,24,When asked how I knew the holocaust was a lie my answer was if it was the truth there would be no laws against saying it was a lie .,"If the holocaust was the truth, there would be no laws against saying it was a lie.",,,The holocaust is a lie.,"If the holocaust was the truth, there would be no laws against saying it was a lie. Therefore, The holocaust is a lie.",premise0,CFS,,,CFS,1.0,0.0,0.0,1.0,1,1,,HS
30712850_3,25,"If the Jews are allowed to decide for everyone the correct version of history , I 'm sure they 'll eventually re-write the history around Jesus Christ .",The Jews have the power to decide the correct version of history for everyone.,,,The Jews will eventually re-write history around Jesus Christ.,"The Jews have the power to decide the correct version of history for everyone. Therefore, The Jews will eventually re-write history around Jesus Christ.",premise0,CFS,,,CFS,1.0,0.0,0.0,1.0,1,1,,HS
31757189_1,26,There are many alternatives to adopting little mud babies.There is srrogate mothers and invitro fertilization are just two.If these are not financialy possile then wait till it is .,There are many alternatives to adopting little mud babies. Surrogate mothers and invitro fertilization are just two.,These solutions might not be financially possible.,,You should wait until these alternative solutions are financially possible rather than adopting mud babies.,"There are many alternatives to adopting little mud babies. Surrogate mothers and invitro fertilization are just two. These solutions might not be financially possible. Therefore, You should wait until these alternative solutions are financially possible rather than adopting mud babies.",conclusion,CFS,NFS,,NFS,1.0,0.0,0.0,1.0,1,0,,HS
14283736_1,27,"To hell with making a stand , i think we should all go to the southwest and go on the offenceive and drive every race down into Mexico .",We should not limit ourselves to make a stance.,,,We should go to the southwest and go on the offensive and drive every race down into Mexico.,"We should not limit ourselves to make a stance. Therefore, We should go to the southwest and go on the offensive and drive every race down into Mexico.",conclusion,NFS,,,NFS,0.0,0.0,0.0,1.0,1,1,,HS
13502514_1,28,Africa is a hole area of natural resources and only made mud huts from it ... what wild life are able to make even better huts ie birds,Africa is an area rich in natural resources.,The people of Africa only use these resources to make mud huts.,,Birds are able to make better huts than the people of Africa.,"Africa is an area rich in natural resources. The people of Africa only use these resources to make mud huts. Therefore, Birds are able to make better huts than the people of Africa.",premise1,CFS,CFS,,UFS,0.0,0.0,0.0,1.0,1,1,,HS
13503418_1,29,"Yes, before age of 10 i never saw an negro in real life , when i moved to Holland i was horrified by the amount of non-whites .","Before the age of 10, I had never seen a black person in real life.",,,I was horrified by the amount of non-white people after moving to Holland.,"Before the age of 10, I had never seen a black person in real life. Therefore, I was horrified by the amount of non-white people after moving to Holland.",conclusion,UFS,,,CFS,0.0,0.0,0.0,1.0,1,1,,HS
30679927_2,30,"Homosexuals practice a perverse lifestyle that destroys the body , mind , and soul just as drug use does ; merely two paths to the same destructive end .","Homosexuals practice a perverse lifestyle that destroys the body , mind , and soul.",,,Homosexuals and drug users are both on a path to a destructive end.,"Homosexuals practice a perverse lifestyle that destroys the body , mind , and soul. Therefore, Homosexuals and drug users are both on a path to a destructive end.",premise0,CFS,,,NFS,1.0,0.0,0.0,1.0,1,1,,HS
30691153_1,31,Americans and Irish understand each other better than Spaniards and the beaners .. the US and Ireland are the 1st world so they are educated unlike the beaners .,The US and Ireland are the 1st world.,They are educated unlike the beaners.,,Americans and Irish understand each other better than Spaniards and the beaners.,"the US and Ireland are the 1st world so they are educated unlike the beaners . Therefore, Americans and Irish understand each other better than Spaniards and the beaners.",premise1,CFS,CFS,,CFS,0.0,1.0,0.0,0.0,1,1,,HS
33677053_1,32,"Why White people used to say that sex was a sin used to be a mystery to me until I saw the children of browns and mixed race children popping up all around me. There, I understood the consequences of interracial relationships.",White people used to say that sex was a sin.,I saw children of browns and mixed race children popping up all around them.,I did not understand why this was the case.,I understood the consequences of interracial relationships.,"White people used to say that sex was a sin. I saw children of browns and mixed race children popping up all around them. I did not understand why this was the case. Therefore, I understood the consequences of interracial relationships.",premise1,CFS,UFS,NFS,CFS,0.0,0.0,0.0,1.0,1,1,,HS
12848217_3,33,"I was basically a babysitter , and the apes went nuts , and frankly , I could not control them and had to press the panic button twice to get someone to help me from the apes.",The apes went nuts and I could not control them.,,,I had to press the panic button twice to get someone to help me from the apes.,"The apes went nuts and I could not control them. Therefore, I had to press the panic button twice to get someone to help me from the apes.",conclusion,UFS,,,UFS,1.0,0.0,0.0,1.0,1,1,,HS
31744151_1,34,things u put on yer teeth just kidding ... seen guys with those things that suppose to hold up pants ? theyre red or white ? and theyre not belts. welcome to skinhead charades .,Skinheads wear things on their teeth that are supposed to hold up pants.,,,Welcome to skinhead charades.,"Skinheads wear things on their teeth that are supposed to hold up pants. Therefore, Welcome to skinhead charades.",premise0,CFS,,,NFS,1.0,0.0,0.0,1.0,1,1,,HS
12843325_1,35,We have a little piece of legislation called the Prohibition of Foreign Military Assistance Act This prohibits mercs from operating in South Africa. on pain of five years of hell in a kaffer jail .,There is a piece of legislation called the Prohibition of Foreign Military Assistance Act.,The punishment for violating this law is five years in a kaffer jail.,,This prohibits mercs from operating in South Africa.,"There is a piece of legislation called the Prohibition of Foreign Military Assistance Act. The punishment for violating this law is five years in a kaffer jail. Therefore, This prohibits mercs from operating in South Africa.",conclusion,CFS,CFS,,CFS,0.0,0.0,0.0,0.0,1,1,,HS
14102803_1,36,id like kids eventually. but not now. as for your sterlization. that is great. there really is no use for ppl to produce kids if they are wackos. being a nutjob is herditary .,"As for your sterilization, that's great, as you won't be able to reproduce.",You are a nutjob.,Being a nutjob is hereditary.,There's no use for people to produce kids if they are wackos because they will be nutjobs as well.,"As for your sterilization, that's great, as you won't be able to reproduce. You are a nutjob. Being a nutjob is hereditary. Therefore, There's no use for people to produce kids if they are wackos because they will be nutjobs as well.",conclusion,NFS,NFS,CFS,CFS,1.0,1.0,1.0,1.0,1,0,,HS
13857116_1,37,This filth is a sectarian Irish song. The sort of scum who wrote and admire this filth have no place on a White Nationalist forum yet alone an Irish forum,This filth is a sectarian Irish song.,The sort of scum who wrote and admire this filth have no place on a White Nationalist forum.,,They only have place on an Irish forum.,"This filth is a sectarian Irish song. The sort of scum who wrote and admire this filth have no place on a White Nationalist forum. Therefore, They only have place on an Irish forum.",premise1,UFS,CFS,,CFS,1.0,1.0,0.0,0.0,1,1,,HS
13553208_1,38,Is that couple in the second picture with the dark yellow background an Asian female with a White male or is it something that looks like it designed to send the same message ? Asians shouldn't mix with Whites.,There is a couple in a picture that consists of an Asian female and a White male.,The couple is being used to promote interracial relationships.,,Asians shouldn't mix with Whites.,"There is a couple in a picture that consists of an Asian female and a White male. The couple is being used to promote interracial relationships. Therefore, Asians shouldn't mix with Whites.",conclusion,UFS,CFS,,NFS,0.0,0.0,0.0,1.0,1,1,,HS
13866393_1,39,So now Stormfront Ireland is solely responsible for all racist attacks in Ireland. lol Ted is right this is the work of the Kikes those * * * * ers are never happy with what they get in Ireland.,Stormfront Ireland is solely responsible for all racist attacks in Ireland.,Kikes are never happy with what they receive in Ireland.,,This is the work of those * * * * ers Kikes.,"Stormfront Ireland is solely responsible for all racist attacks in Ireland. Kikes are never happy with what they receive in Ireland. Therefore, This is the work of those * * * * ers Kikes.",premise1,CFS,CFS,,UFS,0.0,1.0,0.0,1.0,1,1,,HS
13474456_1,40,"zpridez NO big deal , I got your drift.IMO If these bellyaching Black peoples et al continue to negate/or ignore the present ' Products of Progress ' within society we 're all doomed .",Black people and others are constantly complaining and ignoring the progress in society.,,,We are all doomed.,"Black people and others are constantly complaining and ignoring the progress in society. Therefore, We are all doomed.",conclusion,CFS,,,UFS,1.0,0.0,0.0,0.0,1,1,,HS
14676826_1,41,"Some whites are corrupt whores for Jewish supremacists , therefore Whites should not oppose Jewish supremacist extermination of all Whites and JS efforts to control humanity 's future .",Some whites are corrupt whores for Jewish supremacists.,Jewish supremacists are trying to control humanity's future.,,Whites should not oppose Jewish supremacist extermination of all Whites and JS efforts to control humanity's future.,"Some whites are corrupt whores for Jewish supremacists. Jewish supremacists are trying to control humanity's future. Therefore, Whites should not oppose Jewish supremacist extermination of all Whites and JS efforts to control humanity's future.",conclusion,CFS,CFS,,NFS,1.0,1.0,0.0,1.0,1,1,,HS
31041845_1,42,"The jews represent everything vile , deviant and unnatural , everything and anything that is an abomination to our Lord Jesus Christ , I hope he is burning with his father in hell .","The jews are seen as representing everything vile, deviant, and unnatural.",They are considered to be an abomination to our Lord Jesus Christ.,,I hope jews are burning in hell with their father.,"The jews are seen as representing everything vile, deviant, and unnatural. They are considered to be an abomination to our Lord Jesus Christ. Therefore, I hope jews are burning in hell with their father.",premise1,CFS,CFS,,NFS,1.0,1.0,0.0,1.0,1,0,,HS
30500196_1,43,"Just wait until they find a school where Asian girls are more violent and stupid than black males , and the leftists will have a plan on how to fight the achievement gap .",Asian girls might be more violent and stupid than black males.,,,The leftists will have a plan on how to fight the achievement gap in this case.,"Asian girls might be more violent and stupid than black males. Therefore, The leftists will have a plan on how to fight the achievement gap in this case.",premise0,CFS,,,UFS,1.0,0.0,0.0,0.0,1,1,,HS
14658037_2,44,We should have a new version of the old Plantation system where every white person on earth makes millions of dollars off of the enslaved labor of all the non-Whites in the world .,The old Plantation system was profitable (resulting in millions of dollars) for white people.,Non-Whites were enslaved and forced to work on plantations.,,We should have a new version of the old Plantation system.,"The old Plantation system was profitable (resulting in millions of dollars) for white people. Non-Whites were enslaved and forced to work on plantations. Therefore, We should have a new version of the old Plantation system.",premise0,CFS,CFS,,NFS,0.0,0.0,0.0,1.0,1,1,,HS
13455369_4,45,"WE GOT MONEY AROUND HERE TOO Compton Crips Pt.1 - YouTube These negroes are in the middle of the street , seems like something of a zoo , playing with their cheap lowriders .",These negroes are in the middle of the street.,They seem like something of a zoo.,They are playing with their cheap lowriders.,Black people actions are indicative of the Compton Crips gang's behavior.,"These negroes are in the middle of the street. They seem like something of a zoo. They are playing with their cheap lowriders. Therefore, Black people actions are indicative of the Compton Crips gang's behavior.",conclusion,UFS,CFS,UFS,CFS,1.0,1.0,0.0,1.0,1,1,,HS
14023352_1,46,put the kids in a ophanage and arrest the whore of a mother to a point of not having more biracial kids 8 kids have to suffer all their lives to due a whore,The mother is a whore.,The mother has biracial kids.,The kids will suffer all their lives because of their mother.,The mother should be arrested and the kids should be put in an orphanage.,"The mother is a whore. The mother has biracial kids. The kids will suffer all their lives because of their mother. Therefore, The mother should be arrested and the kids should be put in an orphanage.",conclusion,NFS,UFS,CFS,NFS,1.0,0.0,0.0,1.0,1,1,,HS
14411178_1,47,Actually Monkeys and Apes are more noble creatures and rarely act violent it really is unfare to the Monkeys and Apes to be compared with subhuman Negroids who are by contrast very murderous .,Monkeys and Apes are noble creatures and they rarely act violently.,Subhuman Negroids are by contrast very murderous.,,It is unfair to compare Monkeys and Apes with subhuman Negroids.,"Monkeys and Apes are noble creatures and they rarely act violently. Subhuman Negroids are by contrast very murderous. Therefore, It is unfair to compare Monkeys and Apes with subhuman Negroids.",premise1,CFS,CFS,,NFS,0.0,1.0,0.0,1.0,1,1,,HS
14030423_1,48,These figures show that no one now could just talk about the need to restrict non-white immigration ( as the current government does ) ; large-scale repatriation of non-whites is absolutely essential .,These figures show that it is not enough to just talk about the restriction of non-white immigration.,The current government talks about restricting non-white immigration.,,Large-scale repatriation of non-whites is absolutely essential.,"These figures show that it is not enough to just talk about the restriction of non-white immigration. The current government talks about restricting non-white immigration. Therefore, Large-scale repatriation of non-whites is absolutely essential.",conclusion,CFS,CFS,,CFS,0.0,0.0,0.0,1.0,1,1,,HS
13639875_1,49,"how could you have a debate with a nigerian woman ! pity i wasn't listening in , should have been a good laugh listening to that person trying to hold a civilised conversation",Nigerian women don't know how to hold civilised conversations.,I regret not being able to witness the debate.,,Having a debate with a Nigerian woman would be entertaining as she would struggle.,"Nigerian women don't know how to hold civilised conversations. I regret not being able to witness the debate. Therefore, Having a debate with a Nigerian woman would be entertaining as she would struggle.",premise0,CFS,NFS,,CFS,1.0,0.0,0.0,1.0,1,1,,HS
14059957_1,50,"Notice how not one of these Hungarians gave one good source validating their preposterous claims , they just came here to complain and start name calling , just as stupid liberals do .",Not one of these Hungarians gave one good source validating their preposterous claims.,Hungarians just came here to complain and start name calling.,Stupid liberals also behave in the same manner.,Hungarians and liberals don't know how to give good arguments.,"Not one of these Hungarians gave one good source validating their preposterous claims. Hungarians just came here to complain and start name calling. Stupid liberals also behave in the same manner. Therefore, Hungarians and liberals don't know how to give good arguments.",conclusion,NFS,NFS,NFS,CFS,1.0,0.0,1.0,1.0,1,1,,HS
13492128_1,51,"somebody``hcf''calledputin``ahero''!lololol!This``hero''finallytransformedformersovietjewnion in ``russian''judea!In this misery-torn country-are there-70 officially billionaries , tens f thousands millionaries , and tens of millions of poor and miserable who look for their pittance at the garbage places !","In this misery-torn country, there are 70 officially billionaires, tens of thousands millionaires, and tens of millions of poor and miserable people.",The poor and miserable people look for their pittance at garbage places.,,Putin finally transformed former Soviet Union into Russian Judea.,"In this misery-torn country, there are 70 officially billionaires, tens of thousands millionaires, and tens of millions of poor and miserable people. The poor and miserable people look for their pittance at garbage places. Therefore, Putin finally transformed former Soviet Union into Russian Judea.",conclusion,CFS,CFS,,CFS,0.0,1.0,0.0,1.0,1,1,,HS
14414465_3,52,http://www.abc25.com/Global/story.asp ? S = 5352185 Non whites commit far more crimes against whites each year but its never considered a hate crime and alot of them never spend any time in jail !,Non-whites commit more crimes against whites each year.,These crimes are not considered hate crimes.,,Many of these non-whites do not go to jail.,"Non-whites commit more crimes against whites each year. These crimes are not considered hate crimes. Therefore, Many of these non-whites do not go to jail.",premise0,CFS,CFS,,CFS,1.0,0.0,0.0,0.0,1,1,,HS
12858198_1,53,"I will at least never willingly pay to see this propaganda , maybe just watch it for free to show the influence the jews have got in the white genocide to people .",The propaganda is created by Jews.,The Jews are using their propaganda to influence the white genocide.,,I will at least never willingly pay to see this propaganda.,"The propaganda is created by Jews. The Jews are using their propaganda to influence the white genocide. Therefore, I will at least never willingly pay to see this propaganda.",premise1,CFS,CFS,,NFS,1.0,1.0,0.0,0.0,1,1,,HS
30570257_1,54,Look what happens when Whites leave black Countries alone to do what they do naturally The blacks in White Countries today should be on their knees thanking Whites for trying to civilize them,Whites have left black countries alone to do what they do naturally.,black people is uncivilized.,,The blacks in white countries should be on their knees thanking whites for their efforts to civilize them.,"Whites have left black countries alone to do what they do naturally. black people is uncivilized. Therefore, The blacks in white countries should be on their knees thanking whites for their efforts to civilize them.",conclusion,CFS,CFS,,NFS,1.0,1.0,0.0,1.0,1,1,,HS
32940552_1,55,"If we are White and wish to save this country rather than have it turn into a disorderly non-White hegemony , then we are all at a loss for what to do .",Non-whites are becoming a hegemony.,,,We are all at a loss to prevent the country from becoming a disorderly non-White hegemony.,"Non-whites are becoming a hegemony. Therefore, We are all at a loss to prevent the country from becoming a disorderly non-White hegemony.",conclusion,CFS,,,CFS,1.0,0.0,0.0,1.0,1,1,,HS
13332658_1,56,Let mother nature evolve these preople naturally because no amount of money or aid is going to drag these ' things ' into the civilized world where they serve absolutely no purpose .,Black people who are not part of the civilized world serve no purpose.,No amount of money or aid can bring these people into the civilized world.,,Mother nature should be allowed to evolve these people naturally.,"Black people who are not part of the civilized world serve no purpose. No amount of money or aid can bring these people into the civilized world. Therefore, Mother nature should be allowed to evolve these people naturally.",premise0,CFS,CFS,,NFS,1.0,1.0,0.0,1.0,1,1,,HS
13455266_2,57,The raw footage of these black beasts in their moments of candor is so much more revealing and persuasive for helping our fellow white brothers and sisters see the truth than a thousand books could ever be .,Helping white brothers and sisters see the truth is important.,A thousand books could never be as effective as raw footage.,,The raw footage of beasts is more effective than books.,"Helping white brothers and sisters see the truth is important. A thousand books could never be as effective as raw footage. Therefore, The raw footage of beasts is more effective than books.",conclusion,NFS,,,CFS,0.0,0.0,0.0,1.0,1,1,,HS
30670272_1,58,"Dude stink bomb this event , when it gets dark , chuck a bunch of them on the floor , different spots , when the chimps start jiving and grooving , they will step on them .",You should throw the stink bombs on the floor.,You should target the chimps at the event.,,The chimps will be affected by the stink bombs and cause chaos at the event.,"You should throw the stink bombs on the floor. You should target the chimps at the event. Therefore, The chimps will be affected by the stink bombs and cause chaos at the event.",conclusion,NFS,NFS,,UFS,1.0,1.0,0.0,1.0,1,1,,HS
12959685_1,59,"Yep the bottom line is without a strong family behind her a young girl is very vulnerable .. The Jew knows this and Glamorises the Negro using its media power , here we see the results .","Without a strong family behind her, a young girl is vulnerable.",The Jew uses its media power.,,The young girl is vulnerable because the Jew glamorizes the Negro using its media power.,"Without a strong family behind her, a young girl is vulnerable. The Jew uses its media power. Therefore, The young girl is vulnerable because the Jew glamorizes the Negro using its media power.",conclusion,CFS,CFS,,CFS,0.0,1.0,0.0,1.0,1,1,,HS
13504803_2,60,"Situation in Switzerland is terrible , blacks and muslims are everywhere ! We were a great Country with a great People but all these monkeys are transforming Switzerland in a zoo where law is not respected .",Blacks and Muslims are everywhere.,All these monkeys are transforming Switzerland into a zoo.,,The situation in Switzerland is terrible.,"Blacks and Muslims are everywhere. All these monkeys are transforming Switzerland into a zoo. Therefore, The situation in Switzerland is terrible.",premise1,CFS,CFS,,CFS,1.0,1.0,0.0,0.0,1,1,,HS
13072439_1,61,"Well then , that makes the fact these scum are sending millions of their kin to my country , taking jobs from the White inhabitants , killing our people and mongrelizing our race all alright then .",The scum are sending millions of their kin to my country.,"They are taking jobs from the White inhabitants.They are killing our people, and mongrelizing our race.",,All of this is not alright.,"The scum are sending millions of their kin to my country. They are taking jobs from the White inhabitants.They are killing our people, and mongrelizing our race. Therefore, All of this is not alright.",premise1,CFS,CFS,,NFS,1.0,1.0,0.0,0.0,1,0,,HS
14014876_1,62,One reason we moved out of our ( at one time 99 % white ) neighborhood was because massive numbers of Chinese moved in and i swear to you a literal rotten smell came with them .,Our neighborhood was once 99% white.,Massive numbers of Chinese people moved into our neighborhood.,A literal rotten smell came with the Chinese people.,We moved out of our neighborhood.,"Our neighborhood was once 99% white. Massive numbers of Chinese people moved into our neighborhood. A literal rotten smell came with the Chinese people. Therefore, We moved out of our neighborhood.",conclusion,CFS,CFS,CFS,UFS,0.0,0.0,1.0,0.0,1,1,,HS
14666450_1,63,Another black is now trying to convince me that black slaves were force-fed animal lard through huge tubes and had their hands and feet cut off so they could work in the cotton fields without running away,Another black is trying to convince me that black slaves were force-fed animal lard through huge tubes.,The same person is also claiming that black slaves had their hands and feet cut off.,,They are trying to convince us that they were subjected to inhumane treatment in order to keep them from escaping their forced labor.,"Another black is trying to convince me that black slaves were force-fed animal lard through huge tubes. The same person is also claiming that black slaves had their hands and feet cut off. Therefore, They are trying to convince us that they were subjected to inhumane treatment in order to keep them from escaping their forced labor.",conclusion,CFS,CFS,,CFS,1.0,1.0,0.0,0.0,1,1,,HS
14669476_2,64,"Him , his wife , and his kids have absolutely no place in a white nation and it 's disgusting how they put an end to thousands of years of evolution for being so selfish .","Him, his wife, and his kids have no place in a white nation.",Their presence is disgusting.,,They are selfish and have disrupted thousands of years of evolution.,"Him, his wife, and his kids have no place in a white nation. Their presence is disgusting. Therefore, They are selfish and have disrupted thousands of years of evolution.",conclusion,CFS,NFS,,CFS,1.0,1.0,0.0,1.0,1,1,,HS
14018061_1,65,"There's no way to stop them from coming to Canada all that is needed is proof of ownership of a house in India , africa etc and they can enter in on a tourist visa .",People from India and Africa can enter Canada on a tourist visa if they can provide proof of ownership of a house in their home country.,,,There is no way to prevent them from entering Canada.,"People from India and Africa can enter Canada on a tourist visa if they can provide proof of ownership of a house in their home country. Therefore, There is no way to prevent them from entering Canada.",premise0,CFS,,,CFS,0.0,0.0,0.0,1.0,1,1,,HS
14267984_1,66,"Fine with me as long as they do n't parade the city and demand `` gay rights '' ... keep it in the closed god damnit , homosexuality is n't exatly something to be proud of",Homosexuality is not something to be proud of.,It should be kept in the closed.,,Parade and demand for gay rights in the city should not be allowed.,"Homosexuality is not something to be proud of. It should be kept in the closed. Therefore, Parade and demand for gay rights in the city should not be allowed.",conclusion,CFS,NFS,,NFS,1.0,1.0,0.0,1.0,1,1,,HS
13858341_1,67,"I disagree you can never justify race mixing Some of them girls may have been brainwashed by media , also you are condemning their kids and furture generations of kids to a non white future .",Girls having interratial relationships are condemning their kids and furture generations of kids to a non white future .,Some girls may have been brainwashed by media to have interracial relationships.,,"In this case, race mixing can be justified.","Girls having interratial relationships are condemning their kids and furture generations of kids to a non white future . Some girls may have been brainwashed by media to have interracial relationships. Therefore, In this case, race mixing can be justified.",premise1,CFS,CFS,,NFS,1.0,1.0,0.0,0.0,1,1,,HS
30384063_1,68,"Thank you for posting this ! this disgusting lie will hopefully one day be addressed and corrected , at that point I would hope the world will see the Jews for what they really are .","Hopefully, this disgusting lie spread by the Jews will be addressed and corrected one day.",,,The world will see the Jews for who they really are.,"Hopefully, this disgusting lie spread by the Jews will be addressed and corrected one day. Therefore, The world will see the Jews for who they really are.",conclusion,CFS,,,CFS,1.0,0.0,0.0,1.0,1,1,,HS
30623598_1,69,"Those boys will use the plastic whisks as swords , and the girls ' lego creations will consist of dollhouses for the few white dolls , with the dark ones in the adjoining farm pen .",The boys will use the plastic whisks as swords.,The girls' lego creations will consist of dollhouses for the few white dolls.,,"The girls' lego creations will not include dark dolls, place in the farm pen.","The boys will use the plastic whisks as swords. The girls' lego creations will consist of dollhouses for the few white dolls. Therefore, The girls' lego creations will not include dark dolls, place in the farm pen.",conclusion,NFS,NFS,,NFS,0.0,0.0,0.0,1.0,1,1,,HS
13250684_1,71,"There is no different versions of bad when it comes to race traitors , if you date a non white it is bad , no matter if the non-white is asian , black or arab.",Dating a non-white person is considered bad.,"This applies to all non-white races, including Asians, Blacks, and Arabs.",,There is no different versions of bad when it comes to race traitors.,"Dating a non-white person is considered bad. This applies to all non-white races, including Asians, Blacks, and Arabs. Therefore, There is no different versions of bad when it comes to race traitors.",conclusion,CFS,CFS,,CFS,1.0,1.0,0.0,1.0,1,1,,HS
14036151_1,72,"one is one too many , i bet all the white girls and wiggers go crazy for the young coon , whichever school you are in , wigggers outnumber metalheads or `` normal '' whites",Normal whites are outnumbered by wiggers in schools.,White girls and wiggers (white people who act like black people) are attracted to young black people.,,One person of a certain race is already too many.,"Normal whites are outnumbered by wiggers in schools. White girls and wiggers (white people who act like black people) are attracted to young black people. Therefore, One person of a certain race is already too many.",conclusion,CFS,CFS,,CFS,1.0,1.0,0.0,1.0,1,1,,HS
14034302_1,73,"The UAF are just a bunch of middle class faggots , the EDL should steam into them every time they show up to counter a demonstration , they 'll soon run home to daddy .",The UAF are just a bunch of middle class faggots.,The EDL should confront the UAF at every demonstration.,,They'll soon run home to daddy.,"The UAF are just a bunch of middle class faggots. The EDL should confront the UAF at every demonstration. Therefore, They'll soon run home to daddy.",premise1,CFS,CFS,,CFS,1.0,1.0,0.0,1.0,1,1,,HS
30593472_1,74,a nice kick to the nuts will always work I find it a dirty move to kick another man in the knackers but after all .. a black does n't equate to the same standard,It is considered a dirty move to kick another man in the nuts.,A black does n't equate to the same standard as other people.,,Kicking a black person in the nuts is an effective way to hurt them.,"It is considered a dirty move to kick another man in the nuts. A black does n't equate to the same standard as other people. Therefore, Kicking a black person in the nuts is an effective way to hurt them.",premise1,UFS,CFS,,UFS,0.0,1.0,0.0,1.0,1,1,,HS
13946706_6,75,18 times in the last 20 years It 's time for the next generation to fight back to regain our country from immigrants ..... the baby boomers will lose it for us if we do nothing .,The baby boomers are in control of the country.,The baby boomers will lose the country for us.,,It 's time for the next generation to fight back to regain our country from immigrants.,"The baby boomers are in control of the country. The baby boomers will lose the country for us. Therefore, It 's time for the next generation to fight back to regain our country from immigrants.",conclusion,CFS,CFS,,CFS,0.0,0.0,0.0,1.0,1,1,,HS
13588153_1,76,"If you think that 's funny , you should have seen the black guy that used to run around my home town wearing a kkk emblem.But people like that are usualy not that bright .",There was a black man in my hometown who wore a KKK emblem.,,,I believe that the black man is not very bright.,"There was a black man in my hometown who wore a KKK emblem. Therefore, I believe that the black man is not very bright.",conclusion,UFS,,,CFS,0.0,0.0,0.0,1.0,1,,,HS
14297733_2,77,Black and Asian immigrants who are coming in and those who were borne here and their breading patterns are the threat to our gene pool and not other white Europeans such as polish people .,Black and Asian immigrants are coming into our country.,These immigrants and those who were born here have different breeding patterns.,,"They are a threat to our gene pool, differently from other white Europeans like Polish people.","Black and Asian immigrants are coming into our country. These immigrants and those who were born here have different breeding patterns. Therefore, They are a threat to our gene pool, differently from other white Europeans like Polish people.",conclusion,CFS,CFS,,CFS,0.0,0.0,0.0,1.0,,,,HS
13588719_1,78,"I'm glad to hear about my brothers being ready to fight like that , lets just hope in the future these immigrants with no right will get something good enough so they 'll finally leave",I am glad to hear about my brothers being ready to fight against immigrants.,Immigrants have no right to be here.,,I hope something good happens to make them leave.,"I am glad to hear about my brothers being ready to fight against immigrants. Immigrants have no right to be here. Therefore, I hope something good happens to make them leave.",premise1,NFS,CFS,,NFS,1.0,1.0,0.0,1.0,,,,HS
14670146_1,79,"It is important for people to realize that gays want gay marriage ..... not because they desire some sort of government paperwork , but because they are seeking the right to adopt defenseless children .",Gays want gay marriage.,Gays do not desire government paperwork.,,Gays are seeking the right to adopt defenseless children.,"Gays want gay marriage. Gays do not desire government paperwork. Therefore, Gays are seeking the right to adopt defenseless children.",conclusion,CFS,CFS,,CFS,0.0,0.0,0.0,1.0,,,,HS
31709840_1,80,"Or try yelling * * * * the nigs ya 'll get suspended , jumped and hopefully some new wn friends or ya 'll die trying. lol Rohawa its a battle cry .","Yelling at ""the nigs"" will result in consequences such as suspension, getting jumped, and potentially making new ""wn friends""",,,ROHAWA is a battle cry.,"Yelling at ""the nigs"" will result in consequences such as suspension, getting jumped, and potentially making new ""wn friends"" Therefore, ROHAWA is a battle cry.",premise0,CFS,,,CFS,1.0,0.0,0.0,0.0,,,,HS
31764430_1,81,I think asians are hot but they arent the girls I wanna get with.A wolf is pretty but do you wanna pet one ? White girls are only ones to be trusted .,A wolf is pretty but you don't wanna pet one.,asians are hot but they arent the girls I wanna get with.,,White girls are only ones to be trusted .,"A wolf is pretty but you don't wanna pet one. asians are hot but they arent the girls I wanna get with. Therefore, White girls are only ones to be trusted .",conclusion,CFS,NFS,,CFS,0.0,0.0,0.0,1.0,,,,HS
14013954_1,82,"Seriously Canada would have been better off if they left the pakis at home , im like you I do n't object to asians because they at least try to fit in .",The pakis are not trying to fit in.,,,Canada would have been better off without pakis.,"The pakis are not trying to fit in. Therefore, Canada would have been better off without pakis.",conclusion,CFS,,,CFS,0.0,0.0,0.0,1.0,,,,HS
30457422_1,83,"And then there 's Asiacourt , the once beautiful , safe , WHITE , area of Scarborough ... ( and the last i checked ) was a garbage infested Chinease outpost .","Asiacourt used to be a beautiful, safe and white area in Scarborough.",,,Asiacourt has become a garbage-infested Chinese outpost.,"Asiacourt used to be a beautiful, safe and white area in Scarborough. Therefore, Asiacourt has become a garbage-infested Chinese outpost.",conclusion,CFS,,,CFS,1.0,0.0,0.0,1.0,,,,HS
14014176_1,84,"It would be far from the first time jews come up with a fake hate crimes and besides all they do in general , so they 're guilty until proven innocent .",Jews have a history of coming up with fake hate crimes.,,,Jews should be assumed guilty until proven innocent.,"Jews have a history of coming up with fake hate crimes. Therefore, Jews should be assumed guilty until proven innocent.",premise0,CFS,,,NFS,1.0,0.0,0.0,1.0,,,,HS
30777604_2,85,I 'm sure I would have done great in public school if the Mexican gang members stopped kicking my * * * long enough for me to get my homework done ...,"Mexican gang members constantly kicked me, preventing me from completing my homework.",,,I would have done great in public school if the Mexican gang members had stopped kicking me.,"Mexican gang members constantly kicked me, preventing me from completing my homework. Therefore, I would have done great in public school if the Mexican gang members had stopped kicking me.",premise0,CFS,,,NFS,1.0,0.0,0.0,0.0,,,,HS
13857273_2,86,"Do they expect us to go out and welcome these leeches on our society with open arms. they should give them zyklon b for lunch , thad would help the suitation !!!","Welcoming ""leeches"" into society is not acceptable.",,,"Giving ""leeches"" Zyklon B for lunch would improve the situation.","Welcoming ""leeches"" into society is not acceptable. Therefore, Giving ""leeches"" Zyklon B for lunch would improve the situation.",premise0,CFS,,,CFS,1.0,0.0,0.0,1.0,,,,HS
13861502_1,87,I would' nt even consider these knackers/pykies as Irish as they have no respect for their race or loyalty to Ireland and should be put down like the dogs they are .,These knackers/pykies have no respect for their race or loyalty to Ireland .,,,These knackers/pykies are not truly Irish.,"These knackers/pykies have no respect for their race or loyalty to Ireland . Therefore, These knackers/pykies are not truly Irish.",conclusion,CFS,,,CFS,1.0,0.0,0.0,1.0,,,,HS
13861569_1,88,i SEE UTV DID NOT POST MY COMMENTS TYPICAL SPREAD THE WORD THROUGHOUT IRELAND RUN THESE INVADERS OUT GO HOME AFGANIES WOULD YOU SEE US DOING THIS IN YOUR COUNTRY ??????????????????????????????????????????? ??,We wouldn't do to Afganies what they are doing in our country.,,,Afganies should run out of Ireland and go home.,"We wouldn't do to Afganies what they are doing in our country. Therefore, Afganies should run out of Ireland and go home.",conclusion,NFS,,,NFS,0.0,0.0,0.0,1.0,,,,HS
14283266_1,89,If you had your way their would be no whites to pay taxes so the blacks could collect welfare and as they have proved in Africa they are incapable of feeding themselves,"In Africa, people have proven to be incapable of feeding themselves.",,,"If whites were not paying taxes, blacks would not be able to collect welfare.","In Africa, people have proven to be incapable of feeding themselves. Therefore, If whites were not paying taxes, blacks would not be able to collect welfare.",conclusion,CFS,,,CFS,1.0,0.0,0.0,1.0,,,,HS
12849464_3,90,"I 've always considered teaching as one of the professions I would like to get into , but not in a neighbourhood like that ... never. black kids like that disgust me .",I have always considered teaching as one of the professions I would like to get into.,In that neighborhood there are black kids.,,I do not want to teach in a neighborhood like that.,"I have always considered teaching as one of the professions I would like to get into. In that neighborhood there are black kids. Therefore, I do not want to teach in a neighborhood like that.",conclusion,NFS,UFS,,NFS,0.0,0.0,0.0,0.0,,,,HS
14416527_4,91,Though I have had problems at one or two that were groid infested elsewhere getting stale bread etc so will no go to any that have lotsof groids working in them .,I have had problems at one or two places that were infested with groids.,These places had stale bread and other issues.,,I will not go to any place that has a lot of groids working in them.,"I have had problems at one or two places that were infested with groids. These places had stale bread and other issues. Therefore, I will not go to any place that has a lot of groids working in them.",conclusion,UFS,UFS,,NFS,1.0,0.0,0.0,1.0,,,,HS
31723718_1,92,You are white and you are better then them and the next time they harass you and someone else form a group of buddies and go up to the proncipal office .,You are white and you are better then them.,,,The next time they harass you and someone else form a group of buddies and go up to the principal's office .,"You are white and you are better then them. Therefore, The next time they harass you and someone else form a group of buddies and go up to the principal's office .",premise0,CFS,,,NFS,1.0,0.0,0.0,0.0,,,,HS
13385834_1,93,I've always said that black people make the perfect slaves because anyone who cannot or will not take responsibility and be master of their own lives is already a slave .,Anyone who cannot or will not take responsibility and be master of their own lives is already a slave.,,,Black people make the perfect slaves.,"Anyone who cannot or will not take responsibility and be master of their own lives is already a slave. Therefore, Black people make the perfect slaves.",conclusion,UFS,,,CFS,0.0,0.0,0.0,1.0,,,,HS
13456335_2,94,"It 's amazing how stupid liberals are , even after being nearly murdered for being white Mr. Begley is still a ridiculous * * * * * * -loving fool .",Even after being nearly murdered for being white Mr. Begley is still a ridiculous * * * * * * -loving fool .,,,Liberals are stupid.,"Even after being nearly murdered for being white Mr. Begley is still a ridiculous * * * * * * -loving fool . Therefore, Liberals are stupid.",premise0,CFS,,,NFS,1.0,0.0,0.0,1.0,,,,HS
30481053_2,95,If Canada was small the nonwhites would be everywhere but so many whites live rurally or in small towns so they do n't see the racial disaster unfolding on Canada .,Many whites live in rural areas or small towns.,,,Whites do not see the racial disaster unfolding in Canada.,"Many whites live in rural areas or small towns. Therefore, Whites do not see the racial disaster unfolding in Canada.",conclusion,CFS,,,CFS,0.0,0.0,0.0,1.0,,,,HS
13449094_1,96,There should not be problems between the different classes inside the race white since we are all whites they should be joined to fight against non-whites they are our enemies .,We are all whites.,There should not be problems between the different classes inside the race white.,,Whites should be united to fight against non-whites.,"We are all whites. There should not be problems between the different classes inside the race white. Therefore, Whites should be united to fight against non-whites.",conclusion,CFS,NFS,,NFS,0.0,0.0,0.0,1.0,,,,HS
14676136_1,97,Are you asking the Africans in South Africa why they hate White people so much that they have murdered over 40 thousand of them since the end of White rule ?,Africans in South Africa have murdered over 40 thousand of them since the end of White rule.,,,We should ask the Africans in South Africa why they hate White people so much.,"Africans in South Africa have murdered over 40 thousand of them since the end of White rule. Therefore, We should ask the Africans in South Africa why they hate White people so much.",conclusion,CFS,,,CFS,1.0,0.0,0.0,0.0,,,,HS
30682994_1,98,"This is the argument homosexuals use to justify their behavior , that because there are no `` red letters '' about it , then homosexuality is not a bad thing .","Homosexuals use the argument that there are no ""red letters"" about their behavior to justify it.",,,"Therefore, they think homosexuality is not a bad thing.","Homosexuals use the argument that there are no ""red letters"" about their behavior to justify it. Therefore, Therefore, they think homosexuality is not a bad thing.",premise0,CFS,,,CFS,0.0,0.0,0.0,1.0,,,,HS
30454971_1,99,"Agreed, The Blacks and Hispanics should have their own school only for them and have worse education than the children whites like that might not compete with our children whites .",The Blacks and Hispanics should have their own school and have worse education.,,,This would prevent the competition with our white children.,"The Blacks and Hispanics should have their own school and have worse education. Therefore, This would prevent the competition with our white children.",premise0,NFS,,,CFS,1.0,0.0,0.0,1.0,,,,HS
13592619_1,100,"I would like to say and I can proudly say that there are no jews in Iceland , those that tried to get here were all sent back to Germany ...",The jews that tried to get here were all sent back to Germany.,,,I would like to say and I can proudly say that there are no jews in Iceland.,"The jews that tried to get here were all sent back to Germany. Therefore, I would like to say and I can proudly say that there are no jews in Iceland.",conclusion,CFS,,,CFS,0.0,0.0,0.0,1.0,,,,HS
14032559_1,101,ye i heard that one to. or ' we all came from Africa any way so why dose it matter ' ........ my answer ? ' we evolved to be better',We have evolved to be better.,,,"The country of origin matters, even if we all originally came from Africa.","We have evolved to be better. Therefore, The country of origin matters, even if we all originally came from Africa.",premise0,CFS,,,CFS,0.0,0.0,0.0,0.0,,,,HS
13615314_1,102,To be honest .. i dont think this Muslim killed him because he thought the swedish boy looked like a racist ... it was probably just an excuse .,i dont think this Muslim killed him because he thought the swedish boy looked like a racist.,,,It was probably just an excuse.,"i dont think this Muslim killed him because he thought the swedish boy looked like a racist. Therefore, It was probably just an excuse.",conclusion,CFS,,,NFS,0.0,0.0,0.0,0.0,,,,HS
13844126_1,103,I hate the word racist it makes people being called racist think that they are doing something wrong when they the immigrants coming here are doing something wrong,"The word ""racist"" makes people being called racist think they are doing something wrong.",Immigrants coming here are doing something wrong.,,Racists are not doing something wrong.,"The word ""racist"" makes people being called racist think they are doing something wrong. Immigrants coming here are doing something wrong. Therefore, Racists are not doing something wrong.",conclusion,CFS,CFS,,CFS,0.0,1.0,0.0,1.0,,,,HS
14031438_2,104,I wonder how they 'll paint them up plus the 1million or more illegals who are working in the service industry living in their bosses ' cupboards .,There are 1 million or more illegal immigrants working in the service industry.,These immigrants are living in their bosses' cupboards.,,"I am wondering how these immigrants will be ""painted"" in the future.","There are 1 million or more illegal immigrants working in the service industry. These immigrants are living in their bosses' cupboards. Therefore, I am wondering how these immigrants will be ""painted"" in the future.",premise0,CFS,CFS,,NFS,0.0,1.0,0.0,1.0,,,,HS
14040165_2,105,Disgusted that Birmingham has gone from the `` workshop of the world '' ( a city of a thousand trades ) to producing black scumbags like this .,"Birmingham was once known as the ""workshop of the world"" and a city of a thousand trades.",The city has now deteriorated and is producing black scumbags.,,I am really disgusted by what Birmingham has become.,"Birmingham was once known as the ""workshop of the world"" and a city of a thousand trades. The city has now deteriorated and is producing black scumbags. Therefore, I am really disgusted by what Birmingham has become.",premise1,CFS,CFS,,NFS,0.0,1.0,0.0,0.0,,,,HS
13385970_1,106,"http://news.bbc.co.uk/2/hi/africa/6217719.stm There you have it folks , Nigeria is acting like one big ghetto queen squeezing out more baby negroes for a bigger handout from the government .",Nigeria is acting like one big ghetto queen.,Nigeria is squeezing out more baby negroes.,,Nigeria wants a bigger handout from the government.,"Nigeria is acting like one big ghetto queen. Nigeria is squeezing out more baby negroes. Therefore, Nigeria wants a bigger handout from the government.",conclusion,CFS,CFS,,CFS,1.0,1.0,0.0,0.0,,,,HS
14677898_3,107,"Liberals will have you believe it is so they can blame Whitey but it 's all such a mixed hell hole , all that breeding with arabs ....",Liberals want to blame White people.,The breeding with Arabs is the cause of the problem.,,Liberals are trying to deceive people.,"Liberals want to blame White people. The breeding with Arabs is the cause of the problem. Therefore, Liberals are trying to deceive people.",premise1,CFS,CFS,,CFS,1.0,1.0,0.0,1.0,,,,HS
13591202_2,108,"Yes Muslims do breed like vermin , i believe that 's part of their intention to breed out other races in order to make themselves the majority .",Muslims breed like vermin.,,,Muslims want to breed out other races in order to become the majority.,"Muslims breed like vermin. Therefore, Muslims want to breed out other races in order to become the majority.",conclusion,CFS,,,CFS,1.0,0.0,0.0,1.0,,,,HS
13843813_1,109,Not good news at all but this happens in all European nations and is no doubt pushed by the likes of Jews like Summer Redstone and MTV !!,Jews of Summer Redstone and MTV put likes on media posts.,This happens in all European nations.,,News and media is pushed by Jews.,"Jews of Summer Redstone and MTV put likes on media posts. This happens in all European nations. Therefore, News and media is pushed by Jews.",conclusion,CFS,CFS,,CFS,0.0,0.0,0.0,1.0,,,,HS
13851926_1,110,"The red scum will never wake up , ignorant lefties fight for `` their class '' when their making a mockery of their culture and heritage . commie scum ..","Ignorant lefties fight for ""their class"".",Lefties are making a mockery of their culture and heritage.,,The red scum will never wake up.,"Ignorant lefties fight for ""their class"". Lefties are making a mockery of their culture and heritage. Therefore, The red scum will never wake up.",premise0,CFS,CFS,,CFS,1.0,1.0,0.0,1.0,,,,HS
30553883_1,111,"This is becoming a sickening trend , even in countries like mine where there are not many Negroes they do this and all because of the sickening media brainwashing .",The sickening media brainwashes the negroes.,This is present even in countries where there are not many Negroes.,,This is becoming a sickening trend in society.,"The sickening media brainwashes the negroes. This is present even in countries where there are not many Negroes. Therefore, This is becoming a sickening trend in society.",premise0,CFS,CFS,,CFS,1.0,1.0,0.0,0.0,,,,HS
14060188_1,112,"Legitimate refugees should be treated differently, especially if they are legitimate from a war conflict , as opposed to the fake black and brown refugees that are flooding the country now .",Black and brown refugees that are flooding the country now are fake.,,,Legitimate refugees from a war conflict should be treated differently from black and brown refugees.,"Black and brown refugees that are flooding the country now are fake. Therefore, Legitimate refugees from a war conflict should be treated differently from black and brown refugees.",conclusion,CFS,,,CFS,1.0,0.0,0.0,1.0,,,,HS
14024252_1,113,Seeing the teams of white nations have black players in their ranks is a depressing site to see.They should be representing the best of our nations not the worst,The teams should represent the best of our nations.,,,Seeing the teams of white nations have black players in their ranks is a depressing sight.,"The teams should represent the best of our nations. Therefore, Seeing the teams of white nations have black players in their ranks is a depressing sight.",conclusion,CFS,,,CFS,0.0,0.0,0.0,1.0,,,,HS
13641495_1,114,"My wife 's favorite place in Ireland is in the Kingdom , Cloghane Village , and O' Connor 's pub. I hope that place has n't been invaded .","My wife 's favorite place in Ireland is in the Kingdom , Cloghane Village , and O' Connor 's pub.",,,I hope that O'Connor's pub in Cloghane Village has not been invaded.,"My wife 's favorite place in Ireland is in the Kingdom , Cloghane Village , and O' Connor 's pub. Therefore, I hope that O'Connor's pub in Cloghane Village has not been invaded.",conclusion,UFS,,,NFS,0.0,0.0,0.0,1.0,,,,HS
13844825_1,115,"They do it because they know it pisses the whites off , by showing disrespect as such for other people shows they have no respect for themselves .",They show disrespect to other people because they know it pisses the whites off.,,,They have no respect for themselves.,"They show disrespect to other people because they know it pisses the whites off. Therefore, They have no respect for themselves.",premise0,CFS,,,CFS,1.0,0.0,0.0,0.0,,,,HS
30560311_1,116,Honestly if they ever fired them I 'd expect they 'd do more damage to themselves since the average negro lacks the intellect for basic firearms training .,Average negro lacks the intellect for basic firearms training.,,,If they ever fired them I'd expect they'd do more damage to themselves.,"Average negro lacks the intellect for basic firearms training. Therefore, If they ever fired them I'd expect they'd do more damage to themselves.",premise0,CFS,,,NFS,1.0,0.0,0.0,1.0,,,,HS
12905789_1,117,"I think it 's time for some old west justice ... like takin ' these two sombitches out and ..... well , I think you get my point .....",It's time for some old west justice.,,,These two sombitches need to be taken out.,"It's time for some old west justice. Therefore, These two sombitches need to be taken out.",premise0,NFS,,,NFS,1.0,0.0,0.0,1.0,,,,HS
12854968_2,118,My wife had to spend time at the UP Hospital in Philadelphia - thank God I was licensed to carry in Pa. Downtown Philadelphia is becoming a cesspool .,My wife had to spend time at the UP Hospital in Philadelphia.,thank God I was licensed to carry in Pa. Downtown.,,Downtown Philadelphia is becoming a cesspool.,"My wife had to spend time at the UP Hospital in Philadelphia. thank God I was licensed to carry in Pa. Downtown. Therefore, Downtown Philadelphia is becoming a cesspool.",conclusion,UFS,UFS,,CFS,0.0,0.0,0.0,1.0,,,,HS
13941117_2,119,I feel like I should pull out my passport when I want into walmart with all the * * * * ing pakis and * * * * in there,Walmart is full of * * * * ing pakis and * * * * in there .,,,I should pull out my passport when I want into walmart.,"Walmart is full of * * * * ing pakis and * * * * in there . Therefore, I should pull out my passport when I want into walmart.",premise0,CFS,,,NFS,1.0,0.0,0.0,0.0,,,,HS
30392062_1,120,White kids need to interact with kneegrows and other non white kids or they 'll be lost in the real come the time they leave home ...,White kids need to interact with kneegrows and other non white kids.,,,"If they don't, they will be lost in the real world.","White kids need to interact with kneegrows and other non white kids. Therefore, If they don't, they will be lost in the real world.",premise0,CFS,,,NFS,1.0,0.0,0.0,0.0,,,,HS
13860974_1,121,I didnt know that bar was owned by a negro i will make sure i will never set foot in their again i was in their once !!!,I was unaware that the bar was owned by a person of color.,,,I will never go to the bar again.,"I was unaware that the bar was owned by a person of color. Therefore, I will never go to the bar again.",conclusion,UFS,,,NFS,0.0,0.0,0.0,1.0,,,,HS
13506182_1,122,Because the communist party was almost all jew out to kill any gentile that stood in their way or had property that the jew - communist wanted .,The communist party was mostly composed of Jews.,The communist party wanted to take the property of non-Jewish people.,,"To do this, they wanted to kill any non-Jewish person who stood in their way or had property that they desired.","The communist party was mostly composed of Jews. The communist party wanted to take the property of non-Jewish people. Therefore, To do this, they wanted to kill any non-Jewish person who stood in their way or had property that they desired.",premise1,CFS,CFS,,CFS,0.0,1.0,0.0,1.0,,,,HS
14023149_1,123,Yeah they are buying a lot of houses around my area to probz so they can house there massive inbred family when they come over to the UK .,A lot of houses are being bought in my area.,,,In these houses a large inbred family coming to the UK can be housed.,"A lot of houses are being bought in my area. Therefore, In these houses a large inbred family coming to the UK can be housed.",conclusion,CFS,,,UFS,0.0,0.0,0.0,1.0,,,,HS
14034178_1,124,"All of the security guards i see are white but maybe , just maybe , i 'm blessed because no doubt these negro security guards abuse their power .",All of the security guards I see are white.,Negro security guards abuse their power.,,I am blessed.,"All of the security guards I see are white. Negro security guards abuse their power. Therefore, I am blessed.",premise1,CFS,CFS,,NFS,0.0,1.0,0.0,0.0,,,,HS
13288491_1,125,Yes the negroes have been busy the last few weeks but we have to expect it because nothing is being done to them when a crime is committed,Nothing is being done to negroes when a crime is committed.,,,It is expectable that negroes have been busy the last few weeks.,"Nothing is being done to negroes when a crime is committed. Therefore, It is expectable that negroes have been busy the last few weeks.",premise0,CFS,,,UFS,1.0,0.0,0.0,1.0,,,,HS
30486700_1,126,There is no good in reasoning a bitch that is hungry for a dick.Forget her and let her perish in shame after negroid kicks her after a few tries .,A bitch that is hungry for a dick is not worth reasoning with.,Negroid men will eventually kick her after a few tries.,,It is better to forget her and let her perish in shame.,"A bitch that is hungry for a dick is not worth reasoning with. Negroid men will eventually kick her after a few tries. Therefore, It is better to forget her and let her perish in shame.",premise0,NFS,CFS,,NFS,1.0,1.0,0.0,1.0,,,,HS
14039567_1,127,"Yeah London has gone to hell , when all the remaining whites are gone it will become a zombie town of crumbling buildings , dealers and junkies .",The remaining whites are leaving London.,London has gone to hell.,,"London will become a zombie town of crumbling buildings, dealers, and junkies.","The remaining whites are leaving London. London has gone to hell. Therefore, London will become a zombie town of crumbling buildings, dealers, and junkies.",conclusion,CFS,CFS,,CFS,0.0,0.0,0.0,1.0,,,,HS
14039939_1,128,i would move to surrey just outside Kingston upon Thames ok Kingston is infested but outer areas are not too bad inner London is just a joke,Kingston upon Thames is infested by immigrants.,"Surrey, just outside Kingston upon Thames, is a better option than living in inner London.",,"I would move to Surrey, just outside Kingston upon Thames,.","Kingston upon Thames is infested by immigrants. Surrey, just outside Kingston upon Thames, is a better option than living in inner London. Therefore, I would move to Surrey, just outside Kingston upon Thames,.",premise0,CFS,CFS,,NFS,1.0,0.0,0.0,0.0,,,,HS
31752057_3,129,And second of all whites are smarter than asians and if you ever look at bodybuilding contests you will see only whites maybe one or 2 blacks .,Bodybuilding contests only have whites and maybe one or two blacks.,,,Whites are smarter and stronger than asians and blacks.,"Bodybuilding contests only have whites and maybe one or two blacks. Therefore, Whites are smarter and stronger than asians and blacks.",conclusion,CFS,,,CFS,0.0,0.0,0.0,1.0,,,,HS
30411170_1,130,"Strange how the Swedes were once the most peaceful people in the world , then the Jews make them into liberals who wanted to genocide them selves .",The Swedes were once known as the most peaceful people in the world.,The Jews influenced the Swedes to become more liberal.,,The Swedes' wanted to commit genocide against themselves.,"The Swedes were once known as the most peaceful people in the world. The Jews influenced the Swedes to become more liberal. Therefore, The Swedes' wanted to commit genocide against themselves.",conclusion,CFS,CFS,,CFS,0.0,0.0,0.0,1.0,,,,HS
13060194_2,131,We need to make sure every white child and adult is fed before we worry about helpless people who have to eat cow crap in order to survive .,We need to prioritize every white child and adult is fed.,,,We don't need to worry about helpless people who have to eat cow crap in order to survive .,"We need to prioritize every white child and adult is fed. Therefore, We don't need to worry about helpless people who have to eat cow crap in order to survive .",conclusion,NFS,,,CFS,1.0,0.0,0.0,1.0,,,,HS
14062533_7,132,"Well Marco is a German patriot and musician who , in the sick minds of ZOG , committed the heinious crime of producing music for a local school .",Marco is a German patriot and musician.,Marco produced music for a local school.,,ZOG thinks Marco committed a heinous crime.,"Marco is a German patriot and musician. Marco produced music for a local school. Therefore, ZOG thinks Marco committed a heinous crime.",conclusion,UFS,UFS,,UFS,0.0,0.0,0.0,0.0,,,,HS
14078237_1,133,"If this stupid brown savages would stop slaughtering animals or worshipping them ( like they do in India ) , maybe they would n't be starving and so poor .",Stupid brown savages are slaughtering animals and worshipping them in India.,,,They are poor and starving.,"Stupid brown savages are slaughtering animals and worshipping them in India. Therefore, They are poor and starving.",conclusion,CFS,,,CFS,1.0,0.0,0.0,1.0,,,,HS
14670440_1,134,"When the wheel hits the road , it wo n't matter if you swing for yellow or black , just that you swing from the nearest overpass .",when you drive you have to swing.,,,The swing would hit either yellow or black people.,"when you drive you have to swing. Therefore, The swing would hit either yellow or black people.",conclusion,UFS,,,NFS,0.0,0.0,0.0,1.0,,,,HS
14039906_2,135,There have been times when I have walked past some nigerian or skinny and they will cough with hand at their side without care for those around them .,There have been times when I have walked past some Nigerian or skinny people.,They will cough with their hand at their side.,,They don't care for those around them .,"There have been times when I have walked past some Nigerian or skinny people. They will cough with their hand at their side. Therefore, They don't care for those around them .",conclusion,UFS,UFS,,NFS,0.0,0.0,0.0,1.0,,,,HS
13643462_1,136,Can i suggest some of the locals get up of their behinds and lets these traitors know that this anti-white festival is not welcome in their town 828,There is an anti-white festival in town.,The festival is not welcomed.,,The locals should take action against the anti-white festival in their town.,"There is an anti-white festival in town. The festival is not welcomed. Therefore, The locals should take action against the anti-white festival in their town.",conclusion,UFS,UFS,,NFS,0.0,0.0,0.0,1.0,,,,HS
30754294_1,137,you just say blacks hate the cold. the only reason they are good athletes is because when you have to run lions and tigers you get fast or eaten .,Blacks have to run from lions and tigers.,,,Black people are good athletes.,"Blacks have to run from lions and tigers. Therefore, Black people are good athletes.",premise0,UFS,,,CFS,1.0,0.0,0.0,0.0,,,,HS
14030456_1,138,We'll never give up ... The jews can keep trying opening our borders and sending their third world minions after the European people but WE WILL NEVER CAPITULATE ...,The Jews are sending their third world minions after the European people.,,,"We will never give up, and we will never surrender to the Jews.","The Jews are sending their third world minions after the European people. Therefore, We will never give up, and we will never surrender to the Jews.",premise0,CFS,,,NFS,1.0,0.0,0.0,1.0,,,,HS
14302798_1,139,Call the jackass and tell him about hundreds of thousands of foreign nationals who have invaded our country and laid seige to our cities on May 1 .,Foreign nationals have invaded our country.,,,We should call the jackass and inform him about the situation.,"Foreign nationals have invaded our country. Therefore, We should call the jackass and inform him about the situation.",premise0,CFS,,,NFS,1.0,0.0,0.0,0.0,,,,HS
30618051_1,140,"If you want to see what having a black , kenyan White-hating muslime in the Whitehouse has created , go look at Tarantino 's latest flick Django Unchained .","Having a black, Kenyan White-hating muslime in the Whitehouse has created something bad.",,,The result can be seen in Tarantino's latest flick Django Unchained.,"Having a black, Kenyan White-hating muslime in the Whitehouse has created something bad. Therefore, The result can be seen in Tarantino's latest flick Django Unchained.",premise0,CFS,,,UFS,1.0,0.0,0.0,0.0,,,,HS
13477847_1,141,"A federal judge in New York closed a filthy jew kosher slaughterhouse Tuesday , saying the plant 's dirty birds posed a health risk to the community .",The dirty birds in a filthy jew kosher slaughterhouse posed a health risk to the community.,,,A federal judge in New York closed a filthy jew kosher slaughterhouse Tuesday.,"The dirty birds in a filthy jew kosher slaughterhouse posed a health risk to the community. Therefore, A federal judge in New York closed a filthy jew kosher slaughterhouse Tuesday.",premise0,CFS,,,CFS,1.0,0.0,0.0,1.0,,,,HS
12834493_1,142,"She may or may not be a Jew but she seems to think the Blacks wo n't kill her alongside every other White they can get their dirty hands on , what a muppet !",she seems to think the Blacks wo n't kill her alongside every other White they can get their dirty hands on.,,,She may or may not be a Jew.,"she seems to think the Blacks wo n't kill her alongside every other White they can get their dirty hands on. Therefore, She may or may not be a Jew.",premise0,CFS,,,UFS,1.0,0.0,0.0,0.0,,,,HS
13855831_1,143,another coon giving out about Ireland and as if her opinion counts being second generation London jamican only means her mother was an immigrant who waited till she got off the boat to give birth,A person that is second generation London Jamaican is giving out about Ireland.,This means that her mother was an immigrant who waited till she got off the boat to give birth.,,Her opinion does not count.,"A person that is second generation London Jamaican is giving out about Ireland. This means that her mother was an immigrant who waited till she got off the boat to give birth. Therefore, Her opinion does not count.",premise1,NFS,CFS,,NFS,0.0,0.0,0.0,1.0,,,,HS
31766409_1,144,HIV will do its job. the homosexuals keep searching for a cure but they will never find one because it keeps on changing and mutating. already 60 percent of them have AIDS and it continues to grow .,60% of homosexuals already have AIDS.,Homosexuals are searching for a cure for HIV.,HIV is constantly changing and mutating.,The fags (homosexuals) will never find a cure for HIV.,"60% of homosexuals already have AIDS. Homosexuals are searching for a cure for HIV. HIV is constantly changing and mutating. Therefore, The fags (homosexuals) will never find a cure for HIV.",conclusion,CFS,CFS,CFS,CFS,0.0,0.0,0.0,1.0,,,,HS
13269862_1,145,"As soon as i found out she was with child by a mulatto, I suddenly found her to be repulsive and shall never watch anything she is in again .",This woman has a child by a mulatto.,,,I suddenly found this woman to be repulsive and shall never watch anything she is in again.,"This woman has a child by a mulatto. Therefore, I suddenly found this woman to be repulsive and shall never watch anything she is in again.",conclusion,NFS,,,NFS,0.0,0.0,0.0,1.0,,,,HS
30742787_1,146,I'm not really surprised - now going to college with black people I can tell you they continue to behave in such a manner even in higher education .,I'm going to college with black people.,They continue to behave in a certain manner even in higher education.,,I am not surprised by the behavior of blacks in higher education.,"I'm going to college with black people. They continue to behave in a certain manner even in higher education. Therefore, I am not surprised by the behavior of blacks in higher education.",premise1,UFS,CFS,,CFS,0.0,0.0,0.0,1.0,,,,HS
31757189_1,147,There are many alternatives to adopting babies.There is srrogate mothers and invitro fertilization are just two.If these are not financialy possile then wait till it is .,There are many alternatives to adopting babies. Surrogate mothers and invitro fertilization are just two.,These solutions might not be financially possible.,,You should wait until these alternative solutions are financially possible rather than adopting mud babies.,"There are many alternatives to adopting babies. Surrogate mothers and invitro fertilization are just two. These solutions might not be financially possible. Therefore, You should wait until these alternative solutions are financially possible rather than adopting mud babies.",conclusion,CFS,UFS,,CFS,0.0,0.0,0.0,1.0,,,,HS
12848217_3,148,"I was basically a babysitter , and the apes went nuts , and frankly , I could not control them and had to press the panic button twice to get someone to help me.",The apes went nuts and I could not control them.,,,I had to press the panic button twice to get someone to help me.,"The apes went nuts and I could not control them. Therefore, I had to press the panic button twice to get someone to help me.",conclusion,CFS,,,NFS,1.0,0.0,0.0,0.0,,,,HS
13455369_4,150,"WE GOT MONEY AROUND HERE TOO Compton Crips Pt.1 - YouTube These black people are in the middle of the street , playing with their cheap lowriders .",Black people are in the middle of the street.,,They are playing with their cheap lowriders.,Black people actions are indicative of the Compton Crips gang's behavior.,"Black people are in the middle of the street.  They are playing with their cheap lowriders. Therefore, Black people actions are indicative of the Compton Crips gang's behavior.",conclusion,UFS,,UFS,CFS,0.0,0.0,0.0,1.0,,,,HS
14023352_1,151,put the kids in a ophanage and arrest the mother to a point of not having more biracial kids 8 kids have to suffer all their lives.,The mother has biracial kids.,The kids will suffer all their lives because of their mother.,,The mother should be arrested and the kids should be put in an orphanage.,"The mother has biracial kids. The kids will suffer all their lives because of their mother. Therefore, The mother should be arrested and the kids should be put in an orphanage.",conclusion,UFS,CFS,,CFS,0.0,0.0,0.0,1.0,,,,HS
14411178_1,152,Actually Monkeys and Apes are more noble creatures and rarely act violent it really is unfare to the Monkeys and Apes to be compared with black people who are by contrast very murderous .,Monkeys and Apes are noble creatures and they rarely act violently.,Black people are by contrast very murderous.,,It is unfair to compare Monkeys and Apes with black people.,"Monkeys and Apes are noble creatures and they rarely act violently. Black people are by contrast very murderous. Therefore, It is unfair to compare Monkeys and Apes with black people.",premise1,CFS,CFS,,NFS,0.0,1.0,0.0,0.0,,,,HS
14059957_1,153,"Notice how not one of these Hungarians gave one good source validating their claims , they just came here to complain and start name calling , just as liberals do .",Not one of these Hungarians gave one good source validating their claims.,Hungarians just came here to complain and start name calling.,Liberals also behave in the same manner.,Hungarians and liberals don't know how to give good arguments.,"Not one of these Hungarians gave one good source validating their claims. Hungarians just came here to complain and start name calling. Liberals also behave in the same manner. Therefore, Hungarians and liberals don't know how to give good arguments.",conclusion,UFS,CFS,CFS,NFS,0.0,0.0,0.0,1.0,,,,HS
13492128_1,154,"somebody``hcf''calledputin``ahero''!lololol!This``hero''finallytransformedformersovietjewnion in ``russian''judea!In this misery-torn country-are there-70 officially billionaries , tens f thousands millionaries , and tens of millions of poor and miserable.","In this misery-torn country, there are 70 officially billionaires, tens of thousands millionaires, and tens of millions of poor and miserable people.",,,Putin finally transformed former Soviet Union into Russian Judea.,"In this misery-torn country, there are 70 officially billionaires, tens of thousands millionaires, and tens of millions of poor and miserable people. Therefore, Putin finally transformed former Soviet Union into Russian Judea.",conclusion,CFS,,,CFS,0.0,0.0,0.0,1.0,,,,HS
14014876_1,155,One reason we moved out of our ( at one time 99 % white ) neighborhood was because massive numbers of Chinese moved in.,Our neighborhood was once 99% white.,Massive numbers of Chinese people moved into our neighborhood.,,We moved out of our neighborhood.,"Our neighborhood was once 99% white. Massive numbers of Chinese people moved into our neighborhood. Therefore, We moved out of our neighborhood.",conclusion,CFS,CFS,,UFS,0.0,0.0,0.0,0.0,,,,HS
14036151_1,156,"one is one too many , i bet all the white girls go crazy for the young black people , whichever school you are in.",White girls are attracted to young black people.,,,One person of a certain race is already too many.,"White girls are attracted to young black people. Therefore, One person of a certain race is already too many.",conclusion,CFS,,,NFS,0.0,0.0,0.0,1.0,,,,HS
30457422_1,157,"And then there 's Asiacourt , the once beautiful area of Scarborough ... ( and the last i checked ) was a garbage infested Chinease outpost .",Asiacourt used to be a beautiful area in Scarborough.,,,Asiacourt has become a garbage-infested Chinese outpost.,"Asiacourt used to be a beautiful area in Scarborough. Therefore, Asiacourt has become a garbage-infested Chinese outpost.",conclusion,CFS,,,CFS,0.0,0.0,0.0,1.0,,,,HS
14416527_4,158,Though I have had problems at one or two where there were black people elsewhere getting stale bread etc so will no go to any that have lotsof groids working in them .,I have had problems at one or two places where there were black people.,These places had stale bread and other issues.,,I will not go to any place that has a lot of groids working in them.,"I have had problems at one or two places where there were black people. These places had stale bread and other issues. Therefore, I will not go to any place that has a lot of groids working in them.",conclusion,UFS,UFS,,NFS,0.0,0.0,0.0,1.0,,,,HS
13456335_2,159,"It 's amazing how stupid liberals are , even after being nearly murdered for being white Mr. Begley is still loving black people.",Even after being nearly murdered for being white Mr. Begley is still loving black people.,,,Liberals are stupid.,"Even after being nearly murdered for being white Mr. Begley is still loving black people. Therefore, Liberals are stupid.",premise0,CFS,,,NFS,0.0,0.0,0.0,1.0,,,,HS
14031438_2,160,I wonder how they 'll paint them up plus the 1million or more illegals who are working in the service industry.,There are 1 million or more illegal immigrants working in the service industry.,,,"I am wondering how these immigrants will be ""painted"" in the future.","There are 1 million or more illegal immigrants working in the service industry. Therefore, I am wondering how these immigrants will be ""painted"" in the future.",premise0,CFS,,,NFS,0.0,0.0,0.0,1.0,,,,HS
13385970_1,161,"http://news.bbc.co.uk/2/hi/africa/6217719.stm There you have it folks , Nigeria is squeezing out more baby negroes for a bigger handout from the government .",Nigeria is squeezing out more babies.,,,Nigeria wants a bigger handout from the government.,"Nigeria is squeezing out more babies. Therefore, Nigeria wants a bigger handout from the government.",conclusion,CFS,,,CFS,0.0,0.0,0.0,0.0,,,,HS
12905789_1,162,"I think it 's time for some justice ... like takin ' these two sombitches out and ..... well , I think you get my point .....",It's time for some justice.,,,These two sombitches need to be taken out.,"It's time for some justice. Therefore, These two sombitches need to be taken out.",premise0,NFS,,,NFS,0.0,0.0,0.0,1.0,,,,HS
13477847_1,163,"A federal judge in New York closed a filthy jew kosher slaughterhouse Tuesday , saying the plant 's dirty birds posed a health risk to the community .",The dirty birds in a filthy jew kosher slaughterhouse posed a health risk to the community.,,,A federal judge in New York closed a kosher slaughterhouse Tuesday.,"The dirty birds in a filthy jew kosher slaughterhouse posed a health risk to the community. Therefore, A federal judge in New York closed a kosher slaughterhouse Tuesday.",premise0,CFS,,,CFS,1.0,0.0,0.0,0.0,,,,HS
13861385_1,164,"the white race will soon be on the brink of being a minority in a few years if nothing is done to stop these vile hordes invading our lands , I for one do not want to live in a city like Bradford or Birmingham where we are outnumbered 2 to 1 or worse",vile hordes are invading our lands.,the white race will soon be on the brink of being a minority in a few years.,,i do not want to live in a city like bradford or birmingham where we are outnumbered 2 to 1 or worse.,"vile hordes are invading our lands. the white race will soon be on the brink of being a minority in a few years. Therefore, i do not want to live in a city like bradford or birmingham where we are outnumbered 2 to 1 or worse.",conclusion,CFS,CFS,,NFS,1.0,1.0,0.0,1.0,,,,HS
14025960_2,165,"What I do know is that I live on a small Island and it seems that a lot of people from various countries in the world are willing to desert their homelands and their families just to come here , in my mind that tells me a lot about said people and their home countries , most of all it highlights their weaknesses of how their own countries have let them down and how they feel the need to feed off somebody elses country , how should we English interpret this without sounding rude ??? , locust ??? , parasite ??? , you tell me .",people from various countries are willing to desert their homelands and families to come to a small island.,this highlights the weaknesses of their own countries and how they feel the need to feed off somebody else's country.,,people from other countries are locusts or parasites.,"people from various countries are willing to desert their homelands and families to come to a small island. this highlights the weaknesses of their own countries and how they feel the need to feed off somebody else's country. Therefore, people from other countries are locusts or parasites.",conclusion,CFS,CFS,,CFS,1.0,1.0,0.0,1.0,,,,HS
14028870_1,166,"These areas that you name are the preserve of the rich , you wont find a single white working class person living there.We might look down on blacks and pakis as scum and not want them living near us but the upper class feel exactly the same about us",we might look down on blacks and pakis as scum and not want them living near us.,"these areas that you name are the preserve of the rich, you wont find a single white working class person living there.",,upper class people feel the same way about white working class people as we do about blacks and pakis.,"we might look down on blacks and pakis as scum and not want them living near us. these areas that you name are the preserve of the rich, you wont find a single white working class person living there. Therefore, upper class people feel the same way about white working class people as we do about blacks and pakis.",conclusion,NFS,CFS,,CFS,0.0,1.0,0.0,1.0,,,,HS
14029067_1,167,"sounds just like leicester mate ... still what about our porr comrades that live in brighton , when there look out there window , there see the sight of 50 thousand queers there all strtting there * * * * on the street",leicester has a large queer population.,brighton has a large queer population.,,"there are 50 thousand queers in brighton, all standing on the street.","leicester has a large queer population. brighton has a large queer population. Therefore, there are 50 thousand queers in brighton, all standing on the street.",conclusion,CFS,CFS,,UFS,1.0,1.0,0.0,1.0,,,,HS
14040288_1,168,Sort of a back handed compliment that the anti-Whites are so keen to come on here and tell us that all is lost - in their heart of hearts even they must know that what they have constructed is only temporary and all will be ripped down some day .,anti-whites are keen to come on here and tell us that all is lost.,what they have constructed is only temporary.,,all that the anti-whites have constructed will be ripped down some day.,"anti-whites are keen to come on here and tell us that all is lost. what they have constructed is only temporary. Therefore, all that the anti-whites have constructed will be ripped down some day.",conclusion,CFS,CFS,,CFS,1.0,0.0,0.0,1.0,,,,HS
14073953_1,169,I am not Ukrainian but the Ukraine nationalists and right wing should understand that our white race in all nations in Europe North America Australia and South Africa along with any other white nations should support each other and join together against the Marxist multiculturistic agenda that 's invading every white nation and start to over through the powers to be that is responsible for this genocide and start considering deportation of non whites in white nations !,ukraine nationalists and right wing should understand that our white race in all nations in europe north america australia and south africa along with any other white nations should support each other and join together.,marxist multiculturistic agenda is invading every white nation.,powers to be are responsible for this genocide.,white nations should consider deportation of non-whites in order to overthrow the powers to be and stop the marxist multiculturistic agenda.,"ukraine nationalists and right wing should understand that our white race in all nations in europe north america australia and south africa along with any other white nations should support each other and join together. marxist multiculturistic agenda is invading every white nation. powers to be are responsible for this genocide. Therefore, white nations should consider deportation of non-whites in order to overthrow the powers to be and stop the marxist multiculturistic agenda.",conclusion,NFS,CFS,CFS,CFS,1.0,1.0,0.0,1.0,,,,HS
14279550_3,170,"Living in a boarder state , Texas , the problems of illegal aliens is , naturally , a stark reality , and let me add that the only solution that I see is the implimentation of U.S. Troops as guards on the Mexican boarder .","living in a border state, texas, the problems of illegal aliens is a stark reality.",,,the only solution to the problem of illegal aliens is the implementation of u.s. troops as guards on the mexican border.,"living in a border state, texas, the problems of illegal aliens is a stark reality. Therefore, the only solution to the problem of illegal aliens is the implementation of u.s. troops as guards on the mexican border.",conclusion,CFS,,,CFS,1.0,0.0,0.0,0.0,,,,HS
14678603_1,171,I am White and I believe all White people know the difference between right and wrong no matter what they say about their political positions.We are facing genocide as a people and the infighting is just loved by non Whites .,non-whites love the infighting among white people.,white people know the difference between right and wrong.,,white people are facing genocide.,"non-whites love the infighting among white people. white people know the difference between right and wrong. Therefore, white people are facing genocide.",conclusion,CFS,CFS,,CFS,1.0,0.0,0.0,1.0,,,,HS
30407919_4,172,"Also some of us on here , like myself , do not believe in the genocide of another race which is what abortion is doing to the Black race as 92 % of abortion clinics are in Black communities , we just do n't believe in race mixing .",abortion is leading to the genocide of the black race.,92% of abortion clinics are in black communities.,,we do not believe in race mixing.,"abortion is leading to the genocide of the black race. 92% of abortion clinics are in black communities. Therefore, we do not believe in race mixing.",premise0,CFS,CFS,,NFS,0.0,0.0,0.0,1.0,,,,HS
30466478_1,173,"I am sure California is full of sick self hating whites , who think that for the good of all the black brown and yellow peoples of the world , whites need to commit racial suicide and disappear from their face of the earth for their sake and wo n't that be just dandy !",california is full of sick self-hating whites.,"for the good of all the black, brown, and yellow peoples of the world, whites need to commit racial suicide and disappear from their face of the earth.  .",,"this would be beneficial for the black, brown, and yellow peoples of the world.","california is full of sick self-hating whites. for the good of all the black, brown, and yellow peoples of the world, whites need to commit racial suicide and disappear from their face of the earth.  . Therefore, this would be beneficial for the black, brown, and yellow peoples of the world.",premise1,CFS,NFS,,NFS,0.0,1.0,0.0,1.0,,,,HS
30632767_1,174,"If ra-heem had a gat wit 17 bumps and jose ' dised him in front of OG peeps and he capped dat bitch twice den double tapp hector jus cause he be dere , monique pregnant , say ra-heem baby daddy , how much welfare they get ? multiply food stamps X project housing add free utilities , stolen cars and drugs sold to find out why they are still poor",ra-heem had a gun with 17 bumps and jose disrespected him in front of og people.,ra-heem then capped jose twice and double tapped hector just because he was there.,monique is pregnant and says ra-heem is the baby daddy.,"ra-heem and monique are still poor despite getting welfare, food stamps, project housing, free utilities, stolen cars and drugs sold, because they are engaging in criminal activities.","ra-heem had a gun with 17 bumps and jose disrespected him in front of og people. ra-heem then capped jose twice and double tapped hector just because he was there. monique is pregnant and says ra-heem is the baby daddy. Therefore, ra-heem and monique are still poor despite getting welfare, food stamps, project housing, free utilities, stolen cars and drugs sold, because they are engaging in criminal activities.",conclusion,UFS,UFS,UFS,CFS,1.0,1.0,0.0,1.0,,,,HS
31759324_1,175,I know how you feel BreakTheSilence luckily this is your last year in school and it is almost over otherwise I would say you should look into independent study where you do not have to put up with all the filth that is in the public education system .,this is the last year in school for the target of hate.,the public education system is full of filth.,,the target of hate should look into independent study.,"this is the last year in school for the target of hate. the public education system is full of filth. Therefore, the target of hate should look into independent study.",premise1,UFS,CFS,,NFS,0.0,1.0,0.0,1.0,,,,HS
31765374_1,176,i live up the block from a muslim mask. every friday they rule the streets. they think that they can walk anywhere they want and if your are white they give you a look just klike when you pass through a black neighborhood. they are the same as them nigs,muslims rule the streets every friday.,they think they can walk anywhere they want.,they give white people a look when they pass through a black neighborhood.,"muslims are the same as ""nigs"" (a derogatory term for african americans).","muslims rule the streets every friday. they think they can walk anywhere they want. they give white people a look when they pass through a black neighborhood. Therefore, muslims are the same as ""nigs"" (a derogatory term for african americans).",premise0,CFS,UFS,UFS,NFS,0.0,1.0,0.0,0.0,,,,HS
31785659_1,177,"its simple , your white. your genetic code doesnt include a racial commitment to crime. be glad and for for those reasons. this is what society has turned into. take a stand and defend your race. we must secure the existence of our people and a future for white children.-david lane white racial loyalty starts here keep it white",,we must take a stand and defend our race.,,we must secure the existence of our people and a future for white children and keep it white.,"we must take a stand and defend our race. Therefore, we must secure the existence of our people and a future for white children and keep it white.",conclusion,,NFS,,NFS,0.0,1.0,0.0,1.0,,,,HS
12842670_1,178,"I watch fights on gay parade in budapest together with my friends from hungary , we were together on vacation in one croatian island , it was great to watch how hungarian nationalists were smashing gay parade btw I have some hungarian blood , my grandmother was hungarian Kitartas !",i watch fights on gay parade in budapest together with my friends from hungary.,we were together on vacation in one croatian island.,it was great to watch how hungarian nationalists were smashing gay parade.,it is clear that hungarian nationalists have a strong hatred towards the lgbt community.,"i watch fights on gay parade in budapest together with my friends from hungary. we were together on vacation in one croatian island. it was great to watch how hungarian nationalists were smashing gay parade. i have some hungarian blood, my grandmother was hungarian. . Therefore, it is clear that hungarian nationalists have a strong hatred towards the lgbt community.",conclusion,UFS,UFS,UFS,CFS,0.0,0.0,1.0,1.0,,,,HS
12848217_9,179,"Went outside for recess , and noticed two niglet boys being hostile and ready to rumble , and I figured right that they jumped on each other after returning to class , grabbing Niglet Number One , hauling him outside and pressed that panic button again .",two niglet boys were being hostile and ready to rumble.,they jumped on each other after returning to class.,someone grabbed niglet number one and hauled him outside.,the two niglet boys were the target of hate and violence.,"two niglet boys were being hostile and ready to rumble. they jumped on each other after returning to class. someone grabbed niglet number one and hauled him outside. the panic button was pressed again. Therefore, the two niglet boys were the target of hate and violence.",premise0,UFS,UFS,UFS,UFS,0.0,0.0,0.0,1.0,,,,HS
13299159_1,180,"Perhaps I should walk back into my H.S. when it starts Monday and get on the P.A. system and say I want to tie all * * * * * * s to the back of my car and drag them across the ground till they die , and then say I 'm joking .",i want to express my hatred towards a certain group of people.,i want to do something extreme to show my hatred.,,i should make a joke about tying them to the back of my car and dragging them across the ground till they die.,"i want to express my hatred towards a certain group of people. i want to do something extreme to show my hatred. Therefore, i should make a joke about tying them to the back of my car and dragging them across the ground till they die.",conclusion,NFS,NFS,,NFS,1.0,1.0,0.0,1.0,,,,HS
13467182_1,181,"When I was last time in South Africa , we went to Sun City and saw little black monkey children swimming , funniest thing was watching drying water off their faces , it looks exactly like baboon or something , way they do it , whites have certain mannerisms with doing things , they have completely ape-like ones .","when i was last time in south africa, we went to sun city and saw little black monkey children swimming. .","funniest thing was watching drying water off their faces, it looks exactly like baboon or something. .","whites have certain mannerisms with doing things, they have completely ape-like ones. .","the black monkey children are being compared to apes, implying that they are inferior to whites.","when i was last time in south africa, we went to sun city and saw little black monkey children swimming. . funniest thing was watching drying water off their faces, it looks exactly like baboon or something. . whites have certain mannerisms with doing things, they have completely ape-like ones. . Therefore, the black monkey children are being compared to apes, implying that they are inferior to whites.",conclusion,UFS,UFS,CFS,CFS,1.0,1.0,1.0,1.0,,,,HS
13468636_1,182,"The jew media likes to prop this whites becoming the minority non sense up because they want to try and scare whitey , the media plays on the fears that the average retard thinks hispanic or latino is a race and they play word play with titles like white hispanic and white non hispanic it is all a magic show nothing more .. But Whites becoming a minority in Europe the homeland is a much more serious issue that concerns me greatly .",the jew media likes to prop this whites becoming the minority non sense up because they want to try and scare whitey.,the media plays on the fears that the average retard thinks hispanic or latino is a race and they play word play with titles like white hispanic and white non hispanic.,it is all a magic show nothing more.,"whites becoming a minority in europe, the homeland, is a much more serious issue that concerns me greatly.","the jew media likes to prop this whites becoming the minority non sense up because they want to try and scare whitey. the media plays on the fears that the average retard thinks hispanic or latino is a race and they play word play with titles like white hispanic and white non hispanic. it is all a magic show nothing more. Therefore, whites becoming a minority in europe, the homeland, is a much more serious issue that concerns me greatly.",conclusion,CFS,CFS,NFS,CFS,0.0,1.0,0.0,1.0,,,,HS
13468931_1,183,All i have to say is none of this crap that is happening in the world is going to change unless people on a large scale actually stand up and say no we have had enough and drag the scum in the streets and deal with them in a most violent way .,"people need to stand up and say ""no, we have had enough"".  .",people need to drag the scum in the streets.,people need to deal with them in a most violent way.,the world will not change unless people take these actions against the target of hate.,"people need to stand up and say ""no, we have had enough"".  . people need to drag the scum in the streets. people need to deal with them in a most violent way. Therefore, the world will not change unless people take these actions against the target of hate.",conclusion,NFS,NFS,NFS,NFS,0.0,1.0,1.0,1.0,,,,HS
13500353_1,184,Any purported `` holy book '' which says such vile & despicable things as the talmud says about Mary & Jesus cannot come from a place of goodness.Jews are so convinced of their superiority that they think they can trick God of their love & fidelity by pretending to honor him .,the talmud says vile and despicable things about mary and jesus.,jews think they can trick god of their love and fidelity by pretending to honor him.,,"jews are so convinced of their superiority that they think they can trick god of their love and fidelity by pretending to honor him, which is evidenced by the fact that any purported ""holy book"" which says such vile and despicable things about mary and jesus cannot come from a place of goodness.","the talmud says vile and despicable things about mary and jesus. jews think they can trick god of their love and fidelity by pretending to honor him. Therefore, jews are so convinced of their superiority that they think they can trick god of their love and fidelity by pretending to honor him, which is evidenced by the fact that any purported ""holy book"" which says such vile and despicable things about mary and jesus cannot come from a place of goodness.",conclusion,CFS,CFS,,CFS,0.0,1.0,0.0,1.0,,,,HS
13503506_1,185,thats good there they was cleaning the moscow the same way like the capital i with thay would clean here this banana republic ( Washington DC ) send all this blacks and welffare resipiance to the mexico or at list Detroid 2056,moscow is being cleaned in a certain way.,washington dc should send all its black people and welfare recipients to mexico or detroit.,,the author is expressing hate towards black people and welfare recipients.,"moscow is being cleaned in a certain way. washington dc should send all its black people and welfare recipients to mexico or detroit. Therefore, the author is expressing hate towards black people and welfare recipients.",conclusion,CFS,NFS,,NFS,0.0,1.0,0.0,0.0,,,,HS
13504803_9,186,"I had the luck ( ... ) to meet some africans in the past and I promise you that black are the worse cancer of the world , they 're ready to sell their own sister so you can imagine what will they do with our Countries ..",i had the luck to meet some africans in the past.,black people are ready to sell their own sister.,,black people are the worse cancer of the world and they are ready to do harm to our countries.,"i had the luck to meet some africans in the past. black people are ready to sell their own sister. Therefore, black people are the worse cancer of the world and they are ready to do harm to our countries.",conclusion,UFS,CFS,,CFS,0.0,1.0,0.0,1.0,,,,HS
13507183_1,187,"Couple Befriend Negroid , Negroid Tries To Burn Down Couples Home - NNN Reporters Newsroom Forum Moblie Couple Says Neighbor Tried to Set Their Apartment on Fire Reported by : Irika Sargent Last Update : 4/25 9 : 01 pm Moblie Couple Says Neighbor Tried to Set Their Apartment on Fire | Local15tv.com , Mobile & Pensacola News , Entertainment , Videos , Business Search and Shopping This is what happens when you make friends with spearchuckers .",couple befriend negroid.,negroid tries to burn down couples home.,,this is what happens when you make friends with spearchuckers ..,"couple befriend negroid. negroid tries to burn down couples home. Therefore, this is what happens when you make friends with spearchuckers ..",conclusion,NFS,CFS,,NFS,1.0,1.0,0.0,1.0,,,,HS
13849752_2,188,"Every action he 's taken reveals that he is completely unacceptable. as a citizen , in White societies All the blacks and browns can do is wreck and destroy - and that is all they have done , and do .",Every action he's taken reveals that he is completely unacceptable as a citizen in White societies.,All the blacks and browns can do is wreck and destroy.,,Blacks and browns are only capable of destruction.,"Every action he's taken reveals that he is completely unacceptable as a citizen in White societies. All the blacks and browns can do is wreck and destroy. Therefore, Blacks and browns are only capable of destruction.",conclusion,CFS,CFS,,CFS,1.0,1.0,0.0,1.0,,,,HS
13859132_1,189,Typical i suppose in the eyes of the law he is just another tourist beaten on sydneys streets oh yeah and we all know if it was a poor black fella bashed it would be on the news for weeks on end and mr whitey would be branded a big bad evil racist,"If it was a poor black fella bashed, it would be on the news for weeks on end.",Mr Whitey would be branded a big bad evil racist.,,The law is biased against poor black people.,"If it was a poor black fella bashed, it would be on the news for weeks on end. Mr Whitey would be branded a big bad evil racist. Therefore, The law is biased against poor black people.",conclusion,CFS,CFS,,CFS,1.0,1.0,0.0,1.0,,,,HS
13940778_1,190,"So sick of the way its working , I remember when I was growing up in Winnipeg the little shops were all white runned and owned and would hire people from the community and it was great it helped people and kept streets safe even though me and others would cause some bull * * * * it wasnt anything to how it is now .",Little shops were white runned and owned and would hire people from the community.,This helped people and kept streets safe.,Nowadays it is different.,"The current situation is worse than before, as it does not help people or keep streets safe.","Little shops were white runned and owned and would hire people from the community. This helped people and kept streets safe. Nowadays it is different. Therefore, The current situation is worse than before, as it does not help people or keep streets safe.",conclusion,CFS,CFS,CFS,CFS,0.0,0.0,0.0,0.0,,,,HS
14030596_1,191,Got to laugh at how he is saying about how forward thinking and how much egyptians love democracy when they are about to hand power to a bunch of hard line Islamic fundamentalists who are more backward and worse than the last mob you Could n't make it up,Egyptians are about to hand power to a bunch of hard line Islamic fundamentalists.,These Islamic fundamentalists are more backward and worse than the last mob.,,It is ridiculous that the Egyptians are talking about how forward thinking and how much they love democracy.,"Egyptians are about to hand power to a bunch of hard line Islamic fundamentalists. These Islamic fundamentalists are more backward and worse than the last mob. Therefore, It is ridiculous that the Egyptians are talking about how forward thinking and how much they love democracy.",premise1,CFS,CFS,,CFS,1.0,1.0,0.0,1.0,,,,HS
14032786_1,192,i sort of understand where you are coming from but plenty of whites have sold us down the river so to speak although the jew is always in the background its very complicated will we ever find out the truth. somalians = scumalians !,Plenty of whites have sold us down the river so to speak.,"""The Jew is always in the background.""",,Somalians = scumalians!,"Plenty of whites have sold us down the river so to speak. ""The Jew is always in the background."" Therefore, Somalians = scumalians!",premise1,CFS,CFS,,CFS,1.0,1.0,0.0,1.0,,,,HS
14034954_1,193,London nowadays is more dangerous for tourists than Zimbabwe Like the above poster says do n't go to London just go someplace else that is much better like Bath or Stratford Upon Avon ( Shakespeare Birthplace ) Londonistan is a craphole,London nowadays is more dangerous for tourists than Zimbabwe.,Do not go to London.,,"Go someplace else that is much better like Bath or Stratford Upon Avon (Shakespeare Birthplace) and avoid Londonistan, which is a craphole.","London nowadays is more dangerous for tourists than Zimbabwe. Do not go to London. Therefore, Go someplace else that is much better like Bath or Stratford Upon Avon (Shakespeare Birthplace) and avoid Londonistan, which is a craphole.",premise0,CFS,NFS,,NFS,1.0,0.0,0.0,1.0,,,,HS
14062684_1,194,"This is really not European news , but everybody should know that after years of Lebanese and other arabs intimmidating white women on Cronulla beach and after the cowardly attack on two white life-savers ( !! ) the Lebanese got theirs yesterday .",Lebanese and other Arabs have been intimidating white women on Cronulla beach.,Two white life-savers were cowardly attacked.,,The Lebanese got theirs yesterday.,"Lebanese and other Arabs have been intimidating white women on Cronulla beach. Two white life-savers were cowardly attacked. Therefore, The Lebanese got theirs yesterday.",premise0,CFS,UFS,,UFS,1.0,1.0,0.0,1.0,,,,HS
14287665_3,195,"BTW you are not wrong about Mildura , I went through there in mid 2000 and there was n't a non-White in sight but late last year when I went through there all I saw were islanders , indians , asians , and whatever other crap little johnnie could get dumped into the country .",In mid 2000 there were no non-White people in Mildura.,"Late last year there were islanders, Indians, Asians and other people from different countries in Mildura.",,Little Johnnie is dumping people from different countries into the country.,"In mid 2000 there were no non-White people in Mildura. Late last year there were islanders, Indians, Asians and other people from different countries in Mildura. Therefore, Little Johnnie is dumping people from different countries into the country.",conclusion,CFS,CFS,,CFS,0.0,0.0,0.0,0.0,,,,HS
14422949_1,196,"I always thought it was be fun to put on a minstrel show , a little entertainment showing things how they really are without black/jew/fag involvment . . if it ever gets put together i 'll be sure to tape and and pass it around for all to enjoy",It would be fun to put on a minstrel show.,The show should not involve black/Jewish/LGBTQ people.,,The show should be taped and passed around for all to enjoy.,"It would be fun to put on a minstrel show. The show should not involve black/Jewish/LGBTQ people. Therefore, The show should be taped and passed around for all to enjoy.",premise1,NFS,NFS,,NFS,0.0,0.0,0.0,0.0,,,,HS
14652747_2,197,Of course White race tend to be the smartest race and many of your nonwhites are either just too stupid to acknowledge that or just want to make use of your nonwhite stupidity to cause more misery to us who wish to seek the truth .,White race tend to be the smartest race.,Many nonwhites are either too stupid to acknowledge that or want to cause more misery to those who seek the truth.,,Nonwhites are the target of hate.,"White race tend to be the smartest race. Many nonwhites are either too stupid to acknowledge that or want to cause more misery to those who seek the truth. Therefore, Nonwhites are the target of hate.",premise0,CFS,CFS,,NFS,1.0,1.0,0.0,0.0,,,,HS
30444129_1,198,"I never really thought about it before but I guess bicycling is primarily a white activity , kind of like sunbathing , going swimming , playing golf , tennis , attending a social function without a brawl taking place , not smelling like a wild animal in the locker room after a hard workout , and speaking proper English .","Bicycling is primarily a white activity, like sunbathing, going swimming, playing golf, tennis, and attending a social function without a brawl taking place.",Non-white people smell like a wild animal in the locker room after a hard workout and do not speak proper English.,,Non-white people are not as civilized as white people.,"Bicycling is primarily a white activity, like sunbathing, going swimming, playing golf, tennis, and attending a social function without a brawl taking place. Non-white people smell like a wild animal in the locker room after a hard workout and do not speak proper English. Therefore, Non-white people are not as civilized as white people.",conclusion,CFS,CFS,,CFS,1.0,1.0,0.0,1.0,,,,HS
30585978_1,199,"seven billion `` Humans '' on the planet and with Open borders , H1-b visas , fake social security numbers , colleges hiring foreign nationals over White Legal Americans , and Obama 's Amnesty on line with an apathetic public , , , well , dye your skin black and unlearn your english and you might get a good job .",There are seven billion humans on the planet.,"There are open borders, H1-b visas, fake social security numbers, and colleges hiring foreign nationals over White Legal Americans.",Obama's Amnesty is on line with an apathetic public.,"To get a good job, one should dye their skin black and unlearn their English.","There are seven billion humans on the planet. There are open borders, H1-b visas, fake social security numbers, and colleges hiring foreign nationals over White Legal Americans. Obama's Amnesty is on line with an apathetic public. Therefore, To get a good job, one should dye their skin black and unlearn their English.",conclusion,CFS,CFS,CFS,CFS,0.0,1.0,0.0,1.0,,,,HS
31748709_1,200,"miscegination is a killer for all races. it destroys perfectly good DNA , even nonwhite DNA. we might need our diversity some day to save an entire species. it would be a shame if that DNA was destroyed becasue of some leftist ideal bullsnot","Miscegenation destroys perfectly good DNA, even nonwhite DNA.",We might need our diversity some day to save an entire species.,Leftist ideals are responsible for this destruction of DNA.,It would be a shame if nonwhite DNA was destroyed because of leftist ideals.,"Miscegenation destroys perfectly good DNA, even nonwhite DNA. We might need our diversity some day to save an entire species. Leftist ideals are responsible for this destruction of DNA. Therefore, It would be a shame if nonwhite DNA was destroyed because of leftist ideals.",conclusion,CFS,CFS,CFS,NFS,1.0,1.0,1.0,1.0,,,,HS
31755187_1,201,whats up I thought I might put my pic up here I 'm looking for some friends theres too many negroes around here some times I feel like there is' int any white guy left in the world. so message me and let me know there is stll some white brothers out their .,There are too many negroes around here.,Sometimes I feel like there isn't any white guy left in the world.,,Message me and let me know there is still some white brothers out there.,"There are too many negroes around here. Sometimes I feel like there isn't any white guy left in the world. Therefore, Message me and let me know there is still some white brothers out there.",premise0,NFS,NFS,,NFS,1.0,1.0,0.0,1.0,,,,HS
13862513_1,202,i am just down the road to you.welcome to the board.it breaks my heart every time i go to Galway city and see the amount of blacks there.the other week i was walking down shop street and there was a moslem standing in the street selling copies of the koran,"every time i go to galway city, i see a lot of black people. .",the other week i was walking down shop street and there was a muslim selling copies of the koran.,,i feel heartbroken because of the presence of people of color and muslims in galway city.,"every time i go to galway city, i see a lot of black people. . the other week i was walking down shop street and there was a muslim selling copies of the koran. Therefore, i feel heartbroken because of the presence of people of color and muslims in galway city.",conclusion,CFS,UFS,,NFS,0.0,0.0,0.0,1.0,,,,HS
13863162_1,203,i feel sorry for her if one of her daughters did die but the harsh reality is she has no connection to ireland and she must go.as a mother it is her job to protect her children in Nigeria.every Nigerian who has a problem cant come running over here,one of her daughters may have died.,she has no connection to ireland.,it is her job to protect her children in nigeria.,every nigerian who has a problem cannot come running over to ireland.,"one of her daughters may have died. she has no connection to ireland. it is her job to protect her children in nigeria. Therefore, every nigerian who has a problem cannot come running over to ireland.",conclusion,UFS,UFS,NFS,NFS,0.0,0.0,0.0,1.0,,,,HS
13866727_1,204,"ive seen some very beautiful white women and nothing sickens me more than to see them pull up at the mall , grocery store , or gas station and think damn shes beautiful then to see her open the back door and walk in with an oreo baby kinda makes you wish it was still 1940 here in alabama 16",i have seen some very beautiful white women.,"it sickens me to see them pull up at the mall, grocery store, or gas station.",,"it makes me wish it was still 1940 here in alabama, where interracial relationships were not accepted.","i have seen some very beautiful white women. it sickens me to see them pull up at the mall, grocery store, or gas station. Therefore, it makes me wish it was still 1940 here in alabama, where interracial relationships were not accepted.",conclusion,UFS,NFS,,CFS,0.0,0.0,0.0,1.0,,,,HS
14031868_2,205,"The chairman of the FA is one David Bernstein and , yes , he is a member of a certain tribe that delight in bringing diversity and the benefits of multi-culturalism and ' anti-racism ' , along with boatloads of third-worlders to Britain .",david bernstein is a member of a certain tribe.,this tribe delights in bringing diversity and the benefits of multi-culturalism and 'anti-racism' to britain.,,boatloads of third-worlders are being brought to britain.,"david bernstein is a member of a certain tribe. this tribe delights in bringing diversity and the benefits of multi-culturalism and 'anti-racism' to britain. Therefore, boatloads of third-worlders are being brought to britain.",conclusion,CFS,CFS,,CFS,0.0,0.0,0.0,1.0,,,,HS
14061449_1,206,"POLICE ARREST MOORE STREET , DUBLIN CITY CENTRE - 1 - YouTube http://www.youtube.com/watch ? v = LY-6O4ChVA8 Wait till the blacks riot and and attack cops i give a few years and they will be full scale black riots in Ireland .","police have arrested someone on moore street, dublin city centre.  .",there is a video on youtube about it.,,"in a few years, there will be full-scale black riots in ireland targeting the police.","police have arrested someone on moore street, dublin city centre.  . there is a video on youtube about it. Therefore, in a few years, there will be full-scale black riots in ireland targeting the police.",conclusion,CFS,UFS,,CFS,0.0,0.0,0.0,1.0,,,,HS
14106678_1,207,"DuetschGirlTX, No I live in a tiny ass town where i am only one of 100 white folks ( maybe less ) . near San Antonio. there are so many dirts around and they all stick together. so when it comes to a White Girl in this town i gotta have my own back ALWAYS Is that where you are ?",there are many people of different backgrounds living in the same town.,people of the same background tend to stick together.,,the white girl must always have her own back.,"there are many people of different backgrounds living in the same town. people of the same background tend to stick together. Therefore, the white girl must always have her own back.",conclusion,CFS,CFS,,NFS,0.0,0.0,0.0,1.0,,,,HS
14266657_1,208,what about it. that 's exactly what I said and I meant every word he thought I might and that was enough and with you two talking behind my back like some jew what do you expect me to say have a nice life .,he thought i might [say something],you two were talking behind my back like some [jew],,have a nice life [directed to the two people talking behind his back],"he thought i might [say something] you two were talking behind my back like some [jew] Therefore, have a nice life [directed to the two people talking behind his back]",premise1,NFS,UFS,,NFS,0.0,1.0,0.0,0.0,,,,HS
14667444_1,209,Those in the countries you mentioned are the mongrel offspring between whites ( Aryans ) and Arabs and its funny how those of the East who claim to be the Aryans talk about white people who came and mixed with them and the only Aryans apparently in the East are those with light skin and blue eyes .,those in the countries mentioned are the mongrel offspring between whites (aryans) and arabs.,it is funny how those of the east who claim to be the aryans talk about white people who came and mixed with them.,,"the only aryans apparently in the east are those with light skin and blue eyes, implying that those with darker skin and eyes are not considered to be aryans.","those in the countries mentioned are the mongrel offspring between whites (aryans) and arabs. it is funny how those of the east who claim to be the aryans talk about white people who came and mixed with them. Therefore, the only aryans apparently in the east are those with light skin and blue eyes, implying that those with darker skin and eyes are not considered to be aryans.",conclusion,UFS,CFS,,CFS,0.0,0.0,0.0,1.0,,,,HS
14667513_1,210,They preach diversity at their professor jobs and government jobs and it makes those White Liberal Neighborhoods and gated communities TOO white and in need of some `` Black flavor '' at home the joy of diversity right in their White daughter 's bedroom !,white liberal neighborhoods and gated communities are too white.,"there is a need for ""black flavor"" in these communities.  .",,the joy of diversity should be brought into white daughter's bedrooms.,"white liberal neighborhoods and gated communities are too white. there is a need for ""black flavor"" in these communities.  . Therefore, the joy of diversity should be brought into white daughter's bedrooms.",conclusion,CFS,CFS,,NFS,0.0,0.0,0.0,1.0,,,,HS
31723707_3,211,"There is only about 10 black kids in our school and 300 f' n spics. its my senior year and i really cant stand all this anymore. i know there are lots of others on this board that feel the same , but i need some support !",there are only 10 black kids in our school and 300 hispanic kids.,it is the senior year.,there are others who feel the same.,the speaker cannot stand the large number of hispanic people in the school and needs support.,"there are only 10 black kids in our school and 300 hispanic kids. it is the senior year. there are others who feel the same. Therefore, the speaker cannot stand the large number of hispanic people in the school and needs support.",conclusion,CFS,UFS,UFS,NFS,0.0,0.0,0.0,1.0,,,,HS
31760414_1,212,"Looking at your guys situation makes me realise how lucky I am that my high school is 100 % white however even in my remote countryside community there are more and more black 's moving into the area , and their kids .",my high school is 100% white.,there are more and more black people moving into the area.,,"i am lucky to have a white high school, and i don't want black people in my community.","my high school is 100% white. there are more and more black people moving into the area. Therefore, i am lucky to have a white high school, and i don't want black people in my community.",conclusion,CFS,CFS,,NFS,0.0,0.0,0.0,1.0,,,,HS
12866622_1,213,"If your house door was locked , but at midnight your neighbor opened the door for some muslims to come inside and take your stuff , rape your wife and beat you nearly to death ... would you still think your neighbor was a nice guy ?",your house door was locked.,your neighbor opened the door for some muslims to come inside.,"the muslims took your stuff, raped your wife and beat you nearly to death. .",you would not think your neighbor was a nice guy.,"your house door was locked. your neighbor opened the door for some muslims to come inside. the muslims took your stuff, raped your wife and beat you nearly to death. . Therefore, you would not think your neighbor was a nice guy.",premise2,UFS,UFS,UFS,UFS,0.0,0.0,1.0,0.0,,,,HS
13391410_1,214,they act as if negros with aids should have the right to reproduce when they will die off and have no way to take care of the kid I cant believe that they are doing this by the millions its crazy,they act as if negros with aids should have the right to reproduce.,they will die off and have no way to take care of the kid.,,"i can't believe that they are doing this by the millions, it's crazy.","they act as if negros with aids should have the right to reproduce. they will die off and have no way to take care of the kid. Therefore, i can't believe that they are doing this by the millions, it's crazy.",premise0,NFS,CFS,,NFS,1.0,0.0,0.0,0.0,,,,HS
13446781_3,215,When most whites today have so much white guilt laid upon them that they feel they have to act black or have sexual relations and children with blacks just to be accepted there is a problem with the white race memo .,whites today have white guilt laid upon them.,they feel they have to act black or have sexual relations and children with blacks.,,there is a problem with the white race.,"whites today have white guilt laid upon them. they feel they have to act black or have sexual relations and children with blacks. Therefore, there is a problem with the white race.",premise1,UFS,CFS,,NFS,0.0,1.0,0.0,0.0,,,,HS
13467138_1,216,"They should make all know about this book his friends as that they know like are the things , we need that all the whites know like they are the things and the Jewish threat and negroid on our race .",all of his friends should know about this book.,,,all whites should be aware of the jewish threat and the threat of the negroid race to our race.,"all of his friends should know about this book. Therefore, all whites should be aware of the jewish threat and the threat of the negroid race to our race.",conclusion,NFS,,,CFS,0.0,0.0,0.0,1.0,,,,HS
13480579_1,217,"just saw a hershey 's commercial on tv , ca n't find it on jewtube shows a White woman happily sharing candy with some mop headed groid male on an escalator guess I wo n't be buying that stuff ever again",i just saw a hershey's commercial on tv.,i can't find it on youtube.,it shows a white woman happily sharing candy with some mop headed groid male on an escalator.,i won't be buying that stuff ever again.,"i just saw a hershey's commercial on tv. i can't find it on youtube. it shows a white woman happily sharing candy with some mop headed groid male on an escalator. Therefore, i won't be buying that stuff ever again.",premise2,UFS,UFS,UFS,NFS,0.0,0.0,1.0,0.0,,,,HS
13484565_1,218,"i've felt anger when i 've read it on forum , but we have to do our part and speaking at loud voice this fact , because , for example , i 'm from europe and this fact is not pased on tv news or in the news paper ... knows your enemies is the first pass for vicory on them !",we have to do our part and speak out loud about the fact that hate is not being reported in the news or in the newspapers.,knowing our enemies is the first step to victory over them.,,we must take action to speak out against hate and to know our enemies in order to defeat them.,"we have to do our part and speak out loud about the fact that hate is not being reported in the news or in the newspapers. knowing our enemies is the first step to victory over them. Therefore, we must take action to speak out against hate and to know our enemies in order to defeat them.",conclusion,CFS,NFS,,NFS,0.0,0.0,0.0,1.0,,,,HS
13594099_1,219,hope one day i will be able to see finland withouth those * * * * ing monkey ass soumalian ... im glad .. because finland has lowest immigrate in europe ..... kick those * * * * ing soumalians ass .....,finland has the lowest immigration rate in europe.,there are soumalians in finland.,,kick the soumalians out of finland.,"finland has the lowest immigration rate in europe. there are soumalians in finland. Therefore, kick the soumalians out of finland.",conclusion,CFS,CFS,,NFS,0.0,0.0,0.0,1.0,,,,HS
13843470_1,220,"These are the latest statistics , Ethnic groups : Irish 87.4 % , other white 7.5 % , Asian 1.3 % , black 1.1 % , mixed 1.1 % , unspecified 1.6 % ( 2006 census ) , so even if that seven percent was all poles , if you add up all the mud races , it would be equivalent .","irish 87.4%, other white 7.5%, asian 1.3%, black 1.1%, mixed 1.1%, unspecified 1.6% (2006 census). .",even if that seven percent was all poles.,,"all the ""mud races"" (non-white ethnic groups) are equivalent in number to the poles.","irish 87.4%, other white 7.5%, asian 1.3%, black 1.1%, mixed 1.1%, unspecified 1.6% (2006 census). . even if that seven percent was all poles. Therefore, all the ""mud races"" (non-white ethnic groups) are equivalent in number to the poles.",conclusion,CFS,NFS,,CFS,0.0,0.0,0.0,1.0,,,,HS
13843768_1,221,and i bet not a single one was a dirty African.they will be well taken care of on welfare payments.just like the old days the Irish starve and have to go abroad to find work only this time parasitical foriegners stay here in nice new homes well fed watching big flat screen tellyspeople of Ireland WAKE UP !,african people are receiving welfare payments.,irish people have to go abroad to find work.,"foreigners are staying in nice new homes, well fed and watching big flat screen tvs.  .",people of ireland should wake up and take action against the foreigners who are taking advantage of the welfare system.,"african people are receiving welfare payments. irish people have to go abroad to find work. foreigners are staying in nice new homes, well fed and watching big flat screen tvs.  . Therefore, people of ireland should wake up and take action against the foreigners who are taking advantage of the welfare system.",conclusion,CFS,CFS,CFS,CFS,0.0,0.0,0.0,1.0,,,,HS
13862513_1,222,i am just down the road to you.welcome to the board.it breaks my heart every time i go to Galway city and see the amount of niggas there.the other week i was walking down shop street and there was a moslem standing in the street selling copies of the koran,"every time i go to galway city, i see a lot of niggas.",the other week i was walking down shop street and there was a muslim selling copies of the koran.,,i feel heartbroken because of the presence of people of color and muslims in galway city.,"every time i go to galway city, i see a lot of niggas. the other week i was walking down shop street and there was a muslim selling copies of the koran. Therefore, i feel heartbroken because of the presence of people of color and muslims in galway city.",conclusion,CFS,UFS,,NFS,1.0,0.0,0.0,1.0,,,,HS
14667513_1,223,They preach diversity at their professor jobs and government jobs and it makes those White Liberal Neighborhoods and gated communities TOO white and in need of some `` nigga flavor '' at home the joy of diversity right in their White daughter 's bedroom !,white liberal neighborhoods and gated communities are too white.,"there is a need for ""nigga flavor"" in these communities.  .",,the joy of diversity should be brought into white daughter's bedrooms.,"white liberal neighborhoods and gated communities are too white. there is a need for ""nigga flavor"" in these communities.  . Therefore, the joy of diversity should be brought into white daughter's bedrooms.",conclusion,CFS,CFS,,CFS,0.0,1.0,0.0,1.0,,,,HS
31723707_3,224,"There is only about 10 niggas in our school and 300 fucking spics. its my senior year and i really cant stand all this anymore. i know there are lots of others on this board that feel the same , but i need some support !",there are only 10 niggas in our school and 300 fucking hispanic kids.,it is the senior year.,there are others who feel the same.,the speaker cannot stand the large number of hispanic people in the school and needs support.,"there are only 10 niggas in our school and 300 fucking hispanic kids. it is the senior year. there are others who feel the same. Therefore, the speaker cannot stand the large number of hispanic people in the school and needs support.",conclusion,CFS,CFS,NFS,NFS,1.0,0.0,0.0,1.0,,,,HS
31760414_1,225,"Looking at your guys situation makes me realise how lucky I am that my high school is 100 % white however even in my remote countryside community there are more and more niggas moving into the area , and their kids .",my high school is 100% white.,there are more and more niggas moving into the area.,,"i am lucky to have a white high school, and i don't want black people in my community.","my high school is 100% white. there are more and more niggas moving into the area. Therefore, i am lucky to have a white high school, and i don't want black people in my community.",conclusion,CFS,CFS,,NFS,0.0,1.0,0.0,1.0,,,,HS
13480579_1,226,"just saw a hershey 's commercial on tv , ca n't find it on jewtube shows a White woman happily sharing candy with a jew on an escalator guess I wo n't be buying that stuff ever again",i just saw a hershey's commercial on tv.,i can't find it on youtube.,it shows a white woman happily sharing candy with a jew on an escalator.,i won't be buying that stuff ever again.,"i just saw a hershey's commercial on tv. i can't find it on youtube. it shows a white woman happily sharing candy with a jew on an escalator. Therefore, i won't be buying that stuff ever again.",premise2,UFS,UFS,UFS,NFS,0.0,0.0,0.0,0.0,,,,HS
13843470_1,227,"These are the latest statistics , Ethnic groups : Irish 87.4 % , other white 7.5 % , Asian 1.3 % , black 1.1 % , mixed 1.1 % , unspecified 1.6 % ( 2006 census ) , so even if that seven percent was all poles , if you add up all the non-white people , it would be equivalent .","irish 87.4%, other white 7.5%, asian 1.3%, black 1.1%, mixed 1.1%, unspecified 1.6% (2006 census). .",even if that seven percent was all poles.,,all the non-white ethnic groups are equivalent in number to the poles.,"irish 87.4%, other white 7.5%, asian 1.3%, black 1.1%, mixed 1.1%, unspecified 1.6% (2006 census). . even if that seven percent was all poles. Therefore, all the non-white ethnic groups are equivalent in number to the poles.",conclusion,CFS,NFS,,CFS,0.0,0.0,0.0,0.0,,,,HS
13850107_1,228,An Irish prison is like a luxury hotel where they come and thats even if they get sent to prison and thats if they get do n't flee the country and thats if they get caught doing the crime ... so crime does pay in Ireland .,An Irish prison is like a luxury hotel.,People don't flee the country if they get caught doing the crime.,,Crime pays in Ireland.,"An Irish prison is like a luxury hotel.People don't flee the country if they get caught doing the crime.Therefore, Crime pays in Ireland.",premise0,CFS,CFS,,CFS,0.0,0.0,0.0,0.0,,,,HS
14439474_1,229,I think that it is fair to say that the National Alliance is a secular organization that has taken a specific stance against multicultural Christianity for political reasons and has also had prominent members who have promoted non-Christian religions or spiritual paths .,the National Alliance is a secular organization that has taken a specific stance against multicultural Christianity for political reasons,it has also had prominent members who have promoted non-Christian religions or spiritual paths .,,I think that it is fair to say that ,,,CFS,CFS,,NFS,0,0,0,0,,,,Non-HS
12845755_1,230,It is hard to say what is going to happen however one way or the other I think Whites in South Africa should get out of the country and try to make it to a safer location such as Canada or Australia .,It is hard to say what is going to happen,one way or the other I think Whites in South Africa should get out of the country and try to make it to a safer location such as Canada or Australia ,,,,,NFS,CFS,,,0,0,0,0,,,1,Non-HS
30622623_1,231,"There is a full video out there some where and I 've been searching for it with out luck Published on May 1 , 2014 Disrespectful Vine Of The Week : `` Fxck Your Neighborhood '' Man 's Glasses Flew 50 Meters !",There is a full video out there some where and I 've been searching for it with out luck ,"The video was Published on May 1 , 2014 Disrespectful Vine Of The Week : `` Fxck Your Neighborhood '' Man 's Glasses Flew 50 Meters !",,,,,NFS,CFS,,,0,0,0,0,,,1,Non-HS
30428481_1,232,"hey remember the Japanese where on the Good side during WW2 on a light note , ya , I can be idolized and all my coworkers , we are all heroes ready to build the next rail gun cannons that will power WW3",hey remember the Japanese where on the Good side during WW2 on a light note,"I can be idolized and all my coworkers , we are all heroes ready to build the next rail gun cannons that will power WW3",,,,,CFS,UFS,,,0,0,0,0,,,1,Non-HS
31746301_1,233,i did a project on hitler for school and i read mein kampf and i got a lot of * * * * from the teachers and black kids but * * * * them im gonna read whut im gonna read wpww,i did a project on hitler for school and i read mein kampf and i got a lot of * * * * from the teachers and black kids,* * * * them im gonna read whut im gonna read wpww,,,,,UFS,NFS,,,0,0,,,,,1,Non-HS
14412547_1,234,I sent out a few more emails the other day and then last night handed out about 25 or so leaflets made up of David Duke 's talk on this and the Duke Lacrosse case that the St. Louis Volksfront donated me .,I sent out a few more emails the other day and then last night handed out about 25 or so leaflets,The leaflets were made up of David Duke's talk on this and the Duke Lacrosse case.,The St. Louis Volksfront donated the leaflets to me.,,,,UFS,UFS,UFS,,0,0,0,,,,1,Non-HS
31776644_1,235,i had a pair of levi 's that i wore whenever i did messy work .. they were my ' junk ' jeans. i usually wear anything that fits me. as for Docs i rarely wear them anymore. i wear sneakers now .,i had a pair of levi 's that i wore whenever i did messy work .. they were my ' junk ' jeans., i usually wear anything that fits me. ,as for Docs i rarely wear them anymore. I wear sneakers now.,,,,UFS,UFS,UFS,,0,0,0,,,,1,Non-HS
13855143_1,236,I do feel for the Croatian people and I have come across some of them on the internet and they seem to be a decent people and I have also came across the Serbs who seem to jump into bed with loyalists .,I do feel for the Croatian people and I have come across some of them on the internet and they seem to be a decent people,I have also came across the Serbs who seem to jump into bed with loyalists .,,,,,NFS,CFS,,,0,0,,,,,1,Non-HS
14675522_1,237,What does any of that have to do with racial preservation and the resistance to the deliberate and calculated extermination of the White race and the destruction of western civilization which 99 % of the members of this site are concerned with ?,99% members of this site are concerned with the preservation of the White race.,,,What does any of that have to do with racial preservation and the resistance to the deliberate and calculated extermination of the White race and the destruction of western civilization?,,,CFS,NFS,,,0,,,0,,,,Non-HS
30608551_1,238,"well, i have been working on something for self defense in one of those situations in which guns have been confiscated. essentially , training with sledgehammer and axe in a shtf moment going old school barbarian might be one 's only hope .",i have been working on something for self defense in one of those situations in which guns have been confiscated,training with sledgehammer and axe in a shtf moment going old school barbarian might be one 's only hope .,,,,,UFS,CFS,,,0,0,,,,,1,Non-HS
31708648_1,239,i have always wanted to be a cop and will become one its only the bad anti skinhead cops that piss me off.I think being a cop is one of the best WN jobs in the fact that your cleaning up the streets,I have always wanted to be a cop and will become one,your cleaning up the streets as a cop,its only the bad anti skinhead cops that piss me off,I think being a cop is one of the best WN jobs,,,UFS,CFS,NFS,CFS,0,0,0,0,,,,Non-HS
30773823_1,240,"that sounds like hippyism. im not leaving my children 's values up for grabs. as ive said before , if parents dont feel their children 's heads with good things then the pc patrol will definitely feel their heads with bad things .",if parents dont feel their children 's heads with good things then the pc patrol will definitely feel their heads with bad things .,that sounds like hippyism,, im not leaving my children 's values up for grabs,,,CFS,NFS,,NFS,0,0,,0,,,,Non-HS
30560340_1,241,"They do this with criminals who ought to be in jail , they put tracking bracelets on them and the smart ones cut them off before they rape and rob , the dumb ones do n't care and just leave them on .",Criminals who ought to be in jail are often given tracking bracelets.,Smart criminals will cut off their tracking bracelets before committing a crime.,Dumb criminals do not care about the tracking bracelets and leave them on.,,,,CFS,CFS,CFS,,0,0,0,,,,1,Non-HS
13862381_1,242,the younger limerick crowd say the gangs from moyross are in regular fights with the poles they go around in tens and when they meet all hell breaks lose its very like in east germany with the poles and working class irish .,The younger limerick crowd say the gangs from moyross are in regular fights with the poles.,The gangs from moyross and the poles go around in tens.,"When the gangs from moyross and the poles meet, all hell breaks loose",The situation is very similar to what happens in East Germany with the poles and working class Irish.,,,CFS,CFS,CFS,CFS,0,0,0,0,,,1,Non-HS
13285404_1,243,"Amazing how 5 young bucks can break in to a little girls home , beat the child half to death before killing her and we are expected to believe that they did n't take turns at her while before finally killing her ...","5 young bucks broke into a little girl's home, beat the child half to death before killing her ",,, we are expected to believe that they did n't take turns at her while before finally killing her ...,,,CFS,,,CFS,0,,,0,,,,Non-HS
30504346_1,244,Before I became a Christian when I was a big fan of heavy metal I liked Old lead singer of Gathering Old female singer of Tristania ( my favorite ) 80 's pop was all pretty good too Cyndi Lauper Sanda Kim Wilde,"Before becoming a Christian, I was a big fan of heavy metal",I liked Old lead singer of Gathering Old female singer of Tristania ( my favorite ),80 's pop was all pretty good too Cyndi Lauper Sanda Kim Wilde,,,,UFS,UFS,CFS,,0,0,0,,,,1,Non-HS
13505642_1,245,"Yeah, Swamp soccer is the real sport ... beer , naked men , men in flower dresses Actually , I was planning to attend with a girl team one year ... unfortunately it didn ´ t happen YouTube - Swamp Soccer - Finland","Swamp soccer is the real sport ... beer , naked men , men in flower dresses ", I was planning to attend with a girl team one year,unfortunately it didn ´ t happen,,,,CFS,UFS,UFS,,0,0,0,,,,1,Non-HS
14055875_1,246,"Many tribes had their own `` local '' gods ( and spirits , demons , creatures , etc. ) , yes , but they were usually `` lesser '' gods and the main Slavic pantheon was more or less the same everywhere .","Many tribes had their own `` local '' gods ( and spirits , demons , creatures , etc. )",they were usually `` lesser '' gods and the main Slavic pantheon was more or less the same everywhere .,,,,,CFS,CFS,,,0,0,,,,,1,Non-HS
13510135_4,247,"http://www.azcentral.com/news/articl...glary1219.html = = = = = = = = = = = = About 10 p.m. Dec. 9 , police were called to Ed 's Fish and Chips , 306 N. Central Ave. , for a reported armed robbery , police said .","http://www.azcentral.com/news/articl...glary1219.html = = = = = = = = = = = = About 10 p.m. Dec. 9 , police were called to Ed 's Fish and Chips , 306 N. Central Ave. , for a reported armed robbery , police said .",,,,,,CFS,,,,0,,,,,,1,Non-HS
30626246_1,248,The Christian culture still engages in human sacrifices on a daily basis - let 's take a look at some of their ritual practices : [ IMG ] http://torture.justsick * * * * .com/wp-content/uploads/2007/10/butter-electric-chair-botched.jpg [ /IMG ] Another sacrifical victim is dispatched .....,The Christian culture engages in human sacrifices on a daily basis.,Another sacrifical victim is dispatched .....,,let 's take a look at some of their ritual practices : [ IMG ] http://torture.justsick * * * * .com/wp-content/uploads/2007/10/butter-electric-chair-botched.jpg [ /IMG ],,,CFS,CFS,,CFS,1,0,,0,,,,Non-HS
13446370_1,249,It is that whole thing about Standard of living being the most important thing in peoples lives and what they strive for and base their self worth and the worth of others on that is a huge obstacle we need to overcome .,It is that whole thing about Standard of living being the most important thing in peoples lives,they strive for and base their self worth and the worth of others on that,,it is a huge obstacle we need to overcome .,,,CFS,CFS,,CFS,0,0,,0,,,,Non-HS
30471819_1,250,"While it is hard to compete with the success of the white nationalist front under supreme chairman Goudreau , There are groups and a community here that is working to build up a local movement based on positive activism and friendly gatherings .",it is hard to compete with the success of the white nationalist front under supreme chairman Goudreau.,There are groups and a community here that is working to build up a local movement based on positive activism and friendly gatherings .,,,,,CFS,CFS,,,0,0,,,,,1,Non-HS
31766264_3,251,I was looking at it the other day and I realized that most kids that probably get this go through and get to check every single club on the back ... I have n't been in one club or group in school .,"I was looking at it the other day and I realized that most kids that probably get this, go through and get to check every single club on the back",I have n't been in one club or group in school.,,,,,UFS,UFS,,,0,0,,,,,1,Non-HS
30654889_1,252,"I need to dust these off and get them back in my work out routine ... it gives you a feeling of purpose to do these , it helps you connect and relate to the folks they 're named in honor of .","it gives you a feeling of purpose to do these , it helps you connect and relate to the folks they 're named in honor of .",,,I need to dust these off and get them back in my work out routine.,,,NFS,,,NFS,0,,,0,,,,Non-HS
31787508_1,253,I'm not sure if you all have heard of this before or not but the other day my friend told me that he heard soon the government will require us to have an ID chip put under our skin on our hand .,I'm not sure if you all have heard of this before or not but the other day my friend told me that he heard soon the government will require us to have an ID chip put under our skin on our hand .,,,,,,CFS,,,,0,,,,,,1,Non-HS
30498223_1,254,"Hubble View of Eris and Dysnomia This is an image of the dwarf planet Eris ( center ) and its satellite Dysnomia ( at 9 o' clock position ) taken with NASA 's Hubble Space Telescope on Aug. 30 , 2006 .","Hubble View of Eris and Dysnomia This is an image of the dwarf planet Eris ( center ) and its satellite Dysnomia ( at 9 o' clock position ) taken with NASA 's Hubble Space Telescope on Aug. 30 , 2006 .",,,,,,CFS,,,,0,,,,,,1,Non-HS
14034844_1,255,"hello all , i have just found this site by accident and after reading lots of the posts i felt i had to join , my husband and i will be proud to be voting BNP as usual in the nxt election","hello all , i have just found this site by accident and after reading lots of the posts i felt i had to join",,,my husband and i will be proud to be voting BNP as usual in the nxt election,,,NFS,,,NFS,0,,,0,,,,Non-HS
14299563_1,256,"Anyone who has not visited the PLE-UK web site for some time is invited to return , as there 's a new introduction there on how `` The history of Britain is the history of those who held living space . ''",The PLE-UK web site has a new introduction.,The new introduction is about the history of Britain.,The history of Britain is the history of those who held living space.,Anyone who has not visited the PLE-UK web site for some time is invited to return,,,CFS,CFS,CFS,NFS,0,0,0,0,,,,Non-HS
13449504_1,257,I just want to add that no matter what a person 's class or character I will always give a white person the benefit of `` coming right '' before I reject them as `` wiggers '' or `` white trash '',A person's class or character should not determine how they are treated.,"White people should be given the benefit of the doubt before being rejected as ""wiggers"" or ""white trash"".",,,,,NFS,NFS,,,0,0,,,,,1,Non-HS
12876357_2,258,Here is another revealing one for the mass brainwashed population : Obama 's mother is a white-trash Obama 's father was married already Obama is a bastard child all correct ! [ youtube ] http://www.youtube.com/watch ? v = sxKpdxiXKgY [ /youtube ],Obama's mother is a white-trash,Obama's father was already married,Obama is a bastard child,The mass population has been brainwashed,,,NFS,CFS,NFS,CFS,0,0,0,0,,,,Non-HS
30801995_2,259,For analogy : you put feces in your soup you put water in your cars gasoline tank you feed your livestock poison You water your plants with salty water Giving your kids FAS You do n't need to punish these people .,Putting feces in soup is like putting water in a car's gasoline tank.,Feeding livestock poison is like watering plants with salty water.,,Giving kids FAS is unnecessary punishment.,,,NFS,NFS,,CFS,0,0,,0,,,,Non-HS
30392180_5,260,"The big black females where shouting `` We want REAL teachers for our chilrens , we do n't want dem blacks you ben sendin us , we want REAL teachers jus like yo got in dem white people 's schools ! ''",The big black females want real teachers for their children.,They do not want the black teachers that have been sent to them.,They want real teachers like the ones in white people's schools.,,,,CFS,CFS,CFS,,1,0,0,,,,1,Non-HS
14669384_4,261,"The saddest figure in the apartment complex where I live ( thank GOD I 'm moving next month !!! ) is a fat , blowzy white woman with two mixed race kids whose husband ran out on the family years ago .","The saddest figure in the apartment complex is a fat, blowzy white woman with two mixed race kids.",The woman's husband ran out on the family years ago.,thank GOD I 'm moving next month !!!,,,,UFS,UFS,NFS,,0,0,0,,,,1,Non-HS
13511105_4,262,"Robinson ended up hawking the cannon to Top Paid Scrap , a salvage company in the 13000 block of Chef Menteur Highway in eastern New Orleans , according to a New Orleans police report filed in conjunction with Robinson 's arrest .","Robinson ended up hawking the cannon to Top Paid Scrap , a salvage company in the 13000 block of Chef Menteur Highway in eastern New Orleans , according to a New Orleans police report filed in conjunction with Robinson 's arrest .",,,,,,CFS,,,,0,,,,,,1,Non-HS
14429993_1,263,"I'm trying to contact individuals interested in joining together and coordinating their efforts on a National/worldwide scale , the web site to go to for more info is Pro White Action Group click on the special events link for contact information .",I'm trying to contact individuals interested in joining together and coordinating their efforts on a National/worldwide scale ,the web site to go to for more info is Pro White Action Group click on the special events link for contact ,,,,,UFS,UFS,,,0,0,,,,,1,Non-HS
30488228_3,264,"Nevertheless , Regency and Victorian era reports abound of dogs who wasted away at their master s graves , cats who refused to eat or drink upon the death of their mistress , and even a pet monkey who committed suicide .","Regency and Victorian era reports abound of dogs who wasted away at their master s graves , cats who refused to eat or drink upon the death of their mistress , and even a pet monkey who committed suicide .",,,,,,CFS,,,,0,,,,,,1,Non-HS
13554596_1,265,"Advance Auto Parts on their store poster features a black male and white female counter clerks.One of the most widespread examples of race mixing is your local and national news anchor teams , almost always a black male and white female .",Advance Auto Parts features a black male and white female as counter clerks on their store poster.,"One of the most widespread examples of race mixing is your local and national news anchor teams , almost always a black male and white female",,,,,CFS,,,,0,,,,,,1,Non-HS
31721294_1,266,you gotta stand up for yourself you cant just sit back and take their * * * * but on the other hand you cant go out looking for it either but if it comes down to a fight dont back down,you gotta stand up for yourself you cant just sit back and take their * * * *,on the other hand you cant go out looking for it either,if it comes down to a fight dont back down,,,,NFS,NFS,NFS,,0,0,0,,,,1,Non-HS
14417871_1,267,"Why not have it so every flyer has all the White languages on it ( in small print ) , yet have their native language in large print once on the top of the other translations , then once below it .",Flyers should have all White languages on them.,Native language should be in large print.,Other translations should be in small print.,Native language should be on top of other translations.,,,NFS,NFS,NFS,NFS,0,0,0,0,,,1,Non-HS
30704903_5,268,"I have an image in my mind of the soaring vault rising and disappearing into the gray-white silence , the niches in the salt walls where the saints dwelled , the few points of lambent gold glimmering feebly on the altar .","I have an image in my mind of a soaring vault, niches in salt walls, and points of gold on an altar.",The vault rises and disappears into a gray-white silence.,The saints dwell in the niches on the salt walls.,The points of gold on the altar glimmer feebly.,,,UFS,UFS,UFS,UFS,0,0,0,0,,,1,Non-HS
14413853_1,269,"You do not have to wait for this law to pass since already you would be expelled from your school for doing the above under some sort of hostile school environment clause , as you would at most places of work .",The law has not yet passed.,You would be expelled from your school for doing the above.,There is a hostile school environment clause.,The same consequences would apply at most places of work.,,,CFS,CFS,CFS,CFS,0,0,0,0,,,1,Non-HS
14065492_1,270,"have you been in studentski grad in Sofia , you should go and see young student girls from FYROM geting down with Bulgarians serbs and albanians get ur booty too VIKI RALEVA VELIKI BRAT ПС.ВО КУМАНОВО СЕКОЈА ВТОРА Е СО СИПТАР ХАХА",have you been in studentski grad in Sofia? young student girls from FYROM are geting down with Bulgarians serbs and albanians,,,you should go and see get ur booty too,,,CFS,,,NFS,0,,,0,,,,Non-HS
31712652_1,271,"You can have a high I.Q. and still have friends , i mean i ai n't a doctor or anything but i 've still got a decent i.q and i have like half my year as friends ( except all foreigners )",You can have a high I.Q. and still have friends,i ai n't a doctor or anything but i 've still got a decent i.q and i have like half my year as friends ( except all foreigners ),,,,,CFS,,,NFS,0,,,0,,,1,Non-HS
13503685_1,272,"Justin Butler , 28 , and Briana Adams , 21 ( coalburner ) , each face a criminal abuse charge after police say the couple 's infant child was found with six healing rib fractures and a broken femur http://www.lex18.com/news/couple-fac ... with-injuries/","Justin Butler , 28 , and Briana Adams , 21 ( coalburner ) , each face a criminal abuse charge",police say the couple 's infant child was found with six healing rib fractures and a broken femur http://www.lex18.com/news/couple-fac ... with-injuries/,,,,,CFS,CFS,,,0,0,,,,,1,Non-HS
13590897_1,273,"From what I 've read , Bokmal is used in newspapers , official documents , and spoken in the big cities while Riksmal is rural and spoken in the small towns and in the country. ( IF I remember correctly ) .","Bokmal is used in newspapers , official documents , and spoken in the big cities",Riksmal is rural and spoken in the small towns and in the country.,,,,,CFS,CFS,,,0,0,,,,,1,Non-HS
30608946_4,274,"There was a crooked man who walked a crooked mile , he kept a crooked cat in a crooked house for style , he gave a crooked smile in a crooked-minded way , to anyone who suffered on this atrabilious day .",There was a crooked man who walked a crooked mile,he kept a crooked cat in a crooked house for style ,he gave a crooked smile in a crooked-minded way,The man gives a crooked smile to anyone who suffers on this atrabilious day.,,,UFS,UFS,UFS,UFS,0,0,0,0,,,1,Non-HS
13503127_2,275,"Jacksonville police said Brian Williams broke into the home on Braddock Road while the family was out of town and baked brownies , drank orange juice , surfed porn websites and loaded up the victim 's car with bottles of liquor .",Jacksonville police said Brian Williams broke into the home on Braddock Road,"the family was out of town and baked brownies , drank orange juice , surfed porn websites and loaded up the victim 's car with bottles of liquor .",,,,,CFS,CFS,,,0,0,,,,,1,Non-HS
13477287_1,276,"Well I could give you another word for the female version of that part of the anatomy it begins with a C ends with a T and has the letters UN in between , but the language filters wo n't let me",I could give you another word for the female version of that part of the anatomy,it begins with a C ends with a T and has the letters UN in between,the language filters wo n't let me,,,,NFS,NFS,NFS,,0,0,0,,,,1,Non-HS
32387483_1,277,"We know , but Trump 's kids are all married to or dating Jews and he 's expressed his full support of thelgbt community and gay marriage even if he is not out waving the fag rag in fag pride parades .",Trump's kids are all married to or dating Jews.,Trump's expressed his full support of thelgbt community and gay marriage.,Trump does not participate in fag pride parades.,,,,CFS,CFS,CFS,,0,0,0,,,,1,Non-HS
14014774_1,278,"I grew up in small town Southern N.B for a good half of my life , in a region called Kings County , it was 100 % white except for literally 3 black people , and they never mixed with whites ..","I grew up in small town Southern N.B for a good half of my life , in a region called Kings County , ","it was 100 % white except for literally 3 black people , and they never mixed with whites ..",,,,,UFS,CFS,,,0,0,,,,,1,Non-HS
14438853_1,279,"I came here to find out why such a small population living on a small area of the planet , constantly ravaged by war and instability managed to become the opitomy of progress and civilisation and eventually rule the world .",Small population living on a small area of the planet,Constantly ravaged by war and instability,Managed to become the epitome of progress and civilization,Eventually ruled the world,,,CFS,CFS,NFS,CFS,0,0,0,0,,,1,Non-HS
13466464_1,280,"The Legacy of Dr. William Pierce I know Hadding and Will Williams and others are working hard on this project to bring articles written by Dr. Pierce from the printed page to being put online , for all to read .",Hadding and Will Williams and others are working hard on this project.,"They bring articles written by Dr. Willian Pierce from the printed page to being put online, for all to read .",,,,,CFS,CFS,,,0,0,,,,,1,Non-HS
30793082_1,281,I think its a bad thing to do and possibly harmful to the baby but I do n't think anyone besides the mother and the father of the baby should have a say so in if she quits or not .,It is a bad thing to do and possibly harmful to the baby.,,,Only the mother and father of the baby should have a say in whether she quits or not.,,,NFS,,,NFS,0,,,0,,,,Non-HS
13510135_3,282,"Anthony DeShawn Washington , 18 , of Avondale , and Jonathan Anthony Gutierrez , 18 , of Tolleson , were booked on felony counts of burglary , theft of a means of transportation and criminal trespassing , Avondale police said .","Anthony DeShawn Washington, 18, and Jonathan Anthony Gutierrez, 18, were arrested by Avondale police.","They were charged with felony counts of burglary, theft of a means of transportation, and criminal trespassing.",,,,,CFS,CFS,,,0,0,,,,,1,Non-HS
13864523_1,283,"http://www.belfasttelegraph.co.uk/ne...p?story=655156 And the usual loyalist reaction and freedom to Nationalists is to attack the Harryville Catholic Church and hold pickets while people pray inside if the parade goes ahead , and give abuse and threaten and attack Catholics in Ballymena .",The usual loyalist reaction to Nationalists is to attack the Harryville Catholic Church.,Loyalists hold pickets while people pray inside if the parade goes ahead.,Loyalists give abuse and threaten and attack Catholics in Ballymena.,,,,CFS,CFS,CFS,,0,0,0,,,,1,Non-HS
30760103_1,284,"That kid is probably going to get some disease from laying with his face on the floor of a supermarket like that , or some good doer will call he cops and he could get put in a foster home .",The kid is laying with his face on the floor of a supermarket.,Laying on the floor of a supermarket can lead to getting a disease.,A good doer may call the cops.,The kid could get put in a foster home if a good doer calls the cops.,,,CFS,CFS,NFS,NFS,0,0,0,0,,,,Non-HS
14027787_1,285,It's from mid day Saturday untill the sunday morning but on the Sunday morning if enough want to stay on for the day we 'll see about putting on some ballads & holding a few extra events through the day .,It's from mid day Saturday untill the sunday morning,on the Sunday morning if enough want to stay on for the day we 'll see about putting on some ballads & holding a few extra events through the day .,,,,,NFS,NFS,,,0,0,,,,,1,Non-HS
14063221_1,286,"Yes but difference is that Putin is still in charge and Jews have to behave , while on other picture Jewess Albright is in charge and is there to give orders to Ukraine , so you ca n't really compare .",Yes but difference is that Putin is still in charge and Jews have to behave,while on other picture Jewess Albright is in charge and is there to give orders to Ukraine,,you ca n't really compare .,,,CFS,CFS,,NFS,0,0,,0,,,,Non-HS
30504383_1,287,"Australian here too , 1/4 Irish , 1/4 English , 1/4 Greek , 1/4 Latvian , 100 % white and damn proud of it too , plus my grandfather was is the ss Latvian legion which I feel was awesome .","Australian here too, 1/4 Irish , 1/4 English , 1/4 Greek , 1/4 Latvian , 100 % white",my grandfather was is the ss Latvian legion which I feel was awesome .,,damn proud of it too ,,,CFS,UFS,,NFS,0,0,,0,,,,Non-HS
13498011_1,288,nobody said I like him and I dont see the reason to like him to be honest WE HAVE ENOUGH CULTURAL HERITAGE FOR HUNDREDS OF GENERATIONS WE SHOULD BE PROUD OF WHAT WE DID NOT OF WHAT SOME AUSTRIAN DID !!!,nobody said I like him and I dont see the reason to like him to be honest,WE HAVE ENOUGH CULTURAL HERITAGE FOR HUNDREDS OF GENERATIONS,,WE SHOULD BE PROUD OF WHAT WE DID NOT OF WHAT SOME AUSTRIAN DID !!!,,,NFS,NFS,,NFS,0,0,,0,,,,Non-HS
31770244_2,289,"I note one of your other posts was worried because of the delay in your posts showing up - don ; ' t worry about it , it 's just that we have to check your stuff while you are new",I note one of your other posts was worried because of the delay in your posts showing up,"don ; ' t worry about it , it 's just that we have to check your stuff while you are new",,,,,NFS,NFS,,,0,,0,,,,1,Non-HS
31767429_1,290,"Actually TV can be used wisely by watching some history , discovery , tlc and other stations like that.Of course all sitcoms are wolves dressed in sheeps clothing.By that I mean jewish propaganda masqueraded as `` reality '' , lololo .","TV can be used wisely by watching some history, discovery, tlc and other stations like that.",All sitcoms are wolves dressed in sheeps clothing.,,"jewish propaganda masqueraded as `` reality '' , lololo .",,,CFS,CFS,,CFS,0,0,,1,,,,Non-HS
13856778_1,291,"just heard on the radio , that the local council have decided to give in and they have all been housed in emergency accomodation with the promise of a house on the a new social housing development in that area .",The local council has decided to give in.,they have all been housed in emergency accomodation ,There is a promise of a house on the a new social housing development in that area .,,,,CFS,CFS,CFS,,0,0,0,,,,1,Non-HS
30500254_6,292,"I also do n't want harassment in real life , which is why I keep my views limited , so I do n't want my daughter saying things like `` My parents do n't want me playing with blacks '' .",I also do n't want harassment in real life ,I do n't want my daughter saying things like `` My parents do n't want me playing with blacks '' .,,which is why I keep my views limited,,,NFS,NFS,,NFS,0,0,,0,,,,Non-HS
31757261_1,293,"Well i have changed my Signature , i think it was stupid i was forced to do so just because some people dont like what i have to say , but i do hope my new one is acceptable. : attack",I have changed my Signature.,i was forced to do,i think it was stupid i was forced to do so just because some people dont like what i have to say,,,,UFS,UFS,NFS,,0,0,0,,,,1,Non-HS
30659678_8,294,I can hit a paper plate at 100 yards or hole a 5 gallon steel pail of roofing tar at 25 yards ... It is my `` brush gun '' during blackpowder deer season or when going after feral hogs .,I can hit a paper plate at 100 yards or hole a 5 gallon steel pail of roofing tar at 25 yards.,,,It is my `` brush gun '' during blackpowder deer season or when going after feral hogs .,,,UFS,,,NFS,0,,,0,,,1,Non-HS
14434191_2,295,"I wonder how many young Whites pick up pro-WN ideas , but then after watching Romper Stomper or some old Springer episode see that negative image of WNs and decide thay they do n't want anything to do with us .",Many young Whites may pick up pro-WN ideas.,after watching Romper Stomper or some old Springer episode see that negative image of WNs,,decide thay they do n't want anything to do with us .,,,CFS,NFS,,NFS,0,0,,0,,,1,Non-HS
14667003_2,296,"There are assimilated Gypsies , Tats , Udins , Talysh , etc among Arme nians just like u have assimilated Tatars ... but Most Armenians look like this , especially Western Armenians , victims of Genocide which u mention here ...","There are assimilated Gypsies, Tats, Udins, Talysh, etc among Armenians.",you have assimilated Tatars ,"Most Armenians look like this , especially Western Armenians",Western Armenians are victims of Genocide.,,,CFS,UFS,CFS,CFS,0,0,0,0,,,1,Non-HS
30525151_1,297,So do you actually meet the people that you let join and start a chapter or are you just trusting that an anti would n't sign up so that you start directing people to them to get jumped or whatever ?,So do you actually meet the people that you let join and start a chapter?,or are you just trusting that an anti would n't sign up,you start directing people to them to get jumped or whatever ?,,,,NFS,NFS,NFS,,0,0,0,,,,1,Non-HS
30547130_1,298,"There is always the International Oil Patch , we know there is no Drugs , Booze , or Hookers there , and a different Country every few weeks Get your Divorce early , everyone gets one two to a customer .",There is always the International Oil Patch,"we know there is no Drugs , Booze , or Hookers there",a different Country every few weeks Get your Divorce early,everyone gets one two to a customer .,,,CFS,NFS,CFS,CFS,0,0,0,0,,,,Non-HS
13857173_1,299,"I wasnt going to bother with this thread but I am rapidly coming to the conclusion you can , t read we are NOT C18 , we have nothing to do with them ...... look at post #13 for Christ sake",I was not going to bother with this thread,I am rapidly coming to the conclusion that you cannot read.,We are not C18,Look at post #13 for Christ's sake,,,NFS,NFS,NFS,NFS,0,0,0,0,,,,Non-HS
13482315_1,300,A former accountant for retailer American Apparel Inc. has filed a wrongful termination suit against the company alleging that he was fired after refusing requests from Chief Executive jew Dov Charney to inflate figures on the company 's balance sheet .,A former accountant for retailer American Apparel Inc. has filed a wrongful termination suit,The suit alleges that the accountant was fired for refusing requests from CEO Dov Charney.,The requests were to inflate figures on the company's balance sheet.,,,,CFS,CFS,CFS,,0,0,0,,,,,Non-HS
30421628_1,301,There have been court cases for asylum by white South Africans in Canada that the South African government has spent millions fighting ... though they have not spent a cent on the 300 asylum applications by blacks in the US ...,There have been court cases for asylum by white South Africans in Canada,the South African government has spent millions fighting,though they have not spent a cent on the 300 asylum applications by blacks in the US ...,,,,CFS,CFS,CFS,,0,0,0,,,,,Non-HS
14294840_1,302,Yea thanks for the information as I said in my P.M I actully knew nothing of the squatting movement back then and always thought that in modern times it had always been the preserve of small groups of extreme anarchists .,in my P.M I actully knew nothing of the squatting movement back,always thought that in modern times it had always been the preserve of small groups of extreme anarchists .,,,,,NFS,NFS,,,0,0,,,,,,Non-HS
14093667_1,303,"these are two pictures of me , l am a proud Croatian redneck , l drink rakija , eat lamb and get in fights as often as l can and l go to the gym once a week , yihaa !!!!!!",I am a Croatian redneck.,"I drink rakija, eat lamb, and get in fights as often as I can.",I go to the gym once a week,I am proud of these.,,,UFS,UFS,UFS,NFS,0,0,0,0,,,,Non-HS
31742006_1,304,thanks and i will continue to come back. does anyone know of some good bands to listen too ? i got several at the moment that i really like but it would be good to have some more . .. casper,does anyone know of some good bands to listen too ? i got several at the moment that i really like but it would be good to have some more ,,,,,,NFS,,,,0,,,,,,,Non-HS
14032738_2,305,"More broadly , of course I wish to see white countries get-on with each other but if it came down to a choice between my country 's interests and those of another white country I would put my own first .","More broadly , of course I wish to see white countries get-on with each other",if it came down to a choice between my country 's interests and those of another white country I would put my own first.,,,,,NFS,NFS,,,0,0,,,,,,Non-HS
14416495_1,306,"i have tried many times to try to explain to people why they should be a wn and they dont want to listen , does anyone know any tactics to where i might be able to get them to understand .",I have tried many times to explain to people why they should be a wn.,They don't want to listen.,, does anyone know any tactics to where i might be able to get them to understand .,,,NFS,NFS,,NFS,0,0,,0,,,,Non-HS
13561010_1,307,The small Janj River The Una River by Novi Grad The Tara River in Republic of Srpska The Sava River near the town of Srpski Brod Vrbas river The Lake of Nevesinje The Neretva River in Republic of Srpska Izvor Sipovo,The small Janj River is located in the Republic of Srpska.,The Una River runs through the town of Novi Grad.,The Tara River is situated in the Republic of Srpska.,The Neretva River is located in the Republic of Srpska.,,,CFS,CFS,CFS,CFS,0,0,0,0,,,1,Non-HS
13618944_2,309,`` Nargaroth - The Day Burzum Killed Mayhem '' heheh ) either though * shrug * Scandinavia really is a black metal heaven but there 're many great bands on the outside which too are a Pride of their countries 11,Scandinavia really is a black metal heaven ,there 're many great bands on the outside which too are a Pride of their countries,,,,,CFS,CFS,,,0,0,,,,,1,Non-HS
30777602_1,310,"WE had lots of good times and parties too , but we also had a gourmet chef , tutors , massage thereapist , and a library of extra liturature from teaches such as copies of the upcoming tests , etc ..",WE had lots of good times and parties too,"but we also had a gourmet chef , tutors , massage thereapist , and a library of extra liturature from teaches such as copies of the upcoming tests , etc ..",,,,,UFS,UFS,,,,,,,,,1,Non-HS
30614170_1,312,"In my opinion , from my experience with the schools in my area , the teachers say it is not their job to break up a fight Im not saying this is right but its going on in many different areas","This may not be the right approach, but it is happening in various areas.",,,"In my opinion , from my experience with the schools in my area , the teachers say it is not their job to break up a fight",,,NFS,,,NFS,0,,,0,,,,Non-HS
14112231_1,313,"I met her in person a month or two ago , she has n't been back on stormfront , I have n't even seen her on AIM lately , I 'd say email is your best hope of contacting her .",I met her in person a month or two ago,She hasn't been back on stormfront,I haven't even seen her on AIM lately,Email is the best way to contact her,,,UFS,UFS,UFS,NFS,0,0,0,0,,,,Non-HS
13843751_2,315,I would prefer to get the lot of us together and tackle the real enemies of Northern Ireland and the Republic of Ireland ergo the Island of Ireland ... and the enemy is n't each other my brothers and sisters .,I would prefer to get the lot of us together and tackle the real enemies of Northern Ireland and the Republic of Ireland ergo the Island of Ireland,the enemy is n't each other my brothers and sisters .,,,,,NFS,NFS,,,0,0,,,,,,Non-HS
30398286_1,316,all the time we are a targeted people i 've been attacked four times for no reason except i 'm white and i was alone learn how to defend yourself your friends and your family for any and all possibilities,all the time we are a targeted people,i 've been attacked four times for no reason except i 'm white,,i was alone learn how to defend yourself your friends and your family for any and all possibilities,,,NFS,NFS,,NFS,0,0,,0,,,,Non-HS
30593435_1,317,"Only 6 Corporations Control Over 90 % of the Television Channels These Corporations are Anti-White and are Turning Our People Into Zombies Let 's break the monopoly of news and information by supporting alternative , pro-white media like Stormfront .",Only 6 corporations control over 90% of the television channels.,These corporations are anti-white.,These corporations are turning people into zombies.," Let 's break the monopoly of news and information by supporting alternative , pro-white media like Stormfront .",,,CFS,CFS,CFS,CFS,0,0,0,0,,,,Non-HS
14020259_1,319,Just start your own crew and start advertising it in your flyers or whatever if you are atcually active you should email me I 'm trying to set up a network of all the serious white nationalists across Canada .,Just start your own crew and start advertising it in your flyers or whatever,"If you are actually active, you should email me",I'm trying to set up a network of all the serious white nationalists across Canada,,,,NFS,NFS,NFS,,0,0,0,,,,1,Non-HS
14111329_1,320,"Hey j.p. i called the number you left me in my mail a couple of weeks ago but they said they never heard of ya , i e-mailed you back and havent heard back , shoot me yopur #again .",Hey j.p. i called the number you left me in my mail a couple of weeks ago,"they said they never heard of ya , i e-mailed you back and havent heard back ",, shoot me yopur #again .,,,NFS,NFS,,NFS,0,0,,0,,,,Non-HS
13051968_1,322,"They're trying to turn the Internet into a mirror version of television , in other words turn it into a wasteland of celebrity worship and wipe out all of it 's potential as a medium for informing and educating .",They're trying to turn the Internet into a mirror version of television , in other words turn it into a wasteland of celebrity worship and wipe out all of it 's potential as a medium for informing and educating .,.,,,,CFS,CFS,,,0,0,,,,,1,Non-HS
14063020_1,323,Acts of racism in Ireland show short memories of Irish everywhere Read more : Acts of racism in Ireland show short memories of Irish everywhere | Irish News | IrishCentral Follow us : @IrishCentral on Twitter | IrishCentral on Facebook,Read more : Acts of racism in Ireland show short memories of Irish everywhere | Irish News | IrishCentral Follow us : @IrishCentral on Twitter | IrishCentral on Facebook,,,,,,CFS,,,,0,,,,,,1,Non-HS
14106048_1,324,im sorry about being a bitch.i was just hurt.hope you find your talk with someone.ifyouwant to talk to someone who is trying to get their degrees pm me on sf or im me on aol aryan14words@aol.com or yahoo whiteqt242002 christy88,im sorry about being a bitch.,i was just hurt.hope you find your talk with someone,,ifyouwant to talk to someone who is trying to get their degrees pm me on sf or im me on aol aryan14words@aol.com or yahoo whiteqt242002 christy88,,,NFS,NFS,,NFS,0,0,,0,,,,Non-HS
14076792_3,325,"Graveland was my favourite band until Prawo Stali , then there was too much of same material released one after another , but on myspace he has new material , new sound , I ca n't wait for this .",Graveland was my favourite band until Prawo Stali.,There was too much of the same material released one after another.,The artist has new material and a fresh sound on myspace.,,,,UFS,UFS,UFS,,0,0,0,,,,1,Non-HS
14105677_1,326,i saw it on opp.now i know what your name stands for.congrats you have a nice looking boyfriend.i read opp once and awhile to see if they took my pic off of here yet and put it on there .,I saw it on opp.now,i know what your name stands for.,congrats you have a nice looking boyfriend,awhile to see if they took my pic off of here yet and put it on there .,,,UFS,NFS,NFS,NFS,0,0,0,0,,,1,Non-HS
13507823_2,327,"The brutality of his crime and his lack of remorse made Jackson the `` model candidate for death in the gas house , '' one columnist wrote after his death sentence was upheld by the state 's highest court .","The brutality of his crime and his lack of remorse made Jackson the `` model candidate for death in the gas house , ''",one columnist wrote after his death sentence was upheld by the state 's highest court .,,,,,CFS,CFS,,,0,0,,,,,1,Non-HS
13842968_2,328,"None of us are claiming to be better NOR superior to any other white nationality Take a nice , long holiday to Ireland and see what we 're bloody talking about for yourself before you jump in on it .",None of us are claiming to be better NOR superior to any other white nationality,,,- See for yourself before making assumptions about Ireland and its people.,,,NFS,,,NFS,0,,,0,,,,Non-HS
30520490_1,329,ive looked into classes on gunsmithing i can do basic things but i just dont have every tool for every gun on the market. and if it ever comes down to dooms day we are gonna need a good smithy,I have looked into classes on gunsmithing.,"I can do basic things, but I don't have every tool for every gun on the market.",,"If it ever comes down to doomsday, we are going to need a good smithy.",,,UFS,UFS,,NFS,0,0,,0,,,,Non-HS
13616429_2,330,Perfectly normal and WHITE names Next try : Leida f Kulla m Alma f Ege m Ärta f Epp m Endla f Arno m Tiiu f Ikevald m Piibe f Reet m Rünno m Does Ikevald have any meaning ?,Perfectly normal and WHITE names Next try : Leida f Kulla m Alma f Ege m Ärta f Epp m Endla f Arno m Tiiu f Ikevald m Piibe f Reet m Rünno m ,Does Ikevald have any meaning ?,,,,,NFS,NFS,,,0,0,,,,,1,Non-HS
30442444_2,331,Our people do n't need to feel down about all this and neither do we need to turn off new member prospects from this fine place so a little less crying and a little more doing is called for .,Our people do n't need to feel down about all this,neither do we need to turn off new member prospects from this fine place, a little less crying and a little more doing is called for .,,,,NFS,NFS,NFS,,0,0,0,,,,1,Non-HS
13476634_1,332,"A mentally-ill Orthodox cantor who told jurors he was `` The Michael Jackson of Jewish music '' was sentenced in Manhattan yesterday to at least a year in prison for swindling a Washington Heights woman out of $ 36,000 .",A mentally-ill Orthodox cantor,who told jurors he was `` The Michael Jackson of Jewish music '',"He was sentenced in Manhattan yesterday to at least a year in prison for swindling a Washington Heights woman out of $ 36,000.",,,,CFS,CFS,CFS,,0,0,0,,,,1,Non-HS
14030058_1,333,i used to post on here a few years back as kruger but for some reason i cant register with that name so here goes with the new one 88 to all i know and to those i will meet,i used to post on here a few years back as kruger, for some reason i cant register with that name,,here goes with the new one 88 to all i know and to those i will meet,,,UFS,NFS,,UFS,0,0,,0,,,,Non-HS
31753159_1,334,man i always have a hard time when ever i try to make a website too much stuff to do i get confused well anyway id really like to see that website whenever you get finished with it Heil Hitler,man i always have a hard time when ever i try to make a website,too much stuff to do i get confused,id really like to see that website whenever you get finished with it Heil Hitler,,,,NFS,NFS,NFS,,0,0,0,,,,1,Non-HS
13865413_1,336,just posting to say I got a month of community service for stealing lightbulbs out of a place I was renting + a 280Euro fine. compare that to the black rapist a while ago who got off scot free .,Got a month of community service for stealing lightbulbs out of a place I was renting.,I received a 280Euro fine.,,compare that to the black rapist a while ago who got off scot free .,,,UFS,UFS,NFS,,0,0,,0,,,,Non-HS
30793006_1,337,"i live in the bay area and have no car and barely any money to my name. i want to join the fight. if anyone is going from around here or can get me there , please pm me .",I live in the Bay Area and I have no car.,I barely have any money to my name.,I want to join the fight.,"If anyone is going from around here or can get me there, please send me a private message.",,,UFS,UFS,NFS,NFS,0,0,0,0,,,,Non-HS
13866825_1,338,so is tom still rambling on about putting up machine guns in the city centre ? lol and that sites great al making all wn look like terrorists.so tell us all of some of the irms activism so far ?,so is tom still rambling on about putting up machine guns in the city centre ?,that sites great at making all white nationalists look like terrorists,,what activism has the IRM actually done?,,,NFS,NFS,,CFS,0,0,,0,,,,Non-HS
12848217_12,340,"`` Oh s * * t , '' without looking , `` I hit one of their cars and now I am going to die ! '' , but to my relief , it was merely a light pole .","`` Oh s * * t , '' without looking , `` I hit one of their cars and now I am going to die ! '' ","to my relief , it was merely a light pole .",,,,,NFS,NFS,,,0,0,,,,,1,Non-HS
14677022_1,341,I do care about arab christians You are not the only one who is feeling lost i know it sucks to be a non muslim in the middle east. would you like to move to east asia with me ?,I do care about arab christians.,It sucks to be a non-Muslim in the Middle East.,You are not the only one who is feeling lost.,Would you like to move to East Asia with me?,,,NFS,NFS,NFS,NFS,0,0,0,0,,,,Non-HS
14300753_1,343,"In my mind it 's not even close to being obselete , I believe it is a symbol of the white race and it 's fight to save itself in this sick and twisted multicult world we live in .",it 's not even close to being obselete.,I believe it is a symbol of the white race and it 's fight to save itself in this sick and twisted multicult world we live in ,,,,,NFS,NFS,,,0,0,,,,,1,Non-HS
12871875_1,344,"``Policeand SPCA officials found over 50 carcasses of pigs on National Council of Province 's Chairperson Thandi Modise 's Potchefstroom farm , and the remaining 85 resorted to eating the dead bodies and drinking their own urine to survive .",Police and SPCA officials found over 50 carcasses of pigs on National Council of Province 's Chairperson Thandi Modise 's Potchefstroom farm.,The remaining 85 pigs resorted to eating the dead bodies and drinking their own urine.,,,,,CFS,CFS,,,0,0,,,,,1,Non-HS