claim_idx,claim,concat_hate,claim_hate,claim_cw_llm_loop,claim_cw_gold,claim_needed_judge_llm_loop,claim_needed_judge_gold,claim_agreement_count_gold,claim_agreement_count_llm_loop
0_premise0,The kind of perversion that leads to homosexuality also leads to pedophilia.,1,1.0,CFS,CFS,0.0,0.0,3.0,2.0
1_premise0,The Jews believe they are The Chosen Ones.,1,0.0,CFS,CFS,0.0,1.0,1.0,2.0
2_premise0,she seems to think the Blacks wo n't kill her alongside every other White they can get their dirty hands on.,1,1.0,NFS,NFS,1.0,0.0,2.0,1.0
3_premise0,It would be cool if someone secretly detonated a nuclear bomb in Kashmir.,1,1.0,NFS,NFS,0.0,0.0,3.0,2.0
4_premise0,I was the only white person in the area through Tooting Broadway in SW London.,1,1.0,CFS,UFS,0.0,0.0,2.0,2.0
5_premise0,Black people are higher on the evolutionary chain.,1,0.0,CFS,CFS,1.0,0.0,2.0,1.0
6_premise0,A person that is second generation London Jamaican is giving out about Ireland.,1,0.0,NFS,UFS,1.0,0.0,2.0,1.0
7_premise0,Mulatto children should mate with other mulattos.,1,1.0,NFS,NFS,0.0,0.0,3.0,2.0
8_premise0,"If he is a coke addict, you should try to find out where he gets the coke from and rat him out.",1,0.0,NFS,NFS,1.0,0.0,3.0,1.0
9_premise0,They come from a dirt poor medieval country.,1,1.0,CFS,CFS,0.0,0.0,2.0,2.0
10_premise0,Black and other non-white individuals are responsible for conning white women and girls into getting in cars with them.,1,1.0,CFS,CFS,0.0,0.0,2.0,2.0
11_premise0,My little sister does not like little black girls.,1,1.0,NFS,UFS,0.0,0.0,2.0,2.0
12_premise0,The black female perpetrator is making excuses for her actions.,1,1.0,UFS,UFS,1.0,0.0,3.0,1.0
13_premise0,Saw a young girl begging on Grafton Street.,1,0.0,UFS,UFS,1.0,0.0,3.0,1.0
14_premise0,60% of faggot apes already have AIDS.,1,1.0,CFS,CFS,1.0,0.0,3.0,1.0
15_premise0,The Jews would not have been able to get as far as they did without looking white.,1,1.0,CFS,NFS,0.0,0.0,2.0,2.0
16_premise0,Simply talking sense to a black monkey and pointing at it will not stop it from misbehaving.,1,1.0,NFS,NFS,0.0,0.0,2.0,2.0
17_premise0,This woman has a child by a mulatto and she 's a wet back too.,1,1.0,UFS,UFS,1.0,0.0,3.0,1.0
18_premise0,White genocide is happening.,1,0.0,CFS,CFS,0.0,0.0,3.0,2.0
19_premise0,"Ireland, especially Northern Ireland, is filled with memorials and statues of red terrorists.",1,0.0,CFS,CFS,0.0,0.0,3.0,2.0
20_premise0,France has been gone for a long time.,1,0.0,CFS,CFS,0.0,0.0,2.0,2.0
21_premise0,Soon whites will be extinct.,1,1.0,CFS,CFS,0.0,0.0,3.0,2.0
22_premise0,I'm going to college with blacks.,1,1.0,UFS,UFS,1.0,0.0,3.0,1.0
23_premise0,I don't watch the Talmudivision and I watch very few modern movies.,1,1.0,UFS,UFS,1.0,0.0,3.0,1.0
24_premise0,"If the holocaust was the truth, there would be no laws against saying it was a lie.",1,1.0,CFS,CFS,0.0,0.0,3.0,2.0
25_premise0,The Jews have the power to decide the correct version of history for everyone.,1,1.0,CFS,CFS,0.0,0.0,3.0,2.0
26_premise0,There are many alternatives to adopting little mud babies. Surrogate mothers and invitro fertilization are just two.,1,1.0,CFS,CFS,0.0,0.0,3.0,2.0
27_premise0,We should not limit ourselves to make a stance.,1,0.0,NFS,NFS,0.0,0.0,3.0,2.0
28_premise0,Africa is an area rich in natural resources.,1,0.0,CFS,CFS,0.0,0.0,3.0,2.0
29_premise0,"Before the age of 10, I had never seen a black person in real life.",1,0.0,UFS,UFS,1.0,0.0,3.0,1.0
30_premise0,"Homosexuals practice a perverse lifestyle that destroys the body , mind , and soul.",1,1.0,NFS,CFS,1.0,0.0,3.0,1.0
31_premise0,The US and Ireland are the 1st world.,1,0.0,CFS,CFS,0.0,0.0,3.0,2.0
32_premise0,White people used to say that sex was a sin.,1,0.0,CFS,CFS,1.0,0.0,2.0,1.0
33_premise0,The apes went nuts and I could not control them.,1,1.0,UFS,UFS,0.0,0.0,3.0,2.0
34_premise0,Skinheads wear things on their teeth that are supposed to hold up pants.,1,1.0,CFS,CFS,0.0,0.0,2.0,2.0
35_premise0,There is a piece of legislation called the Prohibition of Foreign Military Assistance Act.,1,0.0,CFS,CFS,0.0,0.0,2.0,2.0
36_premise0,"As for your sterilization, that's great, as you won't be able to reproduce.",1,1.0,NFS,NFS,0.0,0.0,2.0,2.0
37_premise0,This filth is a sectarian Irish song.,1,1.0,NFS,UFS,1.0,0.0,3.0,1.0
38_premise0,There is a couple in a picture that consists of an Asian female and a White male.,1,0.0,UFS,UFS,1.0,0.0,2.0,1.0
39_premise0,Stormfront Ireland is solely responsible for all racist attacks in Ireland.,1,0.0,CFS,CFS,0.0,0.0,3.0,2.0
40_premise0,Black people and others are constantly complaining and ignoring the progress in society.,1,1.0,CFS,CFS,1.0,0.0,3.0,1.0
41_premise0,Some whites are corrupt whores for Jewish supremacists.,1,1.0,CFS,CFS,0.0,1.0,1.0,2.0
42_premise0,"The jews are seen as representing everything vile, deviant, and unnatural.",1,1.0,CFS,CFS,0.0,0.0,3.0,2.0
43_premise0,Asian girls might be more violent and stupid than black males.,1,1.0,CFS,CFS,1.0,0.0,3.0,1.0
44_premise0,The old Plantation system was profitable (resulting in millions of dollars) for white people.,1,0.0,CFS,CFS,0.0,0.0,3.0,2.0
45_premise0,These negroes are in the middle of the street.,1,1.0,UFS,UFS,1.0,0.0,3.0,1.0
46_premise0,The mother is a whore.,1,1.0,NFS,NFS,0.0,0.0,2.0,2.0
47_premise0,Monkeys and Apes are noble creatures and they rarely act violently.,1,0.0,CFS,CFS,1.0,0.0,3.0,1.0
48_premise0,These figures show that it is not enough to just talk about the restriction of non-white immigration.,1,0.0,CFS,CFS,0.0,0.0,2.0,2.0
49_premise0,Nigerian women don't know how to hold civilised conversations.,1,1.0,CFS,CFS,1.0,0.0,2.0,1.0
50_premise0,Not one of these Hungarians gave one good source validating their preposterous claims.,1,1.0,CFS,CFS,1.0,1.0,1.0,1.0
51_premise0,"In this misery-torn country, there are 70 officially billionaires, tens of thousands millionaires, and tens of millions of poor and miserable people.",1,0.0,CFS,CFS,0.0,0.0,3.0,2.0
52_premise0,Non-whites commit more crimes against whites each year.,1,1.0,CFS,CFS,0.0,0.0,3.0,2.0
53_premise0,The propaganda is created by Jews.,1,1.0,CFS,CFS,1.0,0.0,3.0,1.0
54_premise0,Whites have left black countries alone to do what they do naturally.,1,1.0,CFS,CFS,0.0,0.0,3.0,2.0
55_premise0,Non-whites are becoming a hegemony.,1,1.0,CFS,CFS,0.0,0.0,3.0,2.0
56_premise0,Black people who are not part of the civilized world serve no purpose.,1,1.0,NFS,NFS,1.0,0.0,2.0,1.0
57_premise0,Helping white brothers and sisters see the truth is important.,1,0.0,NFS,NFS,0.0,0.0,3.0,2.0
58_premise0,You should throw the stink bombs on the floor.,1,1.0,NFS,NFS,0.0,0.0,3.0,2.0
59_premise0,"Without a strong family behind her, a young girl is vulnerable.",1,0.0,CFS,CFS,0.0,0.0,2.0,2.0
60_premise0,Blacks and Muslims are everywhere.,1,1.0,CFS,CFS,1.0,0.0,3.0,1.0
61_premise0,The scum are sending millions of their kin to my country.,1,1.0,CFS,CFS,0.0,0.0,3.0,2.0
62_premise0,Our neighborhood was once 99% white.,1,0.0,CFS,CFS,0.0,0.0,2.0,2.0
63_premise0,Another black is trying to convince me that black slaves were force-fed animal lard through huge tubes.,1,1.0,CFS,CFS,0.0,0.0,3.0,2.0
64_premise0,"Him, his wife, and his kids have no place in a white nation.",1,1.0,CFS,NFS,0.0,0.0,2.0,2.0
65_premise0,People from India and Africa can enter Canada on a tourist visa if they can provide proof of ownership of a house in their home country.,1,0.0,CFS,CFS,0.0,0.0,3.0,2.0
66_premise0,Homosexuality is not something to be proud of.,1,1.0,NFS,NFS,1.0,0.0,2.0,1.0
67_premise0,Girls having interratial relationships are condemning their kids and furture generations of kids to a non white future .,1,1.0,CFS,CFS,0.0,0.0,3.0,2.0
68_premise0,"Hopefully, this disgusting lie spread by the Jews will be addressed and corrected one day.",1,1.0,NFS,CFS,1.0,0.0,2.0,1.0
69_premise0,The boys will use the plastic whisks as swords.,1,0.0,NFS,UFS,0.0,0.0,2.0,2.0
70_premise0,Dating a non-white person is considered bad.,1,1.0,CFS,CFS,0.0,0.0,3.0,2.0
71_premise0,Normal whites are outnumbered by wiggers in schools.,1,1.0,CFS,CFS,0.0,0.0,3.0,2.0
72_premise0,The UAF are just a bunch of middle class faggots.,1,1.0,CFS,CFS,1.0,0.0,2.0,1.0
73_premise0,It is considered a dirty move to kick another man in the nuts.,1,0.0,UFS,UFS,1.0,0.0,3.0,1.0
74_premise0,The baby boomers are in control of the country.,1,0.0,CFS,CFS,0.0,0.0,3.0,2.0
75_premise0,There was a black man in my hometown who wore a KKK emblem.,1,0.0,UFS,UFS,1.0,0.0,3.0,1.0
76_premise0,Black and Asian immigrants are coming into our country.,1,0.0,CFS,CFS,0.0,0.0,3.0,2.0
77_premise0,I am glad to hear about my brothers being ready to fight against immigrants.,1,1.0,NFS,NFS,0.0,0.0,2.0,2.0
78_premise0,Gays want gay marriage.,1,0.0,CFS,CFS,0.0,0.0,3.0,2.0
79_premise0,"Yelling at ""the nigs"" will result in consequences such as suspension, getting jumped, and potentially making new ""wn friends""",1,1.0,CFS,CFS,0.0,0.0,3.0,2.0
80_premise0,A wolf is pretty but you don't wanna pet one.,1,0.0,NFS,CFS,1.0,0.0,2.0,1.0
81_premise0,The pakis are not trying to fit in.,1,0.0,CFS,CFS,1.0,0.0,3.0,1.0
82_premise0,"Asiacourt used to be a beautiful, safe and white area in Scarborough.",1,1.0,CFS,CFS,0.0,0.0,2.0,2.0
83_premise0,Jews have a history of coming up with fake hate crimes.,1,1.0,CFS,CFS,0.0,0.0,3.0,2.0
84_premise0,"Mexican gang members constantly kicked me, preventing me from completing my homework.",1,1.0,CFS,UFS,0.0,0.0,2.0,2.0
85_premise0,"Welcoming ""leeches"" into society is not acceptable.",1,1.0,NFS,CFS,1.0,0.0,2.0,1.0
86_premise0,These knackers/pykies have no respect for their race or loyalty to Ireland .,1,1.0,CFS,CFS,1.0,0.0,3.0,1.0
87_premise0,We wouldn't do to Afganies what they are doing in our country.,1,0.0,NFS,CFS,0.0,0.0,2.0,2.0
88_premise0,"In Africa, people have proven to be incapable of feeding themselves.",1,1.0,CFS,CFS,0.0,0.0,3.0,2.0
89_premise0,I have always considered teaching as one of the professions I would like to get into.,1,0.0,NFS,NFS,0.0,0.0,2.0,2.0
90_premise0,I have had problems at one or two places that were infested with groids.,1,1.0,UFS,UFS,1.0,0.0,2.0,1.0
91_premise0,You are white and you are better then them.,1,1.0,CFS,CFS,1.0,0.0,2.0,1.0
92_premise0,Anyone who cannot or will not take responsibility and be master of their own lives is already a slave.,1,0.0,NFS,NFS,1.0,0.0,2.0,1.0
93_premise0,Even after being nearly murdered for being white Mr. Begley is still a ridiculous * * * * * * -loving fool .,1,1.0,CFS,UFS,1.0,0.0,2.0,1.0
94_premise0,Many whites live in rural areas or small towns.,1,0.0,CFS,CFS,0.0,0.0,3.0,2.0
95_premise0,We are all whites.,1,0.0,CFS,CFS,1.0,0.0,3.0,1.0
96_premise0,Africans in South Africa have murdered over 40 thousand of them since the end of White rule.,1,1.0,CFS,CFS,0.0,0.0,3.0,2.0
97_premise0,"Homosexuals use the argument that there are no ""red letters"" about their behavior to justify it.",1,0.0,CFS,CFS,0.0,0.0,3.0,2.0
98_premise0,The Blacks and Hispanics should have their own school and have worse education.,1,1.0,NFS,NFS,1.0,0.0,3.0,1.0
99_premise0,The jews that tried to get here were all sent back to Germany.,1,0.0,CFS,CFS,0.0,0.0,3.0,2.0
100_premise0,We have evolved to be better.,1,0.0,CFS,UFS,1.0,1.0,1.0,1.0
101_premise0,i dont think this Muslim killed him because he thought the swedish boy looked like a racist.,1,0.0,NFS,NFS,1.0,0.0,2.0,1.0
102_premise0,"The word ""racist"" makes people being called racist think they are doing something wrong.",1,0.0,CFS,CFS,1.0,0.0,2.0,1.0
103_premise0,There are 1 million or more illegal immigrants working in the service industry.,1,0.0,CFS,CFS,0.0,0.0,3.0,2.0
104_premise0,"Birmingham was once known as the ""workshop of the world"" and a city of a thousand trades.",1,0.0,CFS,CFS,0.0,0.0,3.0,2.0
105_premise0,Nigeria is acting like one big ghetto queen.,1,1.0,NFS,NFS,1.0,0.0,2.0,1.0
106_premise0,Liberals want to blame White people.,1,1.0,CFS,CFS,1.0,0.0,3.0,1.0
107_premise0,Muslims breed like vermin.,1,1.0,CFS,CFS,0.0,0.0,3.0,2.0
108_premise0,Jews of Summer Redstone and MTV put likes on media posts.,1,0.0,CFS,CFS,1.0,0.0,2.0,1.0
109_premise0,"Ignorant lefties fight for ""their class"".",1,1.0,CFS,CFS,1.0,1.0,1.0,1.0
110_premise0,The sickening media brainwashes the negroes.,1,1.0,CFS,CFS,1.0,0.0,2.0,1.0
111_premise0,Black and brown refugees that are flooding the country now are fake.,1,1.0,CFS,CFS,0.0,0.0,3.0,2.0
112_premise0,The teams should represent the best of our nations.,1,0.0,CFS,CFS,0.0,0.0,2.0,2.0
113_premise0,"My wife 's favorite place in Ireland is in the Kingdom , Cloghane Village , and O' Connor 's pub.",1,0.0,UFS,UFS,0.0,0.0,2.0,2.0
114_premise0,They show disrespect to other people because they know it pisses the whites off.,1,1.0,CFS,CFS,1.0,0.0,2.0,1.0
115_premise0,Average negro lacks the intellect for basic firearms training.,1,1.0,CFS,CFS,1.0,0.0,3.0,1.0
116_premise0,It's time for some old west justice.,1,1.0,NFS,NFS,0.0,0.0,3.0,2.0
117_premise0,My wife had to spend time at the UP Hospital in Philadelphia.,1,0.0,UFS,UFS,0.0,0.0,3.0,2.0
118_premise0,Walmart is full of * * * * ing pakis and * * * * in there .,1,1.0,CFS,CFS,1.0,0.0,2.0,1.0
119_premise0,White kids need to interact with kneegrows and other non white kids.,1,1.0,NFS,CFS,1.0,0.0,3.0,1.0
120_premise0,I was unaware that the bar was owned by a person of color.,1,0.0,UFS,UFS,1.0,0.0,3.0,1.0
121_premise0,The communist party was mostly composed of Jews.,1,0.0,CFS,CFS,0.0,0.0,3.0,2.0
122_premise0,A lot of houses are being bought in my area.,1,0.0,CFS,CFS,0.0,0.0,2.0,2.0
123_premise0,All of the security guards I see are white.,1,0.0,CFS,CFS,0.0,0.0,2.0,2.0
124_premise0,Nothing is being done to negroes when a crime is committed.,1,1.0,CFS,CFS,0.0,0.0,3.0,2.0
125_premise0,A bitch that is hungry for a dick is not worth reasoning with.,1,1.0,NFS,NFS,0.0,0.0,2.0,2.0
126_premise0,The remaining whites are leaving London.,1,0.0,CFS,CFS,0.0,0.0,3.0,2.0
127_premise0,Kingston upon Thames is infested by immigrants.,1,1.0,CFS,CFS,0.0,0.0,3.0,2.0
128_premise0,Bodybuilding contests only have whites and maybe one or two blacks.,1,0.0,CFS,CFS,0.0,0.0,3.0,2.0
129_premise0,The Swedes were once known as the most peaceful people in the world.,1,0.0,CFS,CFS,0.0,0.0,3.0,2.0
130_premise0,We need to prioritize every white child and adult is fed.,1,1.0,NFS,NFS,1.0,0.0,3.0,1.0
131_premise0,Marco is a German patriot and musician.,1,0.0,CFS,UFS,1.0,0.0,3.0,1.0
132_premise0,Stupid brown savages are slaughtering animals and worshipping them in India.,1,1.0,CFS,CFS,1.0,0.0,3.0,1.0
133_premise0,when you drive you have to swing.,1,0.0,UFS,UFS,0.0,0.0,2.0,2.0
134_premise0,There have been times when I have walked past some Nigerian or skinny people.,1,0.0,UFS,UFS,1.0,0.0,3.0,1.0
135_premise0,There is an anti-white festival in town.,1,0.0,CFS,UFS,1.0,0.0,2.0,1.0
136_premise0,Blacks have to run from lions and tigers.,1,1.0,CFS,CFS,1.0,0.0,2.0,1.0
137_premise0,The Jews are sending their third world minions after the European people.,1,1.0,CFS,CFS,0.0,0.0,3.0,2.0
138_premise0,Foreign nationals have invaded our country.,1,1.0,CFS,CFS,0.0,0.0,3.0,2.0
139_premise0,"Having a black, Kenyan White-hating muslime in the Whitehouse has created something bad.",1,1.0,CFS,CFS,0.0,0.0,2.0,2.0
140_premise0,The dirty birds in a filthy jew kosher slaughterhouse posed a health risk to the community.,1,1.0,CFS,CFS,0.0,0.0,2.0,2.0
141_premise0,she seems to think the Blacks wo n't kill her alongside every other White they can get their dirty hands on.,1,1.0,CFS,NFS,0.0,0.0,2.0,2.0
142_premise0,A person that is second generation London Jamaican is giving out about Ireland.,1,0.0,NFS,UFS,0.0,0.0,2.0,2.0
143_premise0,60% of homosexuals already have AIDS.,1,0.0,CFS,CFS,0.0,0.0,3.0,2.0
144_premise0,This woman has a child by a mulatto.,1,0.0,NFS,UFS,1.0,0.0,2.0,1.0
145_premise0,I'm going to college with black people.,1,0.0,UFS,UFS,0.0,0.0,3.0,2.0
146_premise0,There are many alternatives to adopting babies. Surrogate mothers and invitro fertilization are just two.,1,0.0,CFS,CFS,0.0,0.0,3.0,2.0
147_premise0,The apes went nuts and I could not control them.,1,1.0,CFS,UFS,1.0,0.0,2.0,1.0
148_premise0,Black people are in the middle of the street.,1,0.0,UFS,UFS,1.0,0.0,3.0,1.0
149_premise0,The mother has biracial kids.,1,0.0,UFS,UFS,1.0,0.0,3.0,1.0
150_premise0,Monkeys and Apes are noble creatures and they rarely act violently.,1,0.0,CFS,CFS,1.0,0.0,3.0,1.0
151_premise0,Not one of these Hungarians gave one good source validating their claims.,1,0.0,CFS,UFS,1.0,0.0,3.0,1.0
152_premise0,"In this misery-torn country, there are 70 officially billionaires, tens of thousands millionaires, and tens of millions of poor and miserable people.",1,0.0,CFS,CFS,0.0,0.0,3.0,2.0
153_premise0,Our neighborhood was once 99% white.,1,0.0,CFS,CFS,0.0,0.0,2.0,2.0
154_premise0,White girls are attracted to young black people.,1,0.0,CFS,CFS,0.0,0.0,2.0,2.0
155_premise0,Asiacourt used to be a beautiful area in Scarborough.,1,0.0,CFS,CFS,1.0,1.0,1.0,1.0
156_premise0,I have had problems at one or two places where there were black people.,1,0.0,UFS,UFS,1.0,0.0,3.0,1.0
157_premise0,Even after being nearly murdered for being white Mr. Begley is still loving black people.,1,0.0,CFS,UFS,0.0,0.0,2.0,2.0
158_premise0,There are 1 million or more illegal immigrants working in the service industry.,1,0.0,CFS,CFS,0.0,0.0,3.0,2.0
159_premise0,Nigeria is squeezing out more babies.,1,0.0,CFS,CFS,0.0,0.0,3.0,2.0
160_premise0,It's time for some justice.,1,0.0,NFS,NFS,0.0,0.0,3.0,2.0
161_premise0,The dirty birds in a filthy jew kosher slaughterhouse posed a health risk to the community.,1,1.0,CFS,CFS,0.0,0.0,2.0,2.0
162_premise0,vile hordes are invading our lands.,1,1.0,CFS,CFS,1.0,0.0,3.0,1.0
163_premise0,people from various countries are willing to desert their homelands and families to come to a small island.,1,1.0,CFS,CFS,1.0,0.0,3.0,1.0
164_premise0,we might look down on blacks and pakis as scum and not want them living near us.,1,0.0,NFS,NFS,0.0,0.0,3.0,2.0
165_premise0,leicester has a large queer population.,1,1.0,CFS,CFS,0.0,0.0,3.0,2.0
166_premise0,anti-whites are keen to come on here and tell us that all is lost.,1,1.0,CFS,CFS,1.0,0.0,2.0,1.0
167_premise0,ukraine nationalists and right wing should understand that our white race in all nations in europe north america australia and south africa along with any other white nations should support each other and join together.,1,1.0,NFS,NFS,1.0,0.0,3.0,1.0
168_premise0,"living in a border state, texas, the problems of illegal aliens is a stark reality.",1,1.0,CFS,CFS,1.0,0.0,3.0,1.0
169_premise0,non-whites love the infighting among white people.,1,1.0,CFS,CFS,1.0,0.0,2.0,1.0
170_premise0,abortion is leading to the genocide of the black race.,1,0.0,CFS,CFS,0.0,0.0,3.0,2.0
171_premise0,california is full of sick self-hating whites.,1,0.0,CFS,CFS,1.0,0.0,2.0,1.0
172_premise0,ra-heem had a gun with 17 bumps and jose disrespected him in front of og people.,1,1.0,UFS,UFS,0.0,0.0,3.0,2.0
173_premise0,this is the last year in school for the target of hate.,1,0.0,UFS,UFS,0.0,0.0,3.0,2.0
174_premise0,muslims rule the streets every friday.,1,0.0,CFS,CFS,0.0,0.0,2.0,2.0
176_premise0,i watch fights on gay parade in budapest together with my friends from hungary.,1,0.0,UFS,UFS,0.0,0.0,3.0,2.0
177_premise0,two niglet boys were being hostile and ready to rumble.,1,0.0,UFS,UFS,1.0,0.0,3.0,1.0
178_premise0,i want to express my hatred towards a certain group of people.,1,1.0,NFS,NFS,0.0,0.0,3.0,2.0
179_premise0,"when i was last time in south africa, we went to sun city and saw little black monkey children swimming. .",1,1.0,UFS,UFS,1.0,0.0,3.0,1.0
180_premise0,the jew media likes to prop this whites becoming the minority non sense up because they want to try and scare whitey.,1,0.0,CFS,CFS,0.0,0.0,2.0,2.0
181_premise0,"people need to stand up and say ""no, we have had enough"".  .",1,0.0,NFS,NFS,0.0,0.0,3.0,2.0
182_premise0,the talmud says vile and despicable things about mary and jesus.,1,0.0,CFS,CFS,0.0,0.0,3.0,2.0
183_premise0,moscow is being cleaned in a certain way.,1,0.0,CFS,CFS,0.0,1.0,1.0,2.0
184_premise0,i had the luck to meet some africans in the past.,1,0.0,UFS,UFS,0.0,0.0,3.0,2.0
185_premise0,couple befriend negroid.,1,1.0,NFS,UFS,0.0,0.0,2.0,2.0
186_premise0,Every action he's taken reveals that he is completely unacceptable as a citizen in White societies.,1,1.0,CFS,UFS,0.0,0.0,2.0,2.0
187_premise0,"If it was a poor black fella bashed, it would be on the news for weeks on end.",1,1.0,CFS,CFS,0.0,1.0,1.0,2.0
188_premise0,Little shops were white runned and owned and would hire people from the community.,1,0.0,CFS,CFS,0.0,0.0,2.0,2.0
189_premise0,Egyptians are about to hand power to a bunch of hard line Islamic fundamentalists.,1,1.0,CFS,CFS,0.0,0.0,2.0,2.0
190_premise0,Plenty of whites have sold us down the river so to speak.,1,1.0,CFS,CFS,1.0,0.0,2.0,1.0
191_premise0,London nowadays is more dangerous for tourists than Zimbabwe.,1,1.0,CFS,CFS,0.0,0.0,3.0,2.0
192_premise0,Lebanese and other Arabs have been intimidating white women on Cronulla beach.,1,1.0,CFS,CFS,0.0,0.0,3.0,2.0
193_premise0,In mid 2000 there were no non-White people in Mildura.,1,0.0,CFS,CFS,0.0,0.0,3.0,2.0
194_premise0,It would be fun to put on a minstrel show.,1,0.0,NFS,NFS,0.0,0.0,3.0,2.0
195_premise0,White race tend to be the smartest race.,1,1.0,CFS,CFS,0.0,0.0,3.0,2.0
196_premise0,"Bicycling is primarily a white activity, like sunbathing, going swimming, playing golf, tennis, and attending a social function without a brawl taking place.",1,1.0,CFS,CFS,0.0,0.0,3.0,2.0
197_premise0,There are seven billion humans on the planet.,1,0.0,CFS,CFS,0.0,0.0,3.0,2.0
198_premise0,"Miscegenation destroys perfectly good DNA, even nonwhite DNA.",1,1.0,CFS,CFS,1.0,0.0,3.0,1.0
199_premise0,There are too many negroes around here.,1,1.0,NFS,NFS,0.0,0.0,2.0,2.0
200_premise0,"every time i go to galway city, i see a lot of black people. .",1,0.0,UFS,UFS,1.0,0.0,2.0,1.0
201_premise0,one of her daughters may have died.,1,0.0,UFS,UFS,1.0,0.0,3.0,1.0
202_premise0,i have seen some very beautiful white women.,1,0.0,UFS,UFS,1.0,0.0,2.0,1.0
203_premise0,david bernstein is a member of a certain tribe.,1,0.0,CFS,UFS,0.0,0.0,2.0,2.0
204_premise0,"police have arrested someone on moore street, dublin city centre.  .",1,0.0,CFS,UFS,0.0,0.0,2.0,2.0
205_premise0,there are many people of different backgrounds living in the same town.,1,0.0,CFS,CFS,1.0,0.0,2.0,1.0
206_premise0,he thought i might [say something],1,0.0,NFS,NFS,0.0,0.0,3.0,2.0
207_premise0,those in the countries mentioned are the mongrel offspring between whites (aryans) and arabs.,1,0.0,CFS,UFS,1.0,0.0,2.0,1.0
208_premise0,white liberal neighborhoods and gated communities are too white.,1,0.0,CFS,CFS,0.0,0.0,2.0,2.0
209_premise0,there are only 10 black kids in our school and 300 hispanic kids.,1,0.0,CFS,CFS,0.0,0.0,2.0,2.0
210_premise0,my high school is 100% white.,1,0.0,CFS,CFS,0.0,0.0,2.0,2.0
211_premise0,your house door was locked.,1,0.0,UFS,UFS,0.0,0.0,3.0,2.0
212_premise0,they act as if negros with aids should have the right to reproduce.,1,1.0,NFS,NFS,0.0,0.0,2.0,2.0
213_premise0,whites today have white guilt laid upon them.,1,0.0,UFS,NFS,1.0,0.0,2.0,1.0
214_premise0,all of his friends should know about this book.,1,0.0,NFS,NFS,1.0,0.0,3.0,1.0
215_premise0,i just saw a hershey's commercial on tv.,1,0.0,UFS,UFS,0.0,0.0,3.0,2.0
216_premise0,we have to do our part and speak out loud about the fact that hate is not being reported in the news or in the newspapers.,1,0.0,CFS,CFS,0.0,0.0,2.0,2.0
217_premise0,finland has the lowest immigration rate in europe.,1,0.0,CFS,CFS,0.0,0.0,3.0,2.0
218_premise0,"irish 87.4%, other white 7.5%, asian 1.3%, black 1.1%, mixed 1.1%, unspecified 1.6% (2006 census). .",1,0.0,CFS,CFS,1.0,0.0,3.0,1.0
219_premise0,african people are receiving welfare payments.,1,0.0,CFS,CFS,0.0,0.0,3.0,2.0
220_premise0,"every time i go to galway city, i see a lot of niggas.",1,1.0,NFS,UFS,1.0,0.0,2.0,1.0
221_premise0,white liberal neighborhoods and gated communities are too white.,1,0.0,CFS,CFS,0.0,0.0,2.0,2.0
222_premise0,there are only 10 niggas in our school and 300 fucking hispanic kids.,1,1.0,CFS,CFS,0.0,0.0,2.0,2.0
223_premise0,my high school is 100% white.,1,0.0,CFS,CFS,0.0,0.0,2.0,2.0
224_premise0,i just saw a hershey's commercial on tv.,1,0.0,UFS,UFS,0.0,0.0,3.0,2.0
225_premise0,"irish 87.4%, other white 7.5%, asian 1.3%, black 1.1%, mixed 1.1%, unspecified 1.6% (2006 census). .",1,0.0,CFS,CFS,1.0,0.0,3.0,1.0
226_premise0,An Irish prison is like a luxury hotel.,1,0.0,CFS,CFS,0.0,0.0,3.0,2.0
227_premise0,White nationalists spread fear in blacks by claiming that Jews do not care for them.,0,,CFS,CFS,0.0,0.0,3.0,2.0
228_premise0,"Some Serbian beings are known as Bauk, Bukavac, Cikavac, Psoglav, Stuhać, Sreća, Zduhać, etc.",0,,CFS,CFS,0.0,0.0,3.0,2.0
229_premise0,Two thirds of bright pupils at age 11 are directed towards soft subjects at GCSE.,0,,CFS,CFS,0.0,0.0,2.0,2.0
230_premise0,i was brought up the same way my father always told me if someone hit me i was to hit them back and twice as hard so they thought twice about doing it again,0,,NFS,UFS,0.0,0.0,2.0,2.0
231_premise0,I havent seen a white security gaurd for years,0,,UFS,UFS,1.0,0.0,3.0,1.0
232_premise0,"In Germany and other Western European countries, Nazis are banned from everywhere.",0,,CFS,CFS,0.0,0.0,3.0,2.0
233_premise0,That 's the only beach i 've ever been to and then again i 've only been 4 or so times,0,,UFS,UFS,1.0,0.0,3.0,1.0
234_premise0,I sit around everyday saying white pride and all.,0,,UFS,UFS,1.0,0.0,3.0,1.0
235_premise0,I am new on here and so far i like most of what i have seen.,0,,NFS,NFS,0.0,0.0,3.0,2.0
236_premise0, I was on his call list there at the hospital,0,,UFS,UFS,0.0,0.0,3.0,2.0
237_premise0,It is about time damn it If we keep listening to the damn Ass teachers we are going to change from Aryan to Airy,0,,NFS,NFS,1.0,0.0,2.0,1.0
238_premise0,"Based on the rate of improvement from 2003 to 2009 , it would take up to 105 years to close the white/Hispanic achievement gap and at least 189 years to close the white/black gap ",0,,CFS,CFS,0.0,0.0,3.0,2.0
239_premise0,Just as Hitler 's youth ours must be addressed early to the doctrines in order to secure a foundamental inherent belief system,0,,NFS,NFS,0.0,0.0,3.0,2.0
240_premise0,im a 29 year old proud white male,0,,UFS,UFS,1.0,0.0,3.0,1.0
241_premise0,White Irish nationalist for Ireland White German nationalist for Germany White Dutch people for the Netherlands,0,,NFS,NFS,1.0,0.0,3.0,1.0
242_premise0,The Brits celebrated the God Tyr on the second day of the week.,0,,CFS,CFS,0.0,0.0,3.0,2.0
243_premise0,Normal people of either orientation do n't have their sex life at the centre of their attention all the time,0,,CFS,CFS,1.0,0.0,3.0,1.0
244_premise0,My favorite part. sheds some light on how the Holocaust is taught in high schools around the world,0,,NFS,NFS,0.0,0.0,3.0,2.0
245_premise0,im new on this site,0,,UFS,UFS,1.0,0.0,2.0,1.0
246_premise0,"i worry about my kids education as i am not very intelligent , nor do i have experience with kids or educating them.",0,,UFS,UFS,1.0,0.0,2.0,1.0
247_premise0,It is important to stay grounded with a group who are not part of the mass.,0,,NFS,NFS,0.0,0.0,3.0,2.0
248_premise0,She is off this week from school for thanksgiving.,0,,UFS,UFS,1.0,0.0,3.0,1.0
249_premise0,Well here we have it a white european team against a latin american team.,0,,UFS,UFS,0.0,0.0,2.0,2.0
250_premise0,The word nationalism to this day doesnt have a watertight definition,0,,CFS,CFS,1.0,0.0,3.0,1.0
251_premise0,i am a reserve officer in my town,0,,UFS,UFS,1.0,0.0,3.0,1.0
252_premise0,I have short hair,0,,UFS,UFS,1.0,0.0,3.0,1.0
253_premise0,"If you really want to change that bad grammar habit , simply practice at home ( or in your work cubicle )",0,,NFS,NFS,0.0,0.0,3.0,2.0
254_premise0,Drinking does ease the sorrow of a lonely life,0,,CFS,CFS,1.0,1.0,1.0,1.0
255_premise0,"David Allen Snyder, age 26, died on October 18, 2009 at his residence in Findlay, Ohio.",0,,UFS,CFS,1.0,0.0,3.0,1.0
256_premise0,The no child left behind program is bull in my mind,0,,UFS,UFS,1.0,0.0,2.0,1.0
257_premise0,That s how I and my friends were for awhile we have the same beliefs,0,,UFS,UFS,1.0,0.0,2.0,1.0
258_premise0,"I've seen it , the whole thing",0,,UFS,UFS,1.0,0.0,2.0,1.0
259_premise0,"If a White person says they 're against interracial marriage , then that 's racist.",0,,NFS,UFS,0.0,1.0,1.0,2.0
260_premise0,Genetic makeup determines physical appearance.,0,,CFS,CFS,0.0,0.0,3.0,2.0
261_premise0,"Oh Chrommagus , we are so lucky that you did not destroy this `` gypsy capital of Sofia '' , ( Whatever it means )",0,,NFS,NFS,1.0,0.0,2.0,1.0
262_premise0,Services account for 62.6% of GDP,0,,CFS,CFS,0.0,0.0,3.0,2.0
263_premise0,I just got a car.,0,,UFS,UFS,1.0,0.0,3.0,1.0
264_premise0,It 's good to spook kids with our folklore so they can pass it down,0,,NFS,NFS,0.0,0.0,3.0,2.0
265_premise0,I cant stand this guy and hate it when i meet whites and they say how funny they think he is,0,,NFS,NFS,0.0,0.0,3.0,2.0
266_premise0,Most jews seem pretty white,0,,CFS,CFS,1.0,0.0,3.0,1.0
267_premise0,The homosexual outcasts of the nation moved into San Francisco's Castro District.,0,,CFS,CFS,0.0,0.0,3.0,2.0
268_premise0,Probably be a good idea to call your kid 's teachers and find out what they are learning about ,0,,NFS,NFS,0.0,0.0,3.0,2.0
269_premise0,I went to Iran when I was little ( I only went to Shiraz & Tehran ),0,,UFS,UFS,0.0,0.0,3.0,2.0
270_premise0,im not in history this year. cant really talk about last year cause i forgot most of it by now,0,,UFS,UFS,1.0,0.0,2.0,1.0
271_premise0,Wiggers by nature are very much influenced by peer pressure ( that 's why they are wiggers ),0,,CFS,CFS,1.0,0.0,3.0,1.0
272_premise0,you can shock them wake them up or remind them.,0,,NFS,NFS,0.0,0.0,3.0,2.0
273_premise0,The hippies moved in from all across the nation to the Haight Ashbury.,0,,CFS,CFS,1.0,0.0,2.0,1.0
274_premise0,This is a picture of Christian Albanian people,0,,UFS,UFS,0.0,0.0,2.0,2.0
275_premise0,"In a crisis, people will have to join us or face death at the hands of non-whites.",0,,NFS,CFS,1.0,0.0,2.0,1.0
276_premise0,so we cannot post on this subject because at this moment in time we are not in the same AREA as you .... WHATEVER,0,,UFS,UFS,1.0,0.0,2.0,1.0
277_premise0,a black racist bus driver started to call my sister and her friends racial names,0,,UFS,UFS,1.0,0.0,3.0,1.0
278_premise0,These in Russia i saw was pure black as black as can be,0,,UFS,UFS,1.0,0.0,2.0,1.0
279_premise0,im looking to make new friends,0,,UFS,UFS,1.0,0.0,2.0,1.0
280_premise0,"If a 10th grade teacher says they 're grading from a rubric that says they 're grading based on grammar , spelling , sentence structure , and format only they ca n't , in most cases , turn around and give you a failing grade for the assignment because they do n't like the content .",0,,CFS,UFS,0.0,1.0,1.0,2.0
281_premise0,"if they can sell this stuff to White women , what CAN' T they sell them ?",0,,NFS,NFS,1.0,0.0,2.0,1.0
282_premise0,My first kiss was a girl called Kelsey that lived down the street from me when i was 10,0,,UFS,UFS,1.0,0.0,3.0,1.0
283_premise0,I also attended a Masters/PhD graduation ceremony at a major state university a few years ago,0,,UFS,UFS,0.0,0.0,3.0,2.0
284_premise0,There is a meeting or event happening outside the UCC in Cork at 10:30 am on the 10th of March.,0,,UFS,UFS,1.0,0.0,3.0,1.0
285_premise0,"Vanemuine, the God of songs and games, did not approve of Estonians singing in English.",0,,NFS,CFS,1.0,0.0,3.0,1.0
286_premise0,Parents work all the time and let their kids watch hours of Mtv after school.,0,,CFS,CFS,1.0,0.0,2.0,1.0
287_premise0,The immigration laws have not been updated.,0,,CFS,CFS,0.0,0.0,3.0,2.0
288_premise0,I wonder why this has been introduced,0,,NFS,NFS,0.0,0.0,3.0,2.0
289_premise0,UKIP seems like a small step in the right direction.,0,,NFS,NFS,0.0,0.0,3.0,2.0
290_premise0,First it was called `` Kod pastira '' ( At Shepherd 's ) in 1878 ,0,,CFS,CFS,1.0,0.0,3.0,1.0
291_premise0,Junior school kids are not allowed to sing Bar Bar Black Sheep anymore.,0,,CFS,CFS,1.0,0.0,3.0,1.0
292_premise0,The elderly gentleman has dedicated his life to exposing the Holocaust myth.,0,,CFS,UFS,0.0,0.0,2.0,2.0
293_premise0,The band was singing the only English song.,0,,UFS,UFS,1.0,0.0,3.0,1.0
294_premise0,The bulk of people on Stormfront use it as a sort of Dungeons and Dragons or fantasy football league.,0,,CFS,CFS,1.0,1.0,1.0,1.0
295_premise0,Absolute Vodka is a sponsor for RuPaul's Drag Race.,0,,CFS,CFS,0.0,0.0,3.0,2.0
296_premise0,"I read in ""March of the Titans"" that there are three ""subraces"" of whites: Nordic, Alpine, and Mediterranean.",0,,CFS,CFS,0.0,0.0,3.0,2.0
297_premise0,i think everybody knew check out his thread ' skinheads ' https : //www.stormfront.org/forum/show,0,,NFS,NFS,0.0,0.0,3.0,2.0
298_premise0,Many alcoholics can fall into `` zapoy '' and drink up to 5-7 liters of `` palenka '' during the daylight time,0,,CFS,CFS,0.0,0.0,2.0,2.0
299_premise0,I want more data but this is a good start,0,,UFS,NFS,1.0,0.0,2.0,1.0
300_premise0,"In interviews with the sailors , Bikel learns of some of the high-pressure police interrogation techniques",0,,CFS,CFS,0.0,0.0,2.0,2.0
301_premise0,"If I show fyromanians a picture of a beautiful white Bulgarian girl and don't tell them she is Bulgarian, they will see her as a white European.",0,,CFS,UFS,0.0,1.0,1.0,2.0
302_premise0,I have a 3-y-o son,0,,UFS,UFS,1.0,0.0,3.0,1.0
303_premise0,Since my relatives used to be arranged for a trip when the Feds has a new plan,0,,UFS,UFS,1.0,0.0,2.0,1.0
304_premise0,Tens of thousands of people graduate with these worthless degrees,0,,CFS,CFS,1.0,0.0,3.0,1.0
305_premise0,"People know their nationality from birth, not from books.",0,,CFS,CFS,0.0,0.0,2.0,2.0
306_premise0,I thank that the only one that can tall you what to do is your self and no one els,0,,NFS,NFS,0.0,0.0,3.0,2.0
307_premise0,I just got a group started in my area Roswell Aryan Front ,0,,UFS,UFS,1.0,0.0,2.0,1.0
308_premise0,I put a aluminum pistol cleaning rod in my cordless drill with brush attached.,0,,UFS,UFS,0.0,0.0,2.0,2.0
309_premise0,My buddy showed me this place last night.,0,,UFS,UFS,1.0,0.0,2.0,1.0
310_premise0,`` The aim and final end of all music should be none other than the glory of God and the refreshment of the soul . '' - Johann Sebastian Bach,0,,NFS,NFS,0.0,0.0,2.0,2.0
311_premise0,im in town every day and i 've never come accross them.,0,,UFS,UFS,1.0,0.0,3.0,1.0
312_premise0,"We are cooking a duck on the rotisserie, catch the fat drippings and cook little potatoes in that , its delicious",0,,UFS,UFS,1.0,0.0,2.0,1.0
313_premise0,i do this and the looks i get out of disgust are regular,0,,UFS,UFS,1.0,0.0,2.0,1.0
314_premise0,I just had my first child.,0,,UFS,UFS,0.0,0.0,3.0,2.0
315_premise0,I contacted the school about the boy with the knife,0,,UFS,UFS,1.0,0.0,2.0,1.0
316_premise0,Responsible Body Armor Possession Act Keeps Military Armor out of the Wrong Hands | Congressman Mike Honda,0,,CFS,CFS,0.0,0.0,3.0,2.0
317_premise0,My niece Annabella has beautiful blonde hair and blue eyes.,0,,UFS,UFS,1.0,0.0,3.0,1.0
318_premise0,i joined this site just a few hours ago but ive been visiting for a while before hand,0,,UFS,UFS,1.0,0.0,2.0,1.0
319_premise0,I 'm trying to move myself and my three year old son up to Northern California or even out of state somewhere near woodlands,0,,UFS,UFS,1.0,0.0,3.0,1.0
320_premise0,The swastika is a powerful symbol that strikes fear into the heart of our racial enemies.,0,,CFS,CFS,1.0,0.0,3.0,1.0
321_premise0,"This is what we used to sing in elementary school ""Mine eyes have seen the glory of the burning of the school We have tortured all the teachers , we have broken every rule We are heading for the Principal with fire and torture too As we go marching on !""
",0,,UFS,UFS,1.0,0.0,3.0,1.0
322_premise0,A more apt analogy would be if he went to a party and showed up to find a small group of whites standing around.,0,,NFS,NFS,0.0,0.0,3.0,2.0
323_premise0,They sleep on dirty floors in dirty houses with their dirty kids,0,,UFS,UFS,0.0,1.0,1.0,2.0
324_premise0,"I thought about how we would clean the M60 barrels on the Hueys ( 2 on each side , 1 each door gunner/crew chief , 2 TAT101 front turret ",0,,UFS,NFS,1.0,0.0,2.0,1.0
325_premise0,we had a great depresion many years a go,0,,CFS,CFS,1.0,0.0,3.0,1.0
326_premise0,I want to preserve my race and culture and to live in a white country .,0,,NFS,NFS,1.0,0.0,2.0,1.0
327_premise0,When I was a kid I cut his grass for a few quid ,0,,UFS,UFS,1.0,0.0,3.0,1.0
328_premise0,California has gotten so weak,0,,CFS,CFS,1.0,0.0,2.0,1.0
329_premise0,Is there one white woman here who would like to be my Queen,0,,NFS,NFS,0.0,0.0,3.0,2.0
330_premise0,Our bluebells have flowers that droop down.,0,,UFS,UFS,1.0,0.0,2.0,1.0
331_premise0,"Gang members targeted white victims in Denver attacks on December 4, 2009.",0,,CFS,CFS,0.0,0.0,3.0,2.0
332_premise0,I was in jail in waukesha a few years back,0,,UFS,UFS,1.0,0.0,3.0,1.0
333_premise0,When it is used for the advancement of white nationalism it proves to only hold us back,0,,CFS,NFS,1.0,0.0,2.0,1.0
334_premise0,My mother's father is full blonde Irish.,0,,UFS,UFS,1.0,0.0,3.0,1.0
335_premise0,Isn't South African chocolate made by overseas companies based in SA ? ( British and Swiss ),0,,CFS,CFS,1.0,0.0,3.0,1.0
336_premise0,You have a moral duty as an upstanding citizen and white person.,0,,NFS,NFS,0.0,0.0,3.0,2.0
337_premise0,"The Lone Ranger, Annie, Vikings, Spartacus, and Hercules were all portrayed as black.",0,,CFS,CFS,0.0,0.0,3.0,2.0
338_premise0,I'm new to SF,0,,UFS,UFS,1.0,0.0,2.0,1.0
339_premise0,want someone who will be a friend and a girlfriend,0,,NFS,NFS,0.0,0.0,2.0,2.0
340_premise0,Woman was brutally attacked by 2 men in her home,0,,CFS,CFS,1.0,0.0,2.0,1.0
341_premise0,Five students were sent home for wearing American flag T-shirts on Cinco de Mayo.,0,,CFS,CFS,0.0,0.0,3.0,2.0
342_premise0,I was on a website checking into buying land in eastern Europe.,0,,UFS,UFS,0.0,0.0,2.0,2.0
343_premise0,The reflection nebulae are found along Orion's sword.,0,,CFS,CFS,0.0,0.0,3.0,2.0
344_premise0,my first kiss was when i was about 5 or 6 ,0,,UFS,UFS,1.0,0.0,3.0,1.0
345_premise0,Melinda Allen 's mother discovered the bodies of her daughter and grandson at the family 's home at 2103 Maple Ave,0,,CFS,CFS,1.0,0.0,2.0,1.0
346_premise0,"The picture I saw was a black guy looking at a laptop and a White girl sitting next to him , laughing and hanging on him also looking at the laptop",0,,UFS,UFS,1.0,0.0,2.0,1.0
347_premise0,"White, 73-year-old woman Loris, beating victim attends suspects ' court hearings by Joel Allen",0,,CFS,CFS,1.0,0.0,3.0,1.0
348_premise0,We need a homeland. ,0,,NFS,NFS,0.0,0.0,3.0,2.0
349_premise0,dont give up sister you well find what your looking for,0,,NFS,NFS,0.0,0.0,3.0,2.0
350_premise0,The world is saying that there is a global village,0,,CFS,CFS,1.0,0.0,3.0,1.0
351_premise0,"Illyrian-Celt tribes (Dalmatie, Japods etc) lived on present day Croatia",0,,CFS,CFS,0.0,0.0,3.0,2.0
352_premise0,This was done about two summers ago when she was just a baby out on the tree in the front yard.,0,,UFS,UFS,0.0,0.0,3.0,2.0
353_premise0,According to the 2005 Census Data from HERE : Non-Hispanic Whites = 66.8 % Hispanics = 14.5 % Blacks = 11.9 % Asians = 4.3 % American Indians = 0.7 % Pacific Islander = 0.1 % Other = 0.3 % Multiracial = 1.4 % Total = 100 %,0,,CFS,CFS,0.0,0.0,3.0,2.0
354_premise0,"a bull terrier is strong , loyal , great with kids , and have a bite pressure of up to 5000 lbs per square inch",0,,CFS,CFS,0.0,0.0,3.0,2.0
355_premise0,"DRM Radio will be broadcasting its second show live on Thursday, December 23rd at 8pm on http://drmradio.ubroadcast.com/.",0,,CFS,CFS,0.0,0.0,2.0,2.0
356_premise0,Larger fish eat smaller fish.,0,,CFS,CFS,0.0,0.0,3.0,2.0
357_premise0,I did time in Az.,0,,UFS,UFS,1.0,0.0,3.0,1.0
358_premise0,I used to be 395lbs,0,,UFS,UFS,1.0,0.0,3.0,1.0
359_premise0,I have seen the autopsy report on emily ,0,,CFS,NFS,0.0,1.0,1.0,2.0
360_premise0,I saw on news here in Kentucky a few days ago where someone had spray painted `` KKK '' on the side of a black School security officer 's house.,0,,CFS,CFS,0.0,0.0,2.0,2.0
361_premise0,It is the fault of the parents who do n't take an active role in their children 's education,0,,CFS,UFS,1.0,1.0,1.0,1.0
362_premise0,I have been talking to a person from Denmark.,0,,UFS,UFS,0.0,0.0,2.0,2.0
363_premise0,a few times ive been told to make kids.,0,,UFS,UFS,0.0,0.0,2.0,2.0
364_premise0,Some new faces came out to one of our recent events.,0,,UFS,UFS,1.0,0.0,2.0,1.0
365_premise0,You can start out as an aware person who does n't need a herd to tell if something just is n't right,0,,NFS,NFS,0.0,0.0,3.0,2.0
366_premise0,"Richland County deputies reported that Cason killed his estranged wife, 38-year-old Letitia Cason.",0,,CFS,CFS,0.0,0.0,3.0,2.0
367_premise0,I was born in New york city,0,,UFS,UFS,1.0,0.0,3.0,1.0
368_premise0,I went to max for my crimes being of a violent and racial nature.,0,,UFS,UFS,1.0,0.0,3.0,1.0
369_premise0,if you have enough money for high speed internet to download it you can probably afford the book !,0,,CFS,NFS,1.0,0.0,2.0,1.0
370_premise0,I was at a gas station last week.,0,,UFS,UFS,1.0,0.0,3.0,1.0
371_premise0,I know the thing on ebay said its first edition so i guess so,0,,NFS,NFS,0.0,0.0,2.0,2.0
372_premise0,how to get around buying up all the land in a PLE chosen town while refusing nonwhites to buy any property in such an area,0,,NFS,NFS,0.0,0.0,3.0,2.0
373_premise0,A small trace amounts of non white blood a few generations back can be removed naturally by generational mixing of more white blood into the lifeline of a family,0,,CFS,CFS,1.0,0.0,3.0,1.0
374_premise0,Both me and my wife would be very involved in every aspect of their schooling,0,,UFS,UFS,1.0,0.0,2.0,1.0
375_premise0,Bach did not introduce new forms but he enriched the prevailing German style particularly inspired from Italy and France .,0,,CFS,CFS,0.0,0.0,3.0,2.0
376_premise0,I assume you went to the High Caliber gun show in Houston,0,,NFS,NFS,1.0,0.0,2.0,1.0
377_premise0,"The Hubble images were combined with images from the Keck telescopes taken on Aug. 20, 21, 30, and 31.",0,,CFS,CFS,0.0,0.0,3.0,2.0
378_premise0,Jackson's retrial took jurors back to the events of late summer 1977.,0,,CFS,CFS,0.0,0.0,2.0,2.0
379_premise0,back in the day I used to hand out tracts for my church.,0,,UFS,UFS,1.0,0.0,2.0,1.0
380_premise0,State law already trumps religion when it comes to homosexuality and abortion.,0,,CFS,CFS,0.0,0.0,3.0,2.0
381_premise0,"After I clean my own toilets, I know they will be the cleanest place for my buttocks to sit on the next time there is a need for a bowel movement.",0,,NFS,NFS,0.0,0.0,3.0,2.0
382_premise0,Virginia State Police announced on Monday that a suspect in the disappearance of a University of Virginia sophomore is connected to a 2009 homicide.,0,,CFS,CFS,0.0,0.0,2.0,2.0
383_premise0,In the end the only safe thing to eat is grass,0,,CFS,CFS,1.0,0.0,3.0,1.0
384_premise0,"Alan Fishman, a 49-year-old jew from Brooklyn, NY, was arrested.",0,,CFS,CFS,0.0,0.0,2.0,2.0
385_premise0,A Chechen (32) and a Lebanese (41) are living at an asylum reception center in Norway with their families.,0,,CFS,CFS,0.0,0.0,3.0,2.0
386_premise0,ONCE YOU SPEAK OTHERS WHO MAY FEEL THE SAME WAY MAY REALIZE THEY ARE NOT ALONE,0,,NFS,NFS,0.0,0.0,3.0,2.0
387_premise0,We have had a few good people coming to our weekly get together.,0,,UFS,UFS,1.0,0.0,2.0,1.0
388_premise0,We should have our rights to do things our own way.,0,,NFS,NFS,0.0,0.0,3.0,2.0
389_premise0,I have just dispatched a PM to a nember of staff,0,,UFS,UFS,1.0,0.0,2.0,1.0
390_premise0,I heard the feds got him because he ate a chocolate bar,0,,CFS,UFS,1.0,0.0,3.0,1.0
391_premise0,I found it strange the way the police handled this case,0,,NFS,NFS,0.0,0.0,3.0,2.0
392_premise0,"The country with the most significant `` baby-boom '' is Estonia ( TFR from ~ 1,2 in 1998 to ~ 1,7 in this year )",0,,CFS,CFS,0.0,0.0,3.0,2.0
393_premise0,dont let it get you down brother your not on your own,0,,NFS,NFS,0.0,0.0,3.0,2.0
394_premise0,"If a white person wants to do well at any kind of academic subject , languages , art etc etc. then simply fill your essays with racial integration , feminism and the love of other cultures and the like and you 'll be fine !",0,,CFS,CFS,1.0,0.0,2.0,1.0
395_premise0,You could also open up the school via the internet just like the other schools have done in my area,0,,NFS,UFS,1.0,0.0,2.0,1.0
396_premise0,My son is 3 years old and I have started homeschooling for him,0,,UFS,UFS,0.0,0.0,3.0,2.0
397_premise0,Little did the perpetrators know that I actually lived in the same block,0,,UFS,UFS,1.0,0.0,2.0,1.0
398_premise0,im 27 live in manchvagas n.h.,0,,UFS,UFS,1.0,0.0,3.0,1.0
399_premise0,Nationalist militants are stepping up attacks on the police force in Northern Ireland.,0,,CFS,CFS,0.0,0.0,3.0,2.0
400_premise0,They have some marches showing pride in their culture,0,,CFS,CFS,0.0,0.0,3.0,2.0
401_premise0,Dusty used to show up in bars in Tampa where my band was playing.,0,,UFS,UFS,1.0,0.0,3.0,1.0
402_premise0,you have probably heard maybe 10-20 artists,0,,UFS,NFS,1.0,0.0,2.0,1.0
403_premise0,my kids want to hang around and bring a couple of nigs into the house,0,,UFS,UFS,1.0,0.0,2.0,1.0
404_premise0,The lawsuit was filed in Los Angeles County Superior Court last week,0,,CFS,CFS,0.0,0.0,3.0,2.0
405_premise0,The word 'Satan' is derived from a root word meaning 'adversary'.,0,,CFS,CFS,0.0,0.0,3.0,2.0
406_premise0, Art Katz preaches to Jewish families about Jesus dying for the Jew first.,0,,CFS,CFS,0.0,0.0,3.0,2.0
407_premise0,"Well for all of my friends down there , we all got thrown out of the big local bar in this little town",0,,UFS,NFS,1.0,0.0,2.0,1.0
408_premise0,Having good grades,0,,NFS,NFS,1.0,0.0,2.0,1.0
409_premise0,im from manhattan,0,,UFS,UFS,1.0,0.0,3.0,1.0
410_premise0,My boyfriend needs to watch this video.,0,,NFS,NFS,1.0,0.0,2.0,1.0
411_premise0,"The scene is anchored right and left by two bright stars, Mu and Eta Geminorum.",0,,CFS,CFS,1.0,0.0,2.0,1.0
412_premise0,I havent even paid for not one single ppv,0,,UFS,UFS,1.0,0.0,2.0,1.0
413_premise0,Lactose tolerance ( again from Mathieson 2015 ) did not exist among the Steppe pastoralists or the Neolithic farmers.,0,,CFS,CFS,0.0,0.0,3.0,2.0
414_premise0,"Marte Williams, 41, was taken into custody Sunday.",0,,CFS,CFS,1.0,0.0,2.0,1.0
415_premise0,I have no problem eating foreign food.,0,,UFS,UFS,1.0,0.0,2.0,1.0
416_premise0,It has been a week since I last consumed poison.,0,,UFS,UFS,1.0,0.0,3.0,1.0
417_premise0,We were not afraid to stand up against Soviet terror,0,,CFS,NFS,1.0,0.0,2.0,1.0
418_premise0,I just wanted to pop in and say that I wish you in Ireland the best.,0,,NFS,NFS,0.0,0.0,3.0,2.0
419_premise0,It is 2014.,0,,CFS,CFS,0.0,0.0,2.0,2.0
420_premise0,The National Alliance is a secular organization.,0,,CFS,CFS,0.0,0.0,3.0,2.0
421_premise0,It is hard to say what is going to happen,0,,NFS,NFS,0.0,0.0,3.0,2.0
422_premise0,hey remember the Japanese where on the Good side during WW2 on a light note,0,,CFS,CFS,1.0,0.0,2.0,1.0
423_premise0,i did a project on hitler for school and i read mein kampf and i got a lot of * * * * from the teachers and black kids,0,,UFS,UFS,1.0,0.0,3.0,1.0
424_premise0,I sent out a few more emails the other day and then last night handed out about 25 or so leaflets,0,,UFS,UFS,0.0,0.0,2.0,2.0
425_premise0,i had a pair of levi 's that i wore whenever i did messy work .. they were my ' junk ' jeans.,0,,UFS,UFS,1.0,0.0,2.0,1.0
426_premise0,I do feel for the Croatian people and I have come across some of them on the internet and they seem to be a decent people,0,,NFS,NFS,0.0,0.0,2.0,2.0
427_premise0,99% members of this site are concerned with the preservation of the White race.,0,,CFS,CFS,0.0,0.0,3.0,2.0
428_premise0,i have been working on something for self defense in one of those situations in which guns have been confiscated,0,,UFS,UFS,0.0,0.0,2.0,2.0
429_premise0,I have always wanted to be a cop and will become one,0,,UFS,UFS,1.0,0.0,2.0,1.0
430_premise0,if parents dont feel their children 's heads with good things then the pc patrol will definitely feel their heads with bad things .,0,,CFS,CFS,1.0,0.0,2.0,1.0
431_premise0,Criminals who ought to be in jail are often given tracking bracelets.,0,,CFS,CFS,0.0,0.0,3.0,2.0
432_premise0,The younger limerick crowd say the gangs from moyross are in regular fights with the poles.,0,,CFS,CFS,0.0,0.0,2.0,2.0
433_premise0,"5 young bucks broke into a little girl's home, beat the child half to death before killing her ",0,,CFS,CFS,0.0,0.0,2.0,2.0
434_premise0,"Before becoming a Christian, I was a big fan of heavy metal",0,,UFS,UFS,1.0,0.0,2.0,1.0
435_premise0,"Swamp soccer is the real sport ... beer , naked men , men in flower dresses ",0,,NFS,NFS,1.0,0.0,2.0,1.0
436_premise0,"Many tribes had their own `` local '' gods ( and spirits , demons , creatures , etc. )",0,,CFS,CFS,1.0,0.0,3.0,1.0
437_premise0,The Christian culture engages in human sacrifices on a daily basis.,0,,CFS,CFS,1.0,0.0,3.0,1.0
438_premise0,It is that whole thing about Standard of living being the most important thing in peoples lives,0,,CFS,CFS,1.0,0.0,2.0,1.0
439_premise0,it is hard to compete with the success of the white nationalist front under supreme chairman Goudreau.,0,,CFS,CFS,1.0,0.0,2.0,1.0
440_premise0,"I was looking at it the other day and I realized that most kids that probably get this, go through and get to check every single club on the back",0,,UFS,UFS,1.0,0.0,2.0,1.0
441_premise0,"it gives you a feeling of purpose to do these , it helps you connect and relate to the folks they 're named in honor of .",0,,NFS,NFS,0.0,0.0,3.0,2.0
442_premise0,I'm not sure if you all have heard of this before or not but the other day my friend told me that he heard soon the government will require us to have an ID chip put under our skin on our hand .,0,,CFS,CFS,0.0,0.0,3.0,2.0
443_premise0,"hello all , i have just found this site by accident and after reading lots of the posts i felt i had to join",0,,NFS,NFS,0.0,0.0,2.0,2.0
444_premise0,The PLE-UK web site has a new introduction.,0,,UFS,CFS,0.0,0.0,2.0,2.0
445_premise0,A person's class or character should not determine how they are treated.,0,,NFS,NFS,0.0,0.0,3.0,2.0
446_premise0,Obama's mother is a white-trash,0,,NFS,NFS,0.0,0.0,2.0,2.0
447_premise0,Putting feces in soup is like putting water in a car's gasoline tank.,0,,NFS,NFS,0.0,0.0,2.0,2.0
448_premise0,The big black females want real teachers for their children.,0,,CFS,CFS,1.0,1.0,1.0,1.0
449_premise0,"The saddest figure in the apartment complex is a fat, blowzy white woman with two mixed race kids.",0,,UFS,NFS,1.0,0.0,2.0,1.0
450_premise0,I'm trying to contact individuals interested in joining together and coordinating their efforts on a National/worldwide scale ,0,,UFS,NFS,1.0,0.0,2.0,1.0
451_premise0,"Regency and Victorian era reports abound of dogs who wasted away at their master s graves , cats who refused to eat or drink upon the death of their mistress , and even a pet monkey who committed suicide .",0,,CFS,CFS,1.0,0.0,2.0,1.0
452_premise0,Advance Auto Parts features a black male and white female as counter clerks on their store poster.,0,,CFS,UFS,1.0,0.0,2.0,1.0
453_premise0,you gotta stand up for yourself you cant just sit back and take their * * * *,0,,NFS,NFS,0.0,0.0,3.0,2.0
454_premise0,Flyers should have all White languages on them.,0,,NFS,NFS,1.0,0.0,3.0,1.0
455_premise0,"I have an image in my mind of a soaring vault, niches in salt walls, and points of gold on an altar.",0,,UFS,UFS,1.0,0.0,2.0,1.0
456_premise0,The law has not yet passed.,0,,CFS,CFS,1.0,0.0,3.0,1.0
457_premise0,have you been in studentski grad in Sofia? young student girls from FYROM are geting down with Bulgarians serbs and albanians,0,,CFS,CFS,1.0,0.0,2.0,1.0
458_premise0,You can have a high I.Q. and still have friends,0,,CFS,CFS,1.0,0.0,2.0,1.0
459_premise0,"Justin Butler , 28 , and Briana Adams , 21 ( coalburner ) , each face a criminal abuse charge",0,,CFS,CFS,1.0,0.0,3.0,1.0
460_premise0,"Bokmal is used in newspapers , official documents , and spoken in the big cities",0,,CFS,CFS,1.0,0.0,3.0,1.0
461_premise0,There was a crooked man who walked a crooked mile,0,,UFS,UFS,1.0,0.0,2.0,1.0
462_premise0,Jacksonville police said Brian Williams broke into the home on Braddock Road,0,,CFS,CFS,0.0,0.0,3.0,2.0
463_premise0,I could give you another word for the female version of that part of the anatomy,0,,NFS,NFS,0.0,0.0,3.0,2.0
464_premise0,Trump's kids are all married to or dating Jews.,0,,CFS,CFS,0.0,0.0,3.0,2.0
465_premise0,"I grew up in small town Southern N.B for a good half of my life , in a region called Kings County , ",0,,UFS,UFS,0.0,0.0,3.0,2.0
466_premise0,We are small population living on a small area of the planet,0,,CFS,CFS,1.0,0.0,2.0,1.0
467_premise0,Hadding and Will Williams and others are working hard on this project.,0,,CFS,UFS,1.0,1.0,1.0,1.0
468_premise0,It is a bad thing to do and possibly harmful to the baby.,0,,NFS,NFS,0.0,0.0,3.0,2.0
469_premise0,"Anthony DeShawn Washington, 18, and Jonathan Anthony Gutierrez, 18, were arrested by Avondale police.",0,,CFS,CFS,0.0,0.0,3.0,2.0
470_premise0,The usual loyalist reaction to Nationalists is to attack the Harryville Catholic Church.,0,,CFS,CFS,0.0,0.0,2.0,2.0
471_premise0,The kid is laying with his face on the floor of a supermarket.,0,,UFS,UFS,1.0,0.0,2.0,1.0
472_premise0,It's from mid day Saturday untill the sunday morning,0,,UFS,UFS,1.0,0.0,2.0,1.0
473_premise0,Yes but difference is that Putin is still in charge and Jews have to behave,0,,CFS,CFS,1.0,0.0,3.0,1.0
474_premise0,"Australian here too, 1/4 Irish , 1/4 English , 1/4 Greek , 1/4 Latvian , 100 % white",0,,UFS,CFS,1.0,0.0,3.0,1.0
475_premise0,nobody said I like him and I dont see the reason to like him to be honest,0,,NFS,NFS,0.0,0.0,2.0,2.0
476_premise0,I note one of your other posts was worried because of the delay in your posts showing up,0,,NFS,NFS,0.0,0.0,2.0,2.0
477_premise0,"TV can be used wisely by watching some history, discovery, tlc and other stations like that.",0,,CFS,NFS,1.0,0.0,2.0,1.0
478_premise0,The local council has decided to give in.,0,,CFS,CFS,1.0,0.0,2.0,1.0
479_premise0,I also do n't want harassment in real life ,0,,NFS,NFS,0.0,0.0,2.0,2.0
480_premise0,I have changed my Signature.,0,,UFS,UFS,1.0,0.0,2.0,1.0
481_premise0,I can hit a paper plate at 100 yards or hole a 5 gallon steel pail of roofing tar at 25 yards.,0,,UFS,UFS,1.0,0.0,3.0,1.0
482_premise0,Many young Whites may pick up pro-WN ideas.,0,,CFS,CFS,1.0,0.0,2.0,1.0
483_premise0,"There are assimilated Gypsies, Tats, Udins, Talysh, etc among Armenians.",0,,CFS,CFS,0.0,0.0,3.0,2.0
484_premise0,So do you actually meet the people that you let join and start a chapter?,0,,NFS,NFS,0.0,0.0,3.0,2.0
485_premise0,There is always the International Oil Patch,0,,CFS,NFS,1.0,0.0,2.0,1.0
486_premise0,I was not going to bother with this thread,0,,NFS,NFS,0.0,0.0,3.0,2.0
487_premise0,A former accountant for retailer American Apparel Inc. has filed a wrongful termination suit,0,,CFS,CFS,0.0,0.0,2.0,2.0
488_premise0,There have been court cases for asylum by white South Africans in Canada,0,,CFS,CFS,0.0,0.0,3.0,2.0
489_premise0,In my P.M I actully knew nothing of the squatting movement,0,,NFS,NFS,0.0,0.0,2.0,2.0
490_premise0,I am a Croatian redneck.,0,,UFS,UFS,1.0,0.0,3.0,1.0
491_premise0,"More broadly , of course I wish to see white countries get-on with each other",0,,NFS,NFS,0.0,0.0,3.0,2.0
492_premise0,I have tried many times to explain to people why they should be a wn.,0,,UFS,UFS,1.0,0.0,2.0,1.0
493_premise0,Scandinavia really is a black metal heaven ,0,,CFS,CFS,1.0,0.0,3.0,1.0
494_premise0,WE had lots of good times and parties too,0,,UFS,UFS,1.0,0.0,2.0,1.0
495_premise0,"This may not be the right approach, but it is happening in various areas.",0,,CFS,CFS,1.0,0.0,2.0,1.0
496_premise0,I met her in person a month or two ago,0,,UFS,UFS,1.0,0.0,2.0,1.0
497_premise0,I would prefer to get the lot of us together and tackle the real enemies of Northern Ireland and the Republic of Ireland ergo the Island of Ireland,0,,NFS,NFS,1.0,0.0,2.0,1.0
498_premise0,all the time whites are targeted people,0,,CFS,CFS,1.0,0.0,2.0,1.0
499_premise0,Only 6 corporations control over 90% of the television channels.,0,,CFS,CFS,0.0,0.0,3.0,2.0
500_premise0,Just start your own crew and start advertising it in your flyers or whatever,0,,NFS,NFS,0.0,0.0,3.0,2.0
501_premise0,Hey j.p. i called the number you left me in my mail a couple of weeks ago,0,,UFS,UFS,1.0,0.0,2.0,1.0
502_premise0,They're trying to turn the Internet into a mirror version of television ,0,,CFS,CFS,0.0,0.0,3.0,2.0
503_premise0,im sorry about being a bitch.,0,,NFS,NFS,0.0,0.0,3.0,2.0
504_premise0,Graveland was my favourite band until Prawo Stali.,0,,UFS,UFS,1.0,0.0,2.0,1.0
505_premise0,I saw it on opp.now,0,,UFS,UFS,1.0,0.0,2.0,1.0
506_premise0,"The brutality of his crime and his lack of remorse made Jackson the `` model candidate for death in the gas house , ''",0,,CFS,CFS,0.0,0.0,3.0,2.0
507_premise0,None of us are claiming to be better NOR superior to any other white nationality,0,,NFS,NFS,0.0,0.0,2.0,2.0
508_premise0,I have looked into classes on gunsmithing.,0,,UFS,UFS,0.0,0.0,2.0,2.0
509_premise0,Perfectly normal and WHITE names Next try : Leida f Kulla m Alma f Ege m Ärta f Epp m Endla f Arno m Tiiu f Ikevald m Piibe f Reet m Rünno m ,0,,NFS,CFS,1.0,0.0,2.0,1.0
510_premise0,Our people do n't need to feel down about all this,0,,NFS,NFS,0.0,0.0,3.0,2.0
511_premise0,A mentally-ill Orthodox cantor,0,,CFS,UFS,1.0,0.0,2.0,1.0
512_premise0,i used to post on here a few years back as kruger,0,,UFS,UFS,1.0,0.0,2.0,1.0
513_premise0,man i always have a hard time when ever i try to make a website,0,,NFS,NFS,0.0,0.0,2.0,2.0
514_premise0,Got a month of community service for stealing lightbulbs out of a place I was renting.,0,,UFS,UFS,1.0,0.0,3.0,1.0
515_premise0,I live in the Bay Area and I have no car.,0,,UFS,UFS,1.0,0.0,2.0,1.0
516_premise0,so is tom still rambling on about putting up machine guns in the city centre ?,0,,NFS,NFS,0.0,0.0,3.0,2.0
517_premise0,"`` Oh s * * t , '' without looking , `` I hit one of their cars and now I am going to die ! '' ",0,,UFS,NFS,1.0,0.0,2.0,1.0
518_premise0,I do care about arab christians.,0,,NFS,NFS,0.0,0.0,2.0,2.0
519_premise0,It 's not even close to being obselete. ,0,,NFS,NFS,0.0,0.0,3.0,2.0
520_premise0,Police and SPCA officials found over 50 carcasses of pigs on National Council of Province 's Chairperson Thandi Modise 's Potchefstroom farm.,0,,CFS,CFS,0.0,0.0,2.0,2.0
0_premise1,Gay men may turn out to be pedophiles.,1,1.0,CFS,CFS,0.0,0.0,3.0,2.0
1_premise1,The Blacks claim to be the original Hebrews and Israelites.,1,0.0,CFS,CFS,0.0,0.0,2.0,2.0
4_premise1,Nigs and pakis were walking down the street spitting.,1,1.0,UFS,UFS,0.0,0.0,3.0,2.0
5_premise1,Black people are like primates.,1,1.0,CFS,CFS,1.0,0.0,2.0,1.0
6_premise1,This means that her mother was a filthy immigrant who waited till she got off the banana boat to give birth to her litter.,1,1.0,UFS,NFS,1.0,0.0,2.0,1.0
7_premise1,There are not many mulatto children compared to those of Whites or blacks.,1,1.0,CFS,CFS,1.0,0.0,2.0,1.0
9_premise1,They have spent the last 3 years living in a refugee camp.,1,0.0,CFS,CFS,0.0,0.0,3.0,2.0
10_premise1,There are things we can do to stop the rapes that occur when blacks and other non whites con white women and girls into getting in cars with them etc.,1,1.0,UFS,UFS,1.0,1.0,1.0,1.0
11_premise1,"When a little black girl tries to talk to my sister, she pulls a disgusted face.",1,1.0,UFS,UFS,1.0,0.0,3.0,1.0
12_premise1,We all know the female negro is responsible of the crime.,1,1.0,UFS,CFS,1.0,1.0,1.0,1.0
13_premise1,The father of the young girl had a decent car.,1,0.0,UFS,UFS,0.0,0.0,2.0,2.0
14_premise1,The fags (homosexuals) are searching for a cure for HIV.,1,1.0,CFS,CFS,1.0,0.0,3.0,1.0
20_premise1,There will be no French people in not too long in France.,1,1.0,CFS,CFS,1.0,0.0,2.0,1.0
21_premise1," I 'm not living in a brown world, I want a clean white world.",1,1.0,NFS,NFS,0.0,0.0,3.0,2.0
22_premise1,Blacks continue to behave in a certain manner even in higher education.,1,0.0,CFS,CFS,0.0,0.0,2.0,2.0
26_premise1,These solutions might not be financially possible.,1,0.0,NFS,CFS,0.0,0.0,2.0,2.0
28_premise1,The people of Africa only use these resources to make mud huts.,1,0.0,CFS,CFS,0.0,0.0,3.0,2.0
31_premise1,They are educated unlike the beaners.,1,1.0,CFS,CFS,1.0,0.0,3.0,1.0
32_premise1,I saw children of browns and mixed race children popping up all around them.,1,0.0,UFS,UFS,0.0,0.0,3.0,2.0
35_premise1,The punishment for violating this law is five years in a kaffer jail.,1,0.0,CFS,CFS,0.0,0.0,3.0,2.0
36_premise1,You are a nutjob.,1,1.0,NFS,NFS,0.0,0.0,2.0,2.0
37_premise1,The sort of scum who wrote and admire this filth have no place on a White Nationalist forum.,1,1.0,NFS,NFS,1.0,1.0,1.0,1.0
38_premise1,The couple is being used to promote interracial relationships.,1,0.0,CFS,CFS,0.0,0.0,2.0,2.0
39_premise1,Kikes are never happy with what they receive in Ireland.,1,1.0,CFS,CFS,0.0,0.0,2.0,2.0
41_premise1,Jewish supremacists are trying to control humanity's future.,1,1.0,CFS,CFS,0.0,0.0,3.0,2.0
42_premise1,They are considered to be an abomination to our Lord Jesus Christ.,1,1.0,NFS,CFS,1.0,0.0,3.0,1.0
44_premise1,Non-Whites were enslaved and forced to work on plantations.,1,0.0,CFS,CFS,0.0,0.0,3.0,2.0
45_premise1,They seem like something of a zoo.,1,1.0,NFS,NFS,1.0,1.0,1.0,1.0
46_premise1,The mother has biracial kids.,1,0.0,UFS,UFS,1.0,0.0,3.0,1.0
47_premise1,Subhuman Negroids are by contrast very murderous.,1,1.0,CFS,CFS,0.0,0.0,3.0,2.0
48_premise1,The current government talks about restricting non-white immigration.,1,0.0,CFS,CFS,0.0,0.0,3.0,2.0
49_premise1,I regret not being able to witness the debate.,1,0.0,NFS,NFS,0.0,0.0,3.0,2.0
50_premise1,Hungarians just came here to complain and start name calling.,1,0.0,CFS,CFS,1.0,0.0,2.0,1.0
51_premise1,The poor and miserable people look for their pittance at garbage places.,1,1.0,NFS,CFS,1.0,0.0,2.0,1.0
52_premise1,These crimes are not considered hate crimes.,1,0.0,CFS,CFS,0.0,0.0,3.0,2.0
53_premise1,The Jews are using their propaganda to influence the white genocide.,1,1.0,CFS,CFS,0.0,0.0,3.0,2.0
54_premise1,black people is uncivilized.,1,1.0,CFS,CFS,1.0,0.0,3.0,1.0
56_premise1,No amount of money or aid can bring these people into the civilized world.,1,1.0,CFS,CFS,0.0,0.0,3.0,2.0
57_premise1,A thousand books could never be as effective as raw footage.,1,0.0,NFS,CFS,1.0,0.0,2.0,1.0
58_premise1,You should target the chimps at the event.,1,1.0,NFS,NFS,0.0,0.0,3.0,2.0
59_premise1,The Jew uses its media power.,1,1.0,CFS,CFS,0.0,0.0,3.0,2.0
60_premise1,All these monkeys are transforming Switzerland into a zoo.,1,1.0,CFS,CFS,1.0,0.0,3.0,1.0
61_premise1,"They are taking jobs from the White inhabitants.They are killing our people, and mongrelizing our race.",1,1.0,CFS,CFS,0.0,0.0,3.0,2.0
62_premise1,Massive numbers of Chinese people moved into our neighborhood.,1,0.0,CFS,CFS,0.0,0.0,2.0,2.0
63_premise1,The same person is also claiming that black slaves had their hands and feet cut off.,1,1.0,CFS,CFS,0.0,0.0,3.0,2.0
64_premise1,Their presence is disgusting.,1,1.0,NFS,NFS,0.0,0.0,3.0,2.0
66_premise1,It should be kept in the closed.,1,1.0,NFS,NFS,0.0,0.0,3.0,2.0
67_premise1,Some girls may have been brainwashed by media to have interracial relationships.,1,1.0,CFS,CFS,0.0,0.0,3.0,2.0
69_premise1,The girls' lego creations will consist of dollhouses for the few white dolls.,1,0.0,NFS,UFS,1.0,0.0,2.0,1.0
70_premise1,"This applies to all non-white races, including Asians, Blacks, and Arabs.",1,1.0,CFS,CFS,0.0,0.0,2.0,2.0
71_premise1,White girls and wiggers (white people who act like black people) are attracted to young black people.,1,1.0,CFS,CFS,0.0,0.0,2.0,2.0
72_premise1,The EDL should confront the UAF at every demonstration.,1,1.0,CFS,NFS,0.0,0.0,2.0,2.0
73_premise1,A black does n't equate to the same standard as other people.,1,1.0,CFS,CFS,1.0,0.0,3.0,1.0
74_premise1,The baby boomers will lose the country for us.,1,0.0,CFS,CFS,0.0,0.0,2.0,2.0
76_premise1,These immigrants and those who were born here have different breeding patterns.,1,0.0,CFS,CFS,0.0,0.0,3.0,2.0
77_premise1,Immigrants have no right to be here.,1,1.0,CFS,CFS,0.0,0.0,3.0,2.0
78_premise1,Gays do not desire government paperwork.,1,0.0,CFS,CFS,1.0,0.0,3.0,1.0
80_premise1,asians are hot but they arent the girls I wanna get with.,1,0.0,NFS,NFS,0.0,0.0,2.0,2.0
89_premise1,In that neighborhood there are black kids.,1,0.0,CFS,UFS,1.0,0.0,2.0,1.0
90_premise1,These places had stale bread and other issues.,1,0.0,UFS,UFS,1.0,0.0,3.0,1.0
95_premise1,There should not be problems between the different classes inside the race white.,1,0.0,NFS,NFS,0.0,0.0,3.0,2.0
102_premise1,Immigrants coming here are doing something wrong.,1,1.0,CFS,CFS,0.0,0.0,3.0,2.0
103_premise1,These immigrants are living in their bosses' cupboards.,1,1.0,CFS,CFS,0.0,0.0,3.0,2.0
104_premise1,The city has now deteriorated and is producing black scumbags.,1,1.0,CFS,CFS,1.0,0.0,3.0,1.0
105_premise1,Nigeria is squeezing out more baby negroes.,1,1.0,CFS,CFS,1.0,0.0,3.0,1.0
106_premise1,The breeding with Arabs is the cause of the problem.,1,1.0,CFS,CFS,0.0,0.0,2.0,2.0
108_premise1,This happens in all European nations.,1,0.0,CFS,CFS,0.0,0.0,3.0,2.0
109_premise1,Lefties are making a mockery of their culture and heritage.,1,1.0,CFS,CFS,1.0,0.0,2.0,1.0
110_premise1,This is present even in countries where there are not many Negroes.,1,1.0,CFS,CFS,0.0,0.0,2.0,2.0
117_premise1,thank God I was licensed to carry in Pa. Downtown.,1,0.0,NFS,UFS,1.0,0.0,3.0,1.0
121_premise1,The communist party wanted to take the property of non-Jewish people.,1,1.0,CFS,CFS,0.0,0.0,3.0,2.0
123_premise1,Negro security guards abuse their power.,1,1.0,CFS,CFS,0.0,0.0,3.0,2.0
125_premise1,Negroid men will eventually kick her after a few tries.,1,1.0,NFS,NFS,1.0,1.0,1.0,1.0
126_premise1,London has gone to hell.,1,0.0,NFS,CFS,1.0,0.0,2.0,1.0
127_premise1,"Surrey, just outside Kingston upon Thames, is a better option than living in inner London.",1,0.0,NFS,CFS,1.0,0.0,2.0,1.0
129_premise1,The Jews influenced the Swedes to become more liberal.,1,0.0,CFS,CFS,0.0,0.0,3.0,2.0
131_premise1,Marco produced music for a local school.,1,0.0,UFS,UFS,1.0,0.0,3.0,1.0
134_premise1,They will cough with their hand at their side.,1,0.0,NFS,UFS,1.0,0.0,2.0,1.0
135_premise1,The festival is not welcomed.,1,0.0,UFS,UFS,1.0,0.0,2.0,1.0
142_premise1,This means that her mother was an immigrant who waited till she got off the boat to give birth.,1,0.0,CFS,UFS,0.0,0.0,2.0,2.0
143_premise1,Homosexuals are searching for a cure for HIV.,1,0.0,CFS,CFS,0.0,0.0,3.0,2.0
145_premise1,They continue to behave in a certain manner even in higher education.,1,0.0,CFS,CFS,1.0,0.0,2.0,1.0
146_premise1,These solutions might not be financially possible.,1,0.0,NFS,NFS,1.0,1.0,1.0,1.0
149_premise1,The kids will suffer all their lives because of their mother.,1,0.0,NFS,NFS,1.0,0.0,2.0,1.0
150_premise1,Black people are by contrast very murderous.,1,1.0,CFS,CFS,0.0,0.0,3.0,2.0
151_premise1,Hungarians just came here to complain and start name calling.,1,0.0,CFS,CFS,0.0,0.0,3.0,2.0
153_premise1,Massive numbers of Chinese people moved into our neighborhood.,1,0.0,CFS,CFS,0.0,0.0,2.0,2.0
156_premise1,These places had stale bread and other issues.,1,0.0,UFS,UFS,1.0,0.0,3.0,1.0
162_premise1,the white race will soon be on the brink of being a minority in a few years.,1,1.0,CFS,CFS,0.0,0.0,2.0,2.0
163_premise1,this highlights the weaknesses of their own countries and how they feel the need to feed off somebody else's country.,1,1.0,CFS,CFS,1.0,0.0,2.0,1.0
164_premise1,"these areas that you name are the preserve of the rich, you wont find a single white working class person living there.",1,1.0,CFS,CFS,0.0,0.0,3.0,2.0
165_premise1,brighton has a large queer population.,1,1.0,CFS,CFS,0.0,0.0,3.0,2.0
166_premise1,what they have constructed is only temporary.,1,0.0,UFS,UFS,1.0,1.0,1.0,1.0
167_premise1,marxist multiculturistic agenda is invading every white nation.,1,1.0,CFS,CFS,1.0,0.0,2.0,1.0
169_premise1,white people know the difference between right and wrong.,1,0.0,CFS,CFS,1.0,0.0,2.0,1.0
170_premise1,92% of abortion clinics are in black communities.,1,0.0,CFS,CFS,0.0,0.0,3.0,2.0
171_premise1,"for the good of all the black, brown, and yellow peoples of the world, whites need to commit racial suicide and disappear from their face of the earth.  .",1,1.0,NFS,NFS,1.0,0.0,3.0,1.0
172_premise1,ra-heem then capped jose twice and double tapped hector just because he was there.,1,1.0,UFS,UFS,1.0,0.0,3.0,1.0
173_premise1,the public education system is full of filth.,1,1.0,CFS,CFS,1.0,0.0,2.0,1.0
174_premise1,they think they can walk anywhere they want.,1,1.0,UFS,UFS,1.0,0.0,2.0,1.0
175_premise1,we must take a stand and defend our race.,1,1.0,NFS,NFS,0.0,0.0,3.0,2.0
176_premise1,we were together on vacation in one croatian island.,1,0.0,UFS,UFS,0.0,0.0,3.0,2.0
177_premise1,they jumped on each other after returning to class.,1,0.0,UFS,UFS,0.0,0.0,3.0,2.0
178_premise1,i want to do something extreme to show my hatred.,1,1.0,NFS,NFS,0.0,0.0,3.0,2.0
179_premise1,"funniest thing was watching drying water off their faces, it looks exactly like baboon or something. .",1,1.0,NFS,UFS,1.0,0.0,3.0,1.0
180_premise1,the media plays on the fears that the average retard thinks hispanic or latino is a race and they play word play with titles like white hispanic and white non hispanic.,1,1.0,CFS,CFS,0.0,0.0,2.0,2.0
181_premise1,people need to drag the scum in the streets.,1,1.0,NFS,NFS,0.0,0.0,3.0,2.0
182_premise1,jews think they can trick god of their love and fidelity by pretending to honor him.,1,1.0,NFS,NFS,1.0,1.0,1.0,1.0
183_premise1,washington dc should send all its black people and welfare recipients to mexico or detroit.,1,1.0,NFS,NFS,0.0,0.0,3.0,2.0
184_premise1,black people are ready to sell their own sister.,1,1.0,CFS,CFS,1.0,0.0,2.0,1.0
185_premise1,negroid tries to burn down couples home.,1,1.0,CFS,UFS,0.0,0.0,2.0,2.0
186_premise1,All the blacks and browns can do is wreck and destroy.,1,1.0,CFS,CFS,1.0,0.0,3.0,1.0
187_premise1,Mr Whitey would be branded a big bad evil racist.,1,1.0,NFS,NFS,1.0,1.0,1.0,1.0
188_premise1,This helped people and kept streets safe.,1,0.0,CFS,CFS,0.0,0.0,2.0,2.0
189_premise1,These Islamic fundamentalists are more backward and worse than the last mob.,1,1.0,CFS,CFS,1.0,0.0,2.0,1.0
190_premise1,"""The Jew is always in the background.""",1,1.0,CFS,CFS,0.0,0.0,2.0,2.0
191_premise1,Do not go to London.,1,0.0,NFS,NFS,0.0,0.0,3.0,2.0
192_premise1,Two white life-savers were cowardly attacked.,1,1.0,UFS,UFS,1.0,0.0,2.0,1.0
193_premise1,"Late last year there were islanders, Indians, Asians and other people from different countries in Mildura.",1,0.0,CFS,CFS,1.0,0.0,3.0,1.0
194_premise1,The show should not involve black/Jewish/LGBTQ people.,1,0.0,NFS,NFS,0.0,0.0,3.0,2.0
195_premise1,Many nonwhites are either too stupid to acknowledge that or want to cause more misery to those who seek the truth.,1,1.0,CFS,CFS,1.0,0.0,2.0,1.0
196_premise1,Non-white people smell like a wild animal in the locker room after a hard workout and do not speak proper English.,1,1.0,CFS,CFS,1.0,0.0,3.0,1.0
197_premise1,"There are open borders, H1-b visas, fake social security numbers, and colleges hiring foreign nationals over White Legal Americans.",1,1.0,CFS,CFS,0.0,0.0,3.0,2.0
198_premise1,We might need our diversity some day to save an entire species.,1,1.0,CFS,NFS,1.0,0.0,2.0,1.0
199_premise1,Sometimes I feel like there isn't any white guy left in the world.,1,1.0,NFS,NFS,0.0,0.0,2.0,2.0
200_premise1,the other week i was walking down shop street and there was a muslim selling copies of the koran.,1,0.0,UFS,UFS,0.0,0.0,3.0,2.0
201_premise1,she has no connection to ireland.,1,0.0,UFS,UFS,1.0,0.0,3.0,1.0
202_premise1,"it sickens me to see them pull up at the mall, grocery store, or gas station.",1,0.0,NFS,NFS,0.0,0.0,2.0,2.0
203_premise1,this tribe delights in bringing diversity and the benefits of multi-culturalism and 'anti-racism' to britain.,1,0.0,CFS,UFS,0.0,0.0,2.0,2.0
204_premise1,there is a video on youtube about it.,1,0.0,UFS,UFS,0.0,0.0,3.0,2.0
205_premise1,people of the same background tend to stick together.,1,0.0,CFS,CFS,0.0,0.0,3.0,2.0
206_premise1,you two were talking behind my back like some [jew],1,1.0,UFS,UFS,1.0,0.0,3.0,1.0
207_premise1,it is funny how those of the east who claim to be the aryans talk about white people who came and mixed with them.,1,0.0,CFS,NFS,0.0,0.0,2.0,2.0
208_premise1,"there is a need for ""black flavor"" in these communities.  .",1,0.0,NFS,NFS,1.0,0.0,2.0,1.0
209_premise1,it is the senior year.,1,0.0,UFS,UFS,0.0,0.0,3.0,2.0
210_premise1,there are more and more black people moving into the area.,1,0.0,CFS,CFS,0.0,0.0,2.0,2.0
211_premise1,your neighbor opened the door for some muslims to come inside.,1,0.0,UFS,UFS,1.0,0.0,3.0,1.0
212_premise1,they will die off and have no way to take care of the kid.,1,0.0,CFS,NFS,0.0,0.0,2.0,2.0
213_premise1,they feel they have to act black or have sexual relations and children with blacks.,1,1.0,CFS,CFS,1.0,0.0,2.0,1.0
215_premise1,i can't find it on youtube.,1,0.0,UFS,UFS,1.0,0.0,3.0,1.0
216_premise1,knowing our enemies is the first step to victory over them.,1,0.0,NFS,NFS,0.0,0.0,3.0,2.0
217_premise1,there are soumalians in finland.,1,0.0,CFS,CFS,0.0,0.0,3.0,2.0
218_premise1,even if that seven percent was all poles.,1,0.0,NFS,CFS,1.0,0.0,2.0,1.0
219_premise1,irish people have to go abroad to find work.,1,0.0,CFS,CFS,0.0,0.0,3.0,2.0
220_premise1,the other week i was walking down shop street and there was a muslim selling copies of the koran.,1,0.0,UFS,UFS,0.0,0.0,3.0,2.0
221_premise1,"there is a need for ""nigga flavor"" in these communities.  .",1,1.0,NFS,NFS,1.0,0.0,2.0,1.0
222_premise1,it is the senior year.,1,0.0,UFS,UFS,1.0,0.0,2.0,1.0
223_premise1,there are more and more niggas moving into the area.,1,1.0,CFS,CFS,1.0,0.0,2.0,1.0
224_premise1,i can't find it on youtube.,1,0.0,UFS,UFS,1.0,0.0,3.0,1.0
225_premise1,even if that seven percent was all poles.,1,0.0,NFS,CFS,1.0,0.0,2.0,1.0
226_premise1,People don't flee the country if they get caught doing the crime.,1,0.0,CFS,CFS,0.0,0.0,3.0,2.0
227_premise1,"Jews are responsible for affirmative action, which allows blacks to take jobs.",0,,CFS,CFS,0.0,0.0,2.0,2.0
228_premise1,"Poles have their own mythical creatures such as Złota Baba, Karzełek, Boginki, and Polevik.",0,,CFS,CFS,1.0,0.0,3.0,1.0
229_premise1,"Only 33.9% of disadvantaged teenagers achieved at least five Cs in their GCSEs, compared to 58.2% of all state school pupils.",0,,CFS,CFS,0.0,0.0,2.0,2.0
230_premise1,he also told me that if the person was bigger than me i was to pick up the nearest thing to hand and smash their head in with it and not to stop till the ambulance came,0,,NFS,UFS,0.0,0.0,2.0,2.0
231_premise1,I saw a black security guard chasing a Lithuanian shoplifter a few weeks ago.,0,,UFS,UFS,1.0,0.0,3.0,1.0
232_premise1,"In Bulgaria u can live , * * * * gypsies and some * * * * * * s/",0,,NFS,CFS,1.0,0.0,3.0,1.0
233_premise1,One of the people had a panzerfaust shirt and the other had a swastika tattoo.,0,,UFS,UFS,1.0,0.0,3.0,1.0
234_premise1,I don't feel really involved.,0,,NFS,NFS,0.0,0.0,3.0,2.0
235_premise1,I am looking for some suggestions on reading material i should read to educate myself about my heritage and how to protect it,0,,NFS,NFS,0.0,0.0,3.0,2.0
236_premise1, I had to be to get in touch with him for the plummer and for anything else I needed from him,0,,UFS,UFS,1.0,0.0,2.0,1.0
237_premise1,Einstein is Airy want us to believe in time travel and hooking up a hose to the sky to funnel dark energy,0,,CFS,CFS,1.0,0.0,2.0,1.0
238_premise1,The white/black gap has failed to narrow by even a point in English since 2003.,0,,CFS,CFS,0.0,0.0,3.0,2.0
239_premise1,The belief system must correspond within a timely manner.,0,,NFS,NFS,0.0,0.0,3.0,2.0
240_premise1,I'm looking to surround myself with other proud white individuals.,0,,UFS,UFS,1.0,0.0,2.0,1.0
241_premise1,Borders are very important even between European countries.,0,,CFS,CFS,0.0,0.0,2.0,2.0
242_premise1,The God Odin was celebrated on the third day of the week.,0,,CFS,CFS,0.0,0.0,3.0,2.0
243_premise1,A heterosexual deviant is just as problematic as a homosexual deviant.,0,,CFS,CFS,1.0,0.0,2.0,1.0
244_premise1,got to keep the bankroll going in every country in every high school on the global map,0,,NFS,CFS,1.0,1.0,1.0,1.0
245_premise1,Im looking for is a beutifull aryan woman to spend my days with.,0,,UFS,UFS,1.0,0.0,2.0,1.0
246_premise1,i guess i couldnt do much worse than the public schools though,0,,NFS,NFS,0.0,0.0,3.0,2.0
247_premise1,It is easier to remain independent and avoid being caught under the stampede if you have a reminder.,0,,NFS,NFS,0.0,0.0,3.0,2.0
248_premise1,My other kids had school still for 2 days.,0,,UFS,UFS,0.0,0.0,3.0,2.0
249_premise1,We have done so well so far.,0,,NFS,NFS,0.0,0.0,3.0,2.0
250_premise1,White nationalism is the belief that the white race must obtain a country for only members of their race to reside in ,0,,CFS,CFS,0.0,0.0,3.0,2.0
251_premise1, i can bust the * * * * * * crack dealers,0,,UFS,UFS,1.0,0.0,2.0,1.0
252_premise1,I'm 5 ' 5 racist as hell,0,,UFS,UFS,1.0,0.0,3.0,1.0
254_premise1,"It 's so tempting to just go out and get drunk , and laid like i did in my youth",0,,NFS,NFS,0.0,0.0,3.0,2.0
255_premise1,Cornelius Patterson Junior was convicted of the October 2009 murder of David Snyder.,0,,CFS,CFS,0.0,0.0,3.0,2.0
256_premise1,If people are unintelligent it means they wo n't think for themselves,0,,CFS,CFS,1.0,0.0,2.0,1.0
257_premise1,We knew nothing of the WN movement or WN,0,,UFS,UFS,1.0,0.0,2.0,1.0
258_premise1,I remember the part where he started to talk about BLACK MALES,0,,UFS,UFS,1.0,0.0,2.0,1.0
259_premise1,"If a person of color says they 're against interracial marriage , then that 's protecting their culture and heritage . '' ?",0,,NFS,NFS,0.0,1.0,1.0,2.0
260_premise1,As long as those photos are of authentic native born people living in Non European areas,0,,NFS,CFS,1.0,0.0,2.0,1.0
261_premise1,I discovered that Coldblooded is 15 years old specialist of racial classifications,0,,NFS,CFS,0.0,1.0,1.0,2.0
262_premise1,"Construction, manufacturing, and utilities account for 25% of GDP",0,,CFS,CFS,0.0,0.0,3.0,2.0
263_premise1,I don't feel safe enough to drive from the North all the way down.,0,,UFS,NFS,1.0,0.0,2.0,1.0
264_premise1,I just hope it 's not considered child abuse nowadays,0,,NFS,NFS,1.0,0.0,2.0,1.0
265_premise1,o.k. take away the anti white jokes for a minute the guy just aint funny at all,0,,NFS,NFS,0.0,0.0,3.0,2.0
266_premise1,the bible says king David had red hair,0,,CFS,CFS,0.0,0.0,3.0,2.0
267_premise1,the families who lived there said : `` What is happening here '',0,,UFS,UFS,1.0,0.0,3.0,1.0
268_premise1,you dont cause your kids to fall behind in their classwork,0,,NFS,NFS,0.0,0.0,3.0,2.0
269_premise1,I never saw anyone with light hair or light eyes,0,,UFS,UFS,1.0,0.0,3.0,1.0
270_premise1,what i do remember would be biased cause i didnt join national socialism until coupla months ago,0,,UFS,UFS,1.0,0.0,2.0,1.0
272_premise1,men will do whatever a woman says right lol,0,,CFS,NFS,1.0,1.0,1.0,1.0
273_premise1,the family types there said : `` This is a strange community ',0,,UFS,UFS,1.0,0.0,3.0,1.0
274_premise1,they do n't look White they look like something from the Caucasus,0,,CFS,CFS,1.0,0.0,3.0,1.0
275_premise1,"Without the media and schools feeding them lies, people will have nothing to go on except for real world encounters and cold truth.",0,,CFS,CFS,1.0,0.0,2.0,1.0
276_premise1,So I will wait maybe untill next spring when I go to LODZ,0,,NFS,NFS,0.0,0.0,3.0,2.0
277_premise1,I would get some of my friends and we would go on that bus to ``make a statement``,0,,UFS,NFS,1.0,0.0,2.0,1.0
278_premise1,maybe some of them was `` tourists '' and `` students '',0,,UFS,UFS,1.0,0.0,2.0,1.0
279_premise1,im a guy frome ny,0,,UFS,UFS,1.0,0.0,2.0,1.0
281_premise1,They could literally spread dog poop on a bun and charge $ 10 a sandwich ,0,,NFS,CFS,1.0,0.0,2.0,1.0
282_premise1,I went to school with her younger sister,0,,UFS,UFS,1.0,0.0,3.0,1.0
283_premise1,None of the CS degrees were awarded to blacks.,0,,CFS,UFS,1.0,0.0,2.0,1.0
284_premise1,I was walkiing around cork with a few friends and they tried handing out leaflets ¬ _ ¬,0,,UFS,UFS,1.0,0.0,3.0,1.0
285_premise1,"Taara, the God of thunder and lighting, was sent to address the issue.",0,,NFS,CFS,1.0,0.0,3.0,1.0
286_premise1,makes the girls think that dressing and acting like the `` Ho 's '' in rap videos is cool,0,,CFS,NFS,1.0,1.0,1.0,1.0
287_premise1,Everybody can ask for a N-Card (refugee permission).,0,,CFS,CFS,0.0,0.0,3.0,2.0
288_premise1,nothing in our schools is for the betterment of our white children,0,,CFS,CFS,1.0,0.0,3.0,1.0
289_premise1,I am not sure what to make of all the theories that UKIP is a distraction party.,0,,NFS,NFS,0.0,0.0,3.0,2.0
290_premise1, in 1892 `` Kod Saborne crkve '' ( At the Cathedral Church ) ,0,,CFS,CFS,1.0,0.0,3.0,1.0
291_premise1,it is considered racist and might offend colored kids.,0,,CFS,CFS,1.0,0.0,3.0,1.0
292_premise1,It's not your office being burned to the ground.,0,,NFS,NFS,0.0,0.0,2.0,2.0
293_premise1,It started to rain and there was a lightning bolt.,0,,UFS,UFS,0.0,0.0,3.0,2.0
294_premise1,They have no real interest in being active.,0,,NFS,NFS,1.0,0.0,2.0,1.0
295_premise1,Absolute Vodka is a huge advocate for the LGBT community.,0,,CFS,CFS,0.0,0.0,3.0,2.0
296_premise1,"I have round face , brown hair , green eyes , stocky build",0,,UFS,UFS,1.0,0.0,3.0,1.0
297_premise1,rish + skinheads knowbody trusted him from day one,0,,UFS,UFS,1.0,0.0,2.0,1.0
298_premise1,"They only consume water and some old bread as their ""zakus"".",0,,CFS,CFS,1.0,0.0,2.0,1.0
299_premise1,You 've made me wish I had n't been such a TV-phobe these last few years,0,,UFS,NFS,1.0,0.0,2.0,1.0
300_premise1,"These techniques include the threat of the death penalty, sleep deprivation, and intimidation.",0,,CFS,CFS,0.0,0.0,2.0,2.0
301_premise1,"instead, they call  her `` tatar '' or `` mongol '' which is not .",0,,CFS,UFS,1.0,1.0,1.0,1.0
302_premise1,he does n't like at all to play with brown-skinned boys or girls,0,,NFS,UFS,0.0,0.0,2.0,2.0
303_premise1,that means there will be a new framed case in February,0,,UFS,UFS,1.0,0.0,2.0,1.0
304_premise1,find out they 're unemployable in today 's bleak job market,0,,CFS,CFS,1.0,0.0,3.0,1.0
305_premise1,They are what their parents tell them they are.,0,,NFS,NFS,1.0,0.0,2.0,1.0
307_premise1,we 're looking for people to join or groups to join with,0,,UFS,UFS,1.0,0.0,2.0,1.0
308_premise1," I dipped it in ""Butch's Bore Shine"".",0,,UFS,UFS,1.0,0.0,2.0,1.0
309_premise1,I've been checking it out.,0,,UFS,UFS,1.0,0.0,2.0,1.0
310_premise1,"`` Where there is devotional music , God is always at hand with His gracious presence . '' - Johann Sebastian Bach",0,,NFS,NFS,0.0,0.0,2.0,2.0
311_premise1,it was probably a group of about five 15 year olds,0,,UFS,UFS,0.0,0.0,3.0,2.0
312_premise1,"we 're also cooking a small turkey , mashed potatoes , carrots , pumpkin pie and butternut squash cut in half and baked with butter and brown sugar .",0,,UFS,UFS,1.0,0.0,2.0,1.0
313_premise1,i happily carry on walking and laugh them off ,0,,UFS,UFS,1.0,0.0,2.0,1.0
314_premise1,He will be one next week.,0,,UFS,UFS,0.0,0.0,3.0,2.0
315_premise1,"they were never even informed of the situation nor were the authorities called, despite the school policy requiring it in such situations.",0,,CFS,UFS,1.0,0.0,2.0,1.0
316_premise1,The restricted types of body armor are level III and IV rifle plates on civilian,0,,CFS,CFS,0.0,0.0,3.0,2.0
317_premise1,She just turned 2 years old yesterday.,0,,UFS,UFS,1.0,0.0,3.0,1.0
318_premise1,very interesting topics things you just dont see in mainstream anymore,0,,NFS,UFS,1.0,0.0,2.0,1.0
319_premise1, I am curious if anyone knows about places I might be able to stay for cheap or free or if anyone has a contact .,0,,NFS,NFS,0.0,0.0,3.0,2.0
320_premise1,theres a good video on YouTube done by Thule productions entitled the meaning of the swastika our holy aryan symbol,0,,CFS,CFS,1.0,0.0,2.0,1.0
322_premise1,"In the analogy, darkies kept pouring through the door and acting like they owned the place",0,,NFS,NFS,0.0,0.0,2.0,2.0
323_premise1,They eat off dirty plates.,0,,UFS,UFS,0.0,1.0,1.0,2.0
324_premise1,The cleaning process takes place at the end of the day.,0,,UFS,UFS,1.0,0.0,3.0,1.0
325_premise1,some went outside the law just to make a living,0,,CFS,CFS,1.0,0.0,3.0,1.0
326_premise1,I refrain from calling myself a racist because I do n't hate other races,0,,UFS,NFS,1.0,0.0,2.0,1.0
327_premise1, I found a s * * t load of cans in his shed,0,,UFS,UFS,1.0,0.0,3.0,1.0
328_premise1,i was in the marine corps for years,0,,UFS,UFS,1.0,0.0,3.0,1.0
329_premise1,Please check out this web site and see my pic and read all about me,0,,NFS,NFS,0.0,0.0,3.0,2.0
330_premise1,The Spanish variety of bluebells have flowers that stick out horizontally.,0,,CFS,CFS,0.0,0.0,3.0,2.0
331_premise1,The attacks occurred between July 17 and September 20 of this year.,0,,CFS,CFS,0.0,0.0,3.0,2.0
332_premise1,I heard that there arent any skins out there any more,0,,UFS,UFS,1.0,0.0,3.0,1.0
333_premise1,It shouldn t be used and should go down in history where it belongs .,0,,NFS,NFS,0.0,0.0,3.0,2.0
334_premise1,My mother's mother is English Irish Scottish.,0,,UFS,UFS,1.0,0.0,3.0,1.0
335_premise1,Would a `` Mars bar '' taste different made in SA compared to one in England ?,0,,CFS,CFS,1.0,0.0,3.0,1.0
336_premise1,Your degenerate friend is not fit to care for the baby.,0,,NFS,UFS,0.0,0.0,2.0,2.0
337_premise1,The jews have two choices for past historical figures Make them to be black or make them out to be crazy genocide White maniacs,0,,CFS,CFS,1.0,0.0,2.0,1.0
338_premise1,I 've long had right wing views about immigration,0,,UFS,UFS,1.0,0.0,3.0,1.0
339_premise1,someone that will like me for me and not walk all over me.,0,,NFS,NFS,0.0,0.0,3.0,2.0
340_premise1,Police arrested 16-year-old and 17-year-old suspects,0,,CFS,CFS,1.0,0.0,2.0,1.0
342_premise1,The land is still cheap.,0,,CFS,CFS,1.0,0.0,2.0,1.0
343_premise1,They are located just north of the bright Orion Nebula complex.,0,,CFS,CFS,0.0,0.0,3.0,2.0
344_premise1,she was the same age,0,,UFS,UFS,1.0,0.0,3.0,1.0
345_premise1,The police reported that the mother and son were stabbed and cut to death. ,0,,CFS,CFS,0.0,0.0,2.0,2.0
346_premise1,They did n't show what was on the laptop .,0,,UFS,UFS,1.0,0.0,2.0,1.0
347_premise1,Loris was severely beaten last week,0,,CFS,CFS,1.0,0.0,2.0,1.0
348_premise1,The western half of Canada could do as a homeland for the start ,0,,NFS,CFS,1.0,0.0,2.0,1.0
349_premise1,stand tall and be proud to be a ARYAN WOMAN,0,,NFS,NFS,0.0,0.0,3.0,2.0
350_premise1,The world is saying that economies are interdependent.,0,,CFS,CFS,0.0,0.0,3.0,2.0
352_premise1,She is WAY bigger now.,0,,UFS,UFS,1.0,0.0,3.0,1.0
354_premise1,compared to a Rottweiller which is 500 lbs per square inch,0,,CFS,CFS,0.0,0.0,3.0,2.0
356_premise1,"with each step of ' the big eating small , ' as you go up the chain , any mercury becomes more concentrated",0,,CFS,CFS,1.0,0.0,3.0,1.0
357_premise1,"out of the 7 years I was in Arizona, I spent 6 in super max",0,,UFS,UFS,1.0,0.0,3.0,1.0
358_premise1,I tried very diet program on the market 4hr at gym very 3days,0,,UFS,UFS,1.0,0.0,3.0,1.0
359_premise1,The authorities already knew what they would find.,0,,CFS,NFS,1.0,0.0,2.0,1.0
360_premise1,they hadnt found who did it,0,,CFS,CFS,1.0,0.0,2.0,1.0
361_premise1,though I think most stupid kids have stupid parents,0,,CFS,CFS,1.0,0.0,3.0,1.0
362_premise1,"I learned about gingerbread, dancing around the tree, and the various customs of Jul.",0,,UFS,UFS,1.0,0.0,2.0,1.0
363_premise1, i said i have no one to make them with.,0,,UFS,UFS,1.0,0.0,2.0,1.0
364_premise1,People have been consistently coming to our weekly meets.,0,,UFS,UFS,1.0,0.0,3.0,1.0
365_premise1,"if you have no allies and you 're bombarded with the mass point of view , you will succumb more and more .",0,,NFS,NFS,0.0,0.0,3.0,2.0
366_premise1,The incident occurred at an apartment on Smallwood Road in Northeast Richland County.,0,,CFS,CFS,0.0,0.0,3.0,2.0
367_premise1,Im 26.,0,,UFS,UFS,1.0,0.0,3.0,1.0
368_premise1,I went to super max for violence within that maximum unit.,0,,UFS,UFS,1.0,0.0,3.0,1.0
369_premise1,you have high speed internet which you 'd need to d/l it ,0,,UFS,UFS,0.0,0.0,2.0,2.0
370_premise1, A guy came up to me too fast and too close.,0,,UFS,UFS,1.0,0.0,3.0,1.0
371_premise1,its still sitting at 51 $,0,,UFS,UFS,1.0,0.0,3.0,1.0
372_premise1,it probably would n't matter if a nonwhite bought your house before you joined a PLE .,0,,NFS,NFS,0.0,0.0,3.0,2.0
373_premise1,A family who 's great great so on on and so forth engaged in one incident of miscegenation .,0,,NFS,CFS,1.0,0.0,2.0,1.0
374_premise1,the area we are moving to is very very white,0,,UFS,UFS,0.0,0.0,2.0,2.0
375_premise1,Bach used a robust contrapuntal technique.,0,,CFS,CFS,0.0,0.0,3.0,2.0
376_premise1,I usually go to the High Caliber gun show when they are in Conroe.,0,,UFS,UFS,1.0,0.0,3.0,1.0
377_premise1,The purpose of combining these images was to measure the satellite's orbit and calculate a mass for Eris,0,,CFS,CFS,0.0,0.0,3.0,2.0
378_premise1,"Two widows, Vernita Curtis, 81, and Gladys Ott, 90, were beaten and strangled to death during burglaries.",0,,CFS,CFS,0.0,0.0,2.0,2.0
380_premise1,The Jews have already pressured some Christian churches to say that the Jews did not murder Jesus.,0,,CFS,CFS,0.0,0.0,3.0,2.0
382_premise1,The suspect has been charged in the abduction and murder of another college student.,0,,CFS,CFS,0.0,0.0,2.0,2.0
383_premise1,Having your own garden or growing your own food provides a source of safe food.,0,,CFS,CFS,0.0,0.0,3.0,2.0
384_premise1,"Daniel Ledven, a 37-year-old jew from Cresskill, N.J., was also arrested.",0,,CFS,CFS,1.0,0.0,2.0,1.0
385_premise1,The Chechen is wanted for warcrimes.,0,,CFS,CFS,0.0,0.0,3.0,2.0
386_premise1,if you say nothing then everybody will without question go along with the anti white brainwashing .,0,,NFS,NFS,0.0,0.0,3.0,2.0
387_premise1,we would like to encourage anyone else interested in meeting and networking with us.,0,,NFS,NFS,0.0,0.0,2.0,2.0
388_premise1,A dead fetus could have probably killed the mother.,0,,CFS,CFS,1.0,1.0,1.0,1.0
389_premise1,"I politely suggest that this forum would be more properly renamed Brentworld , Potato land , the Orange playpen , trollsville , Paisleyland , Londonstormfront , `` Ulster Scot '' Pixie-land , Smilie City ..",0,,UFS,NFS,1.0,0.0,2.0,1.0
390_premise1,they charged him with racist eating.,0,,CFS,UFS,1.0,0.0,2.0,1.0
391_premise1,they told her father and his friends to search the house for her,0,,CFS,UFS,1.0,0.0,2.0,1.0
392_premise1,Denmark and Norway in this year probably will have record high TFR level since early 1970 's .,0,,CFS,CFS,0.0,0.0,3.0,2.0
393_premise1,just bite your tongue and think of all those beutiful aryan women who think the way we do,0,,NFS,NFS,0.0,0.0,3.0,2.0
395_premise1,they have kids go to a class and learn via a feed from the teacher who could be hundreds or thousands of miles away .,0,,CFS,UFS,1.0,0.0,2.0,1.0
396_premise1,Few weeks back i was wondering whether i should let him go to a Public school or do home schooling,0,,UFS,NFS,1.0,0.0,2.0,1.0
397_premise1,"I got a surprise when I knocked on their door and the guy who answered got a full bucket of water in the face , followed by the bucket itself !",0,,UFS,UFS,1.0,0.0,2.0,1.0
398_premise1,my x girl was suposed to go and we broke up at x mass,0,,UFS,UFS,1.0,0.0,2.0,1.0
399_premise1,The police force is seen as a symbol of British rule.,0,,CFS,CFS,0.0,0.0,2.0,2.0
400_premise1,If you could try and contact people you know in different cities and see if their willing to do the same .,0,,NFS,NFS,0.0,0.0,3.0,2.0
401_premise1,Dusty would get up onstage with us.,0,,UFS,UFS,1.0,0.0,2.0,1.0
402_premise1,those are the * * * * * * s on TV and stuff,0,,NFS,NFS,0.0,0.0,3.0,2.0
403_premise1,"if i do, some members of my family will blank me",0,,UFS,NFS,1.0,0.0,2.0,1.0
404_premise1,The company and the jew Charney have faced a string of cases.,0,,CFS,CFS,1.0,0.0,3.0,1.0
405_premise1,This word should not be interpreted as referring to a singular being,0,,CFS,CFS,1.0,0.0,3.0,1.0
406_premise1,He repeatedly preaches this message to them.,0,,CFS,CFS,1.0,0.0,3.0,1.0
408_premise1,Not getting in trouble,0,,NFS,NFS,1.0,0.0,2.0,1.0
409_premise1,its really rough havin beliefs like us and living in a city like new york,0,,UFS,NFS,1.0,0.0,2.0,1.0
410_premise1,I 've gotten fed up before,0,,UFS,NFS,1.0,0.0,2.0,1.0
411_premise1,The Jellyfish Nebula is the brighter arcing ridge of emission.,0,,CFS,CFS,1.0,0.0,2.0,1.0
412_premise1,its not like Im stopping my support,0,,NFS,NFS,1.0,0.0,2.0,1.0
413_premise1,Lactose tolerance developed later among mixed groups.,0,,CFS,CFS,0.0,0.0,3.0,2.0
414_premise1,Authorities said he was caught trespassing at Paulus Hook Towers.,0,,CFS,CFS,1.0,0.0,2.0,1.0
415_premise1,What I have a problem with is handing over my money to foreigners.,0,,UFS,NFS,1.0,0.0,2.0,1.0
416_premise1,I feel great and better every day.,0,,UFS,UFS,1.0,0.0,3.0,1.0
417_premise1,The larger article in itself you may find here : http://www.mbl.is/mm/frettir/innlent ... ml ? nid = 1083256,0,,CFS,CFS,1.0,0.0,2.0,1.0
418_premise1,I sincerely hope that Ireland is n't too far gone before enough people wake up.,0,,NFS,NFS,1.0,0.0,2.0,1.0
419_premise1,The NSA and FBI are everywhere.,0,,CFS,CFS,0.0,0.0,3.0,2.0
420_premise1,The National Alliance has taken a specific stance against multicultural Christianity for political reasons.,0,,CFS,CFS,0.0,0.0,3.0,2.0
421_premise1,one way or the other I think Whites in South Africa should get out of the country and try to make it to a safer location such as Canada or Australia ,0,,NFS,NFS,1.0,0.0,2.0,1.0
422_premise1,"I can be idolized and all my coworkers , we are all heroes ready to build the next rail gun cannons that will power WW3",0,,UFS,UFS,1.0,0.0,2.0,1.0
423_premise1,* * * * them im gonna read whut im gonna read wpww,0,,NFS,NFS,0.0,0.0,3.0,2.0
424_premise1,The leaflets were made up of David Duke's talk on this and the Duke Lacrosse case.,0,,UFS,UFS,1.0,0.0,2.0,1.0
425_premise1, i usually wear anything that fits me. ,0,,UFS,UFS,1.0,0.0,2.0,1.0
426_premise1,I have also came across the Serbs who seem to jump into bed with loyalists .,0,,UFS,CFS,1.0,0.0,2.0,1.0
428_premise1,training with sledgehammer and axe in a shtf moment going old school barbarian might be one 's only hope .,0,,NFS,NFS,1.0,0.0,2.0,1.0
429_premise1,your cleaning up the streets as a cop,0,,CFS,NFS,1.0,0.0,2.0,1.0
430_premise1,that sounds like hippyism,0,,NFS,NFS,0.0,0.0,2.0,2.0
431_premise1,Smart criminals will cut off their tracking bracelets before committing a crime.,0,,CFS,CFS,0.0,0.0,2.0,2.0
432_premise1,The gangs from moyross and the poles go around in tens.,0,,CFS,CFS,1.0,0.0,2.0,1.0
434_premise1,I liked Old lead singer of Gathering Old female singer of Tristania ( my favorite ),0,,UFS,UFS,1.0,0.0,2.0,1.0
435_premise1, I was planning to attend with a girl team one year,0,,UFS,UFS,1.0,0.0,2.0,1.0
436_premise1,they were usually `` lesser '' gods and the main Slavic pantheon was more or less the same everywhere .,0,,CFS,CFS,0.0,0.0,2.0,2.0
437_premise1,Another sacrifical victim is dispatched .....,0,,CFS,CFS,1.0,0.0,2.0,1.0
438_premise1,they strive for and base their self worth and the worth of others on that,0,,CFS,NFS,1.0,1.0,1.0,1.0
439_premise1,There are groups and a community here that is working to build up a local movement based on positive activism and friendly gatherings .,0,,CFS,CFS,1.0,0.0,2.0,1.0
440_premise1,I have n't been in one club or group in school.,0,,UFS,UFS,1.0,0.0,2.0,1.0
444_premise1,The new introduction is about the history of Britain.,0,,CFS,CFS,1.0,0.0,2.0,1.0
445_premise1,"White people should be given the benefit of the doubt before being rejected as ""wiggers"" or ""white trash"".",0,,NFS,NFS,0.0,0.0,3.0,2.0
446_premise1,Obama's father was already married,0,,CFS,CFS,0.0,0.0,3.0,2.0
447_premise1,Feeding livestock poison is like watering plants with salty water.,0,,NFS,UFS,0.0,1.0,1.0,2.0
448_premise1,They do not want the black teachers that have been sent to them.,0,,CFS,CFS,0.0,1.0,1.0,2.0
449_premise1,The woman's husband ran out on the family years ago.,0,,UFS,UFS,0.0,0.0,3.0,2.0
450_premise1,the web site to go to for more info is Pro White Action Group click on the special events link for contact ,0,,UFS,NFS,1.0,0.0,2.0,1.0
452_premise1,"One of the most widespread examples of race mixing is your local and national news anchor teams , almost always a black male and white female",0,,CFS,CFS,0.0,0.0,2.0,2.0
453_premise1,on the other hand you cant go out looking for it either,0,,NFS,NFS,0.0,0.0,3.0,2.0
454_premise1,Native language should be in large print.,0,,NFS,NFS,0.0,0.0,3.0,2.0
455_premise1,The vault rises and disappears into a gray-white silence.,0,,UFS,UFS,1.0,0.0,2.0,1.0
456_premise1,You would be expelled from your school for doing the above.,0,,CFS,CFS,1.0,0.0,2.0,1.0
458_premise1,i ai n't a doctor or anything but i 've still got a decent i.q and i have like half my year as friends ( except all foreigners ),0,,UFS,UFS,1.0,0.0,2.0,1.0
459_premise1,police say the couple 's infant child was found with six healing rib fractures and a broken femur http://www.lex18.com/news/couple-fac ... with-injuries/,0,,CFS,CFS,0.0,0.0,3.0,2.0
460_premise1,Riksmal is rural and spoken in the small towns and in the country.,0,,CFS,CFS,1.0,0.0,3.0,1.0
461_premise1,he kept a crooked cat in a crooked house for style ,0,,UFS,UFS,1.0,0.0,2.0,1.0
462_premise1,"the family was out of town and baked brownies , drank orange juice , surfed porn websites and loaded up the victim 's car with bottles of liquor .",0,,CFS,CFS,0.0,0.0,2.0,2.0
463_premise1,it begins with a C ends with a T and has the letters UN in between,0,,NFS,NFS,0.0,0.0,3.0,2.0
464_premise1,Trump's expressed his full support of thelgbt community and gay marriage.,0,,CFS,CFS,0.0,0.0,3.0,2.0
465_premise1,"The town was 100 % white except for literally 3 black people , and they never mixed with whites ..",0,,CFS,CFS,0.0,0.0,2.0,2.0
466_premise1,We are constantly ravaged by war and instability,0,,CFS,CFS,1.0,0.0,2.0,1.0
467_premise1,"They bring articles written by Dr. Willian Pierce from the printed page to being put online, for all to read .",0,,CFS,UFS,0.0,0.0,2.0,2.0
469_premise1,"They were charged with felony counts of burglary, theft of a means of transportation, and criminal trespassing.",0,,CFS,CFS,0.0,0.0,3.0,2.0
470_premise1,Loyalists hold pickets while people pray inside if the parade goes ahead.,0,,CFS,CFS,1.0,0.0,2.0,1.0
471_premise1,Laying on the floor of a supermarket can lead to getting a disease.,0,,CFS,CFS,0.0,0.0,2.0,2.0
472_premise1,on the Sunday morning if enough want to stay on for the day we 'll see about putting on some ballads & holding a few extra events through the day .,0,,NFS,NFS,0.0,0.0,3.0,2.0
473_premise1,while on other picture Jewess Albright is in charge and is there to give orders to Ukraine,0,,CFS,CFS,1.0,0.0,3.0,1.0
474_premise1,my grandfather was is the ss Latvian legion which I feel was awesome .,0,,UFS,UFS,1.0,0.0,3.0,1.0
475_premise1,WE HAVE ENOUGH CULTURAL HERITAGE FOR HUNDREDS OF GENERATIONS,0,,CFS,CFS,1.0,0.0,2.0,1.0
476_premise1,"don ; ' t worry about it , it 's just that we have to check your stuff while you are new",0,,NFS,NFS,0.0,0.0,3.0,2.0
477_premise1,All sitcoms are wolves dressed in sheeps clothing.,0,,CFS,CFS,1.0,1.0,1.0,1.0
478_premise1,they have all been housed in emergency accomodation ,0,,CFS,CFS,1.0,0.0,2.0,1.0
479_premise1,I do n't want my daughter saying things like `` My parents do n't want me playing with blacks '' .,0,,NFS,NFS,0.0,0.0,2.0,2.0
480_premise1,i was forced to do it,0,,UFS,UFS,1.0,0.0,3.0,1.0
482_premise1,After watching Romper Stomper or some old Springer episode see that negative image of WNs,0,,CFS,CFS,1.0,0.0,2.0,1.0
483_premise1,you have assimilated Tatars ,0,,NFS,CFS,1.0,0.0,2.0,1.0
484_premise1,or are you just trusting that an anti would n't sign up,0,,NFS,NFS,0.0,0.0,3.0,2.0
485_premise1,"we know there is no Drugs , Booze , or Hookers there",0,,NFS,NFS,0.0,0.0,2.0,2.0
486_premise1,I am rapidly coming to the conclusion that you cannot read.,0,,NFS,NFS,0.0,0.0,3.0,2.0
487_premise1,The suit alleges that the accountant was fired for refusing requests from CEO Dov Charney.,0,,CFS,CFS,0.0,0.0,2.0,2.0
488_premise1,the South African government has spent millions fighting,0,,CFS,CFS,0.0,0.0,3.0,2.0
489_premise1,I always thought that in modern times it had always been the preserve of small groups of extreme anarchists .,0,,CFS,CFS,1.0,0.0,2.0,1.0
490_premise1,"I drink rakija, eat lamb, and get in fights as often as I can.",0,,UFS,UFS,1.0,0.0,3.0,1.0
491_premise1,if it came down to a choice between my country 's interests and those of another white country I would put my own first.,0,,NFS,NFS,0.0,0.0,3.0,2.0
492_premise1,They don't want to listen.,0,,NFS,NFS,0.0,0.0,3.0,2.0
493_premise1,There 're many great bands on the outside which too are a Pride of their countries,0,,CFS,CFS,1.0,0.0,2.0,1.0
494_premise1,"We also had a gourmet chef , tutors , massage thereapist , and a library of extra liturature from teaches such as copies of the upcoming tests , etc ..",0,,UFS,UFS,0.0,0.0,2.0,2.0
496_premise1,She hasn't been back on stormfront,0,,UFS,UFS,1.0,0.0,2.0,1.0
497_premise1,the enemy is n't each other my brothers and sisters .,0,,NFS,NFS,1.0,0.0,2.0,1.0
498_premise1,i 've been attacked four times for no reason except i 'm white,0,,UFS,UFS,1.0,0.0,2.0,1.0
499_premise1,These corporations are anti-white.,0,,CFS,CFS,1.0,0.0,3.0,1.0
500_premise1,"If you are actually active, you should email me",0,,NFS,NFS,0.0,0.0,3.0,2.0
501_premise1,"they said they never heard of ya , i e-mailed you back and havent heard back ",0,,UFS,UFS,1.0,0.0,2.0,1.0
503_premise1,i was just hurt.hope you find your talk with someone,0,,NFS,NFS,0.0,0.0,2.0,2.0
504_premise1,There was too much of the same material released one after another.,0,,CFS,UFS,1.0,1.0,1.0,1.0
505_premise1,i know what your name stands for.,0,,NFS,NFS,0.0,0.0,2.0,2.0
506_premise1,one columnist wrote after his death sentence was upheld by the state 's highest court .,0,,CFS,CFS,1.0,0.0,2.0,1.0
508_premise1,"I can do basic things, but I don't have every tool for every gun on the market.",0,,UFS,UFS,1.0,0.0,2.0,1.0
509_premise1,Does Ikevald have any meaning ?,0,,NFS,NFS,1.0,0.0,2.0,1.0
510_premise1,neither do we need to turn off new member prospects from this fine place,0,,NFS,NFS,0.0,0.0,3.0,2.0
511_premise1,who told jurors he was `` The Michael Jackson of Jewish music '',0,,CFS,UFS,1.0,0.0,2.0,1.0
512_premise1,For some reason i cant register with that name,0,,UFS,UFS,1.0,0.0,2.0,1.0
513_premise1,Too much stuff to do i get confused,0,,NFS,NFS,0.0,0.0,2.0,2.0
514_premise1,I received a 280Euro fine.,0,,UFS,UFS,1.0,0.0,3.0,1.0
515_premise1,I barely have any money to my name.,0,,UFS,UFS,1.0,0.0,3.0,1.0
516_premise1,that sites great at making all white nationalists look like terrorists,0,,NFS,CFS,0.0,1.0,1.0,2.0
517_premise1,"to my relief , it was merely a light pole .",0,,NFS,NFS,0.0,0.0,2.0,2.0
518_premise1,It sucks to be a non-Muslim in the Middle East.,0,,NFS,NFS,0.0,0.0,2.0,2.0
519_premise1,I believe it is a symbol of the white race and it 's fight to save itself in this sick and twisted multicult world we live in ,0,,NFS,CFS,0.0,0.0,2.0,2.0
520_premise1,The remaining 85 pigs resorted to eating the dead bodies and drinking their own urine.,0,,CFS,CFS,0.0,0.0,2.0,2.0
9_premise2,What skills are they going to bring here?,1,0.0,NFS,NFS,1.0,0.0,2.0,1.0
14_premise2,HIV is constantly changing and mutating.,1,0.0,CFS,CFS,0.0,0.0,3.0,2.0
32_premise2,I did not understand why this was the case.,1,0.0,NFS,NFS,0.0,0.0,2.0,2.0
36_premise2,Being a nutjob is hereditary.,1,1.0,CFS,CFS,1.0,0.0,2.0,1.0
45_premise2,They are playing with their cheap lowriders.,1,0.0,UFS,UFS,0.0,0.0,3.0,2.0
46_premise2,The kids will suffer all their lives because of their mother.,1,0.0,NFS,UFS,1.0,1.0,1.0,1.0
50_premise2,Stupid liberals also behave in the same manner.,1,1.0,NFS,NFS,0.0,1.0,1.0,2.0
62_premise2,A literal rotten smell came with the Chinese people.,1,1.0,UFS,CFS,1.0,1.0,1.0,1.0
143_premise2,HIV is constantly changing and mutating.,1,0.0,CFS,CFS,0.0,0.0,3.0,2.0
148_premise2,They are playing with their cheap lowriders.,1,0.0,UFS,UFS,1.0,0.0,3.0,1.0
151_premise2,Liberals also behave in the same manner.,1,0.0,CFS,CFS,1.0,0.0,3.0,1.0
167_premise2,powers to be are responsible for this genocide.,1,0.0,CFS,CFS,0.0,0.0,2.0,2.0
172_premise2,monique is pregnant and says ra-heem is the baby daddy.,1,0.0,UFS,UFS,1.0,0.0,3.0,1.0
174_premise2,they give white people a look when they pass through a black neighborhood.,1,0.0,UFS,UFS,1.0,0.0,3.0,1.0
176_premise2,it was great to watch how hungarian nationalists were smashing gay parade.,1,1.0,NFS,NFS,1.0,1.0,1.0,1.0
177_premise2,someone grabbed niglet number one and hauled him outside.,1,0.0,UFS,UFS,1.0,0.0,3.0,1.0
179_premise2,"whites have certain mannerisms with doing things, they have completely ape-like ones. .",1,1.0,CFS,CFS,1.0,0.0,2.0,1.0
180_premise2,it is all a magic show nothing more.,1,0.0,NFS,NFS,0.0,0.0,3.0,2.0
181_premise2,people need to deal with them in a most violent way.,1,1.0,NFS,NFS,0.0,0.0,3.0,2.0
188_premise2,Nowadays it is different.,1,0.0,CFS,CFS,1.0,0.0,2.0,1.0
197_premise2,Obama's Amnesty is on line with an apathetic public.,1,0.0,CFS,CFS,0.0,0.0,2.0,2.0
198_premise2,Leftist ideals are responsible for this destruction of DNA.,1,1.0,CFS,CFS,1.0,0.0,3.0,1.0
201_premise2,it is her job to protect her children in nigeria.,1,0.0,NFS,NFS,1.0,0.0,2.0,1.0
209_premise2,there are others who feel the same.,1,0.0,UFS,UFS,1.0,0.0,2.0,1.0
211_premise2,"the muslims took your stuff, raped your wife and beat you nearly to death. .",1,1.0,UFS,UFS,1.0,0.0,3.0,1.0
215_premise2,it shows a white woman happily sharing candy with some mop headed groid male on an escalator.,1,1.0,UFS,UFS,1.0,0.0,3.0,1.0
219_premise2,"foreigners are staying in nice new homes, well fed and watching big flat screen tvs.  .",1,0.0,CFS,CFS,0.0,0.0,3.0,2.0
222_premise2,there are others who feel the same.,1,0.0,NFS,UFS,0.0,0.0,2.0,2.0
224_premise2,it shows a white woman happily sharing candy with a jew on an escalator.,1,0.0,UFS,UFS,0.0,0.0,3.0,2.0
227_premise2,"Many blacks, including myself, have become rich because of jews",0,,CFS,CFS,0.0,0.0,2.0,2.0
228_premise2,"Russians also have their own mythical creatures, with Ded Moroz originally being an evil wizard but later transformed into a Santa Claus figure.",0,,CFS,CFS,0.0,0.0,3.0,2.0
229_premise2,Selective schools continue to dominate the top of the tables.,0,,CFS,CFS,0.0,0.0,3.0,2.0
231_premise2,i was waiting to cross the road when i saw this guy run from the shop with a bag full of meat and cheese,0,,UFS,UFS,1.0,0.0,3.0,1.0
232_premise2,There are only 15-20 people in my town who dress like skin and beat punks.,0,,UFS,UFS,1.0,0.0,2.0,1.0
233_premise2,it did n't seem like he was getting * * * * for it in public,0,,NFS,UFS,1.0,0.0,3.0,1.0
234_premise2,White culture is being destroyed today more than ever.,0,,CFS,CFS,1.0,0.0,3.0,1.0
235_premise2,I know there are some intelligent people on here who can point me in the right direction or even share some of their knowledge with me,0,,NFS,NFS,0.0,0.0,2.0,2.0
237_premise2,Professors are funneling funds and teaching Einstein 's stupidity,0,,CFS,CFS,1.0,0.0,3.0,1.0
238_premise2,Wealthier black students score well below their white and Asian counterparts.,0,,CFS,CFS,0.0,0.0,3.0,2.0
239_premise2,The belief system must enable them and their thought processes to formulate and adjust to rudimentary belief functions incorporating all senses.,0,,NFS,NFS,0.0,0.0,3.0,2.0
240_premise2,im not a radical just a normal guy who is proud of my culture.,0,,UFS,UFS,1.0,0.0,2.0,1.0
241_premise2,Destroying or harming any culture is a crime against humanity,0,,NFS,CFS,1.0,0.0,3.0,1.0
242_premise2,"The God Odin is known as ""Wodin"" in Saxon.",0,,CFS,CFS,0.0,0.0,3.0,2.0
243_premise2,There are more straight perverts and psychos attempting to infiltrate groups than there are homosexuals.,0,,CFS,CFS,0.0,0.0,3.0,2.0
244_premise2,They have jew inspectors going to every high school making sure the holocaust is being properly taught ( if you know what i mean ) .,0,,CFS,CFS,0.0,0.0,3.0,2.0
245_premise2,"im in columbus , ohio.looking for my mate to live in columbus or surrounding areas.",0,,UFS,UFS,1.0,0.0,2.0,1.0
246_premise2,i do have a kind of plan as far as social skills. i would put my kids in sports and classes like gymnastics and karate .,0,,NFS,NFS,0.0,0.0,3.0,2.0
247_premise2,You are not the only person who is not part of the mass.,0,,NFS,NFS,0.0,0.0,2.0,2.0
248_premise2,She went with me to school.,0,,UFS,UFS,1.0,0.0,3.0,1.0
249_premise2,that a white team has come this far is being considered as incredible by some.,0,,NFS,NFS,0.0,0.0,2.0,2.0
250_premise2,The purpose of white nationalism is to preserve the white race's existence and culture.,0,,CFS,CFS,0.0,0.0,3.0,2.0
251_premise2,i have no better enjoyment than to watch one squirm before he is sent up the river.,0,,UFS,UFS,1.0,0.0,2.0,1.0
252_premise2,I'm from Massachusetts.,0,,UFS,UFS,1.0,0.0,3.0,1.0
254_premise2,I have n't got the energy for it anymore,0,,NFS,NFS,0.0,0.0,3.0,2.0
255_premise2,The murder took place in a Jennifer Lane apartment complex where both men lived.,0,,CFS,CFS,0.0,0.0,3.0,2.0
256_premise2,If they do n't think for themselves they are easier to control.,0,,CFS,NFS,1.0,0.0,2.0,1.0
257_premise2,One day I was searching the web and came across a white nationalist site and there was a link to stormfront on it,0,,UFS,UFS,1.0,0.0,2.0,1.0
258_premise2,It showed a bunch of these news clips saying `` the suspect is a black male '' etc.,0,,UFS,UFS,1.0,0.0,2.0,1.0
260_premise2,There are Non European peoples whose genetic makeup and physical appearance are identical to Europeans.,0,,CFS,CFS,0.0,0.0,3.0,2.0
261_premise2,if he told me that I ca n't post in Slavic thread .. he might be right Big authority .,0,,NFS,NFS,0.0,0.0,3.0,2.0
262_premise2,Fish and fish processing account for 9.9% of GDP,0,,CFS,CFS,0.0,0.0,3.0,2.0
263_premise2,I'm not used to its gears yet.,0,,UFS,UFS,1.0,0.0,2.0,1.0
264_premise2,Imagine a kids face when they learn of the stories of our ancestors around the camp fire,0,,NFS,NFS,0.0,0.0,3.0,2.0
265_premise2,it just blows my mind how they have some talentless black fool in films,0,,NFS,NFS,0.0,0.0,3.0,2.0
267_premise2,"Eventually a few conscious Whites noticed and said : `` This is what is happening , and at last , at last , it 's time to wake the sleepers . ''",0,,UFS,UFS,1.0,0.0,3.0,1.0
268_premise2, it will send a message to the school that you dont intend to not educate your kids which might get them off your back a bit .,0,,NFS,NFS,0.0,0.0,3.0,2.0
269_premise2,I have since met a few with green eyes but never light hair,0,,UFS,UFS,1.0,0.0,3.0,1.0
273_premise2,"The hippies who knew laughed and a group called Buffalo Springfield made a song about it "" `` What is happening here , what it is ai n't exactly clear . ''",0,,UFS,UFS,1.0,0.0,2.0,1.0
274_premise2,Dad dated a Christian Albanian at one point she was light Brown ( I do n't just mean a tan she was literally light Brown ),0,,UFS,UFS,1.0,0.0,3.0,1.0
276_premise2,JP should wait untill he starts school this winter in Bratislava THEN can we post ?? ......... PLEASE SIR,0,,NFS,NFS,0.0,0.0,3.0,2.0
277_premise2,my mom found out was by my Negro loving sister,0,,UFS,UFS,1.0,0.0,3.0,1.0
278_premise2,the ones i seen near the out door music show was wearing dirty clothes in their late 20s big gang off them,0,,UFS,UFS,1.0,0.0,3.0,1.0
282_premise2,She had blonde hair and blue eyes,0,,UFS,UFS,0.0,0.0,3.0,2.0
283_premise2,"A couple computer degrees went to blacks, but they were in IT with a focus on internet marketing/web-commerce.",0,,CFS,UFS,1.0,0.0,2.0,1.0
284_premise2,Friends and i were not to happy,0,,UFS,UFS,1.0,0.0,2.0,1.0
285_premise2,Sorry about the off-topic but I just had to post it somewhere and did n't want to make new topic for that.,0,,NFS,NFS,0.0,0.0,3.0,2.0
286_premise2,It is all they are good for is to be `` pimped '' out !,0,,NFS,NFS,0.0,0.0,2.0,2.0
287_premise2,The Social Security Departement of each canton will pay them 1.an one-piece appartement ( 300 $ /month ) 2.Hospital Insurance ( 200 $ /month ) 3.argent de poche ( 300 $ /month ),0,,CFS,CFS,0.0,0.0,3.0,2.0
289_premise2,UKIP may just do the same as all the other parties when they get in.,0,,NFS,NFS,0.0,0.0,3.0,2.0
290_premise2,The name neither complied with restaurant regulations nor Church authorities.,0,,CFS,CFS,0.0,0.0,3.0,2.0
291_premise2,"Instead, they are being told to sing Bar Bar Random Sheep.",0,,CFS,CFS,1.0,0.0,3.0,1.0
292_premise2,It's not you being bankrupted or thrown in prison.,0,,NFS,NFS,0.0,0.0,2.0,2.0
293_premise2,The lightning bolt struck the TV antenna next to the stage.,0,,UFS,UFS,1.0,0.0,3.0,1.0
295_premise2,Absolute Vodka was the first company to sponsor a gay party in the 1970s.,0,,CFS,CFS,0.0,0.0,3.0,2.0
297_premise2,he still went ahead with a story that is old news,0,,UFS,UFS,1.0,0.0,2.0,1.0
298_premise2,"it escapes me , how they show their extreme europeoid genotype by doing all of this .",0,,NFS,NFS,0.0,0.0,2.0,2.0
299_premise2,I 'll be looking up all these characters and adding photos in case there are other cave dwellers like me on this thread ...,0,,NFS,NFS,0.0,0.0,3.0,2.0
300_premise2,"Despite a lack of evidence linking them to the crime, each of the ""Norfolk Four"" confessed.",0,,CFS,CFS,0.0,0.0,2.0,2.0
302_premise2,I especially remember once a pair of twin girls came up to kiss him and he just ran away,0,,UFS,UFS,0.0,0.0,3.0,2.0
303_premise2,"it always comes with big events as distraction - false flag terror attack , war , natural disaster or all of them ",0,,CFS,CFS,1.0,0.0,2.0,1.0
304_premise2,They then take on tens of thousands in student debt to get a law or business degree,0,,CFS,CFS,0.0,0.0,3.0,2.0
305_premise2,You are telling your parents that they are not what they say they are.,0,,UFS,NFS,1.0,0.0,2.0,1.0
308_premise2,I ran it in and out of the revolver barrel a few times.,0,,UFS,UFS,1.0,0.0,2.0,1.0
309_premise2,I'm getting ready to move to Alabama later this month.,0,,UFS,UFS,1.0,0.0,2.0,1.0
311_premise2,they probably had been drinking all day and were out on the piss having a laugh,0,,UFS,UFS,1.0,0.0,3.0,1.0
313_premise2,they think showing me a few pictures of negro kids on a poster without a burger is going to make me want to give money to them,0,,NFS,UFS,0.0,0.0,2.0,2.0
314_premise2,Pushing things on your child tends to cause rebellion.,0,,CFS,CFS,1.0,1.0,1.0,1.0
317_premise2,She is the future of our white race.,0,,UFS,UFS,1.0,0.0,2.0,1.0
318_premise2,actualy what the hell am i saying never ever seen in main stream EVER,0,,UFS,UFS,1.0,0.0,2.0,1.0
322_premise2,he joined some of the whites in complaining about it .,0,,UFS,UFS,1.0,0.0,3.0,1.0
323_premise2,They drive in dirty cars.,0,,UFS,UFS,1.0,1.0,1.0,1.0
324_premise2,There are big vats of cleaning solvent.,0,,UFS,UFS,1.0,0.0,3.0,1.0
325_premise2,when you cant find a job and have nothing to eat you will do what you have to do,0,,NFS,NFS,0.0,0.0,3.0,2.0
326_premise2,I hope you will read more and maybe become a white nationalist,0,,NFS,NFS,0.0,0.0,3.0,2.0
327_premise2, I ran off and got p * * * ed.,0,,UFS,UFS,1.0,0.0,3.0,1.0
328_premise2,i cant believe how wussed out they are,0,,NFS,NFS,1.0,1.0,1.0,1.0
329_premise2,if your interested drop me a line http://www.match.com/usearch/results...ngID=0&Theme=4Orjustgotomatch.com and look up user name of brokenheart4140,0,,NFS,NFS,0.0,0.0,3.0,2.0
330_premise2,Bluebells can easily cross between species.,0,,CFS,CFS,0.0,0.0,3.0,2.0
331_premise2,Police believe the attacks were motivated by racial hatred of white people.,0,,CFS,CFS,0.0,0.0,3.0,2.0
334_premise2,My father's father is a German with some Scottish heritage.,0,,UFS,UFS,1.0,0.0,3.0,1.0
335_premise2,"I would have thought so too , but the stuff tastes different .",0,,CFS,UFS,1.0,0.0,2.0,1.0
337_premise2,Christopher Columbus is an example of a white maniac.,0,,CFS,CFS,1.0,0.0,3.0,1.0
338_premise2,looking to join a white nationalist group,0,,UFS,UFS,1.0,0.0,2.0,1.0
339_premise2,"I like the outdoors , camping , hiking , movies. my fav. color is white and like country music and i also like tattoos.",0,,UFS,UFS,1.0,0.0,2.0,1.0
340_premise2,"Incident occurred on Wednesday, November 11, 2009",0,,CFS,CFS,1.0,0.0,2.0,1.0
342_premise2,The land is not in the hands of other races.,0,,CFS,CFS,1.0,0.0,2.0,1.0
343_premise2,"These reflection nebulae are also associated with Orion 's giant molecular cloud about 1,500 light-years away",0,,CFS,CFS,0.0,0.0,3.0,2.0
344_premise2,julie was her name and had blonde hair,0,,UFS,UFS,1.0,0.0,3.0,1.0
345_premise2,The news story was reported by WTOV Steubenville. ,0,,CFS,CFS,0.0,0.0,2.0,2.0
347_premise2,She showed up at separate court hearings Tuesday for the two boys accused of assaulting her .,0,,CFS,CFS,0.0,0.0,2.0,2.0
348_premise2,I also agree Europe needs to be saved as well ,0,,NFS,NFS,1.0,0.0,2.0,1.0
349_premise2,Goldenboy GODS RACE and NATIONS,0,,NFS,NFS,0.0,0.0,3.0,2.0
350_premise2,"The world is saying that when America sneezes, the world catches a cold.",0,,CFS,CFS,1.0,0.0,3.0,1.0
352_premise2,I will try and get the new pics up this week to show off of her and the pug both.,0,,UFS,NFS,1.0,0.0,2.0,1.0
357_premise2,"I am amongst the living once more friends , for almost five years now",0,,UFS,UFS,1.0,0.0,3.0,1.0
359_premise2,They knew it would be too much for the public to take .,0,,NFS,NFS,1.0,0.0,2.0,1.0
360_premise2,they said it was a possible hate crime.,0,,CFS,CFS,0.0,0.0,2.0,2.0
361_premise2,It is the fault of the schools who let illiterate kids go on to the next grade.,0,,CFS,CFS,0.0,0.0,3.0,2.0
362_premise2,"Jul customs include having dinner, placing presents under the tree, having dessert, dancing around the tree, and opening presents.",0,,UFS,UFS,0.0,1.0,1.0,2.0
363_premise2,now i have someone but we do not feel ready to have kids.,0,,UFS,UFS,1.0,0.0,2.0,1.0
364_premise2,Some people will be coming out for the first time.,0,,UFS,UFS,1.0,0.0,2.0,1.0
366_premise2,"The suspect, Cason, shot at officers.",0,,CFS,CFS,0.0,0.0,3.0,2.0
367_premise2,I did four years in the marines so I have alot to talk about .,0,,UFS,UFS,0.0,0.0,3.0,2.0
368_premise2,There are people in Super maxs who only have a few years to do.,0,,UFS,UFS,0.0,0.0,2.0,2.0
369_premise2,you cant feed your kids.,0,,UFS,NFS,1.0,0.0,2.0,1.0
370_premise2,I almost went for my knife but at the last second I could see he meant no harm,0,,UFS,UFS,1.0,0.0,3.0,1.0
371_premise2,i am hoping it stays there.,0,,NFS,NFS,0.0,0.0,3.0,2.0
375_premise2,Bach had an unrivaled control of harmonic and motivic organization.,0,,CFS,CFS,0.0,0.0,3.0,2.0
376_premise2,the last two or three times I did n't get much or see anything that really caught my eye .,0,,UFS,UFS,1.0,0.0,2.0,1.0
377_premise2,Eris is the largest dwarf planet in the solar system.,0,,CFS,CFS,0.0,0.0,3.0,2.0
378_premise2,The burglaries occurred a week apart in a Long Beach apartment building.,0,,CFS,CFS,0.0,0.0,2.0,2.0
382_premise2,Forensic evidence links the suspect to the 2009 homicide.,0,,CFS,CFS,0.0,0.0,2.0,2.0
383_premise2,The government may engage in chemical spraying.,0,,CFS,CFS,0.0,0.0,3.0,2.0
384_premise2,The arrests were made on securities and wire fraud charges.,0,,CFS,CFS,0.0,0.0,2.0,2.0
385_premise2,The Lebanese is suspected of warcrimes.,0,,CFS,CFS,0.0,0.0,3.0,2.0
387_premise2,We are here in Calgary.,0,,UFS,UFS,1.0,0.0,2.0,1.0
388_premise2,I am against killing babies.,0,,UFS,UFS,1.0,0.0,2.0,1.0
391_premise2,all those people wandering around the house contaminating all the evidence,0,,UFS,UFS,0.0,0.0,2.0,2.0
393_premise2,they are worth fighting for everything enoch powell said came true.,0,,NFS,NFS,1.0,0.0,3.0,1.0
396_premise2,I decided to go for home schooling,0,,UFS,UFS,1.0,0.0,2.0,1.0
398_premise2,i missed the show last yr. but not this yr.,0,,UFS,UFS,1.0,0.0,2.0,1.0
399_premise2,A police official stated that the attacks are forcing police to flee their homes.,0,,CFS,CFS,0.0,0.0,3.0,2.0
401_premise2,"Dusty would sing ""Johnny Be Good"" and ""Long-Haired Country Boy"".",0,,UFS,UFS,1.0,0.0,2.0,1.0
402_premise2,"there are tons of white , non-wigerish rappers that dont `` scream '' about something",0,,CFS,UFS,1.0,1.0,1.0,1.0
403_premise2,if i dont allow it. the kids themselves will blank me for a while,0,,UFS,NFS,1.0,0.0,2.0,1.0
404_premise2,"Five sexual harassment cases have been settled, dismissed, or placed in arbitration.",0,,CFS,CFS,0.0,0.0,3.0,2.0
405_premise2,"Instead, it can refer to anyone with an adverse nature, in a word, an opponent.",0,,CFS,CFS,1.0,0.0,3.0,1.0
406_premise2,He shows his non-Jewish wife to the Jewish families.,0,,CFS,CFS,1.0,0.0,2.0,1.0
408_premise2,Being involved in extracurriculars,0,,NFS,NFS,1.0,0.0,2.0,1.0
411_premise2,The Jellyfish Nebula has dangling tentacles below and right of center.,0,,CFS,CFS,0.0,0.0,2.0,2.0
412_premise2,"Demian Maia is white ... yes , hes white , just like Erick Silva .",0,,CFS,CFS,1.0,1.0,1.0,1.0
413_premise2,The first evidence for lactose tolerance was found among the Bell Beaker culture.,0,,CFS,CFS,0.0,0.0,3.0,2.0
414_premise2,The apartment complex is where the bodies of 27-year-old Jacqueline Reyes and her 9-month-old son Ivan Reyes Jr. were found Tuesday morning.,0,,CFS,CFS,0.0,0.0,2.0,2.0
416_premise2,I no longer have any cravings.,0,,UFS,UFS,1.0,0.0,3.0,1.0
419_premise2,I like having plausible deniability.,0,,NFS,NFS,0.0,0.0,3.0,2.0
420_premise2,The National Alliance has prominent members who have promoted non-Christian religions or spiritual paths.,0,,CFS,CFS,0.0,0.0,3.0,2.0
424_premise2,The St. Louis Volksfront donated the leaflets to me.,0,,UFS,UFS,1.0,0.0,3.0,1.0
425_premise2,as for Docs i rarely wear them anymore. I wear sneakers now.,0,,UFS,UFS,1.0,0.0,2.0,1.0
429_premise2,its only the bad anti skinhead cops that piss me off,0,,NFS,NFS,0.0,0.0,2.0,2.0
431_premise2,Dumb criminals do not care about the tracking bracelets and leave them on.,0,,CFS,CFS,0.0,0.0,2.0,2.0
432_premise2,"When the gangs from moyross and the poles meet, all hell breaks loose",0,,CFS,CFS,1.0,0.0,2.0,1.0
434_premise2,80 's pop was all pretty good too Cyndi Lauper Sanda Kim Wilde,0,,CFS,CFS,1.0,0.0,2.0,1.0
435_premise2,unfortunately it didn ´ t happen,0,,UFS,NFS,1.0,0.0,2.0,1.0
444_premise2,The history of Britain is the history of those who held living space.,0,,CFS,CFS,0.0,0.0,3.0,2.0
446_premise2,Obama is a bastard child,0,,NFS,CFS,0.0,0.0,2.0,2.0
448_premise2,They want real teachers like the ones in white people's schools.,0,,CFS,CFS,0.0,1.0,1.0,2.0
449_premise2,thank GOD I 'm moving next month !!!,0,,NFS,NFS,0.0,0.0,3.0,2.0
453_premise2,if it comes down to a fight dont back down,0,,NFS,NFS,0.0,0.0,3.0,2.0
454_premise2,Other translations should be in small print.,0,,NFS,NFS,0.0,0.0,3.0,2.0
455_premise2,The saints dwell in the niches on the salt walls.,0,,UFS,UFS,1.0,0.0,2.0,1.0
456_premise2,There is a hostile school environment clause.,0,,CFS,CFS,0.0,0.0,3.0,2.0
461_premise2,he gave a crooked smile in a crooked-minded way,0,,UFS,UFS,1.0,0.0,2.0,1.0
463_premise2,the language filters wo n't let me,0,,NFS,NFS,0.0,0.0,3.0,2.0
464_premise2,Trump does not participate in fag pride parades.,0,,CFS,CFS,0.0,0.0,3.0,2.0
466_premise2,We managed to become the epitome of progress and civilization,0,,CFS,CFS,1.0,0.0,2.0,1.0
470_premise2,Loyalists give abuse and threaten and attack Catholics in Ballymena.,0,,CFS,CFS,0.0,0.0,3.0,2.0
471_premise2,A good doer may call the cops.,0,,NFS,NFS,0.0,0.0,3.0,2.0
478_premise2,There is a promise of a house on the a new social housing development in that area .,0,,CFS,CFS,0.0,0.0,2.0,2.0
480_premise2,i think it was stupid i was forced to do so just because some people dont like what i have to say,0,,NFS,NFS,0.0,0.0,2.0,2.0
483_premise2,"Most Armenians look like this , especially Western Armenians",0,,CFS,CFS,1.0,0.0,3.0,1.0
484_premise2,you start directing people to them to get jumped or whatever ?,0,,NFS,NFS,0.0,0.0,3.0,2.0
485_premise2,A different Country every few weeks Get your Divorce early,0,,CFS,NFS,1.0,0.0,2.0,1.0
486_premise2,We are not C18,0,,NFS,NFS,0.0,0.0,2.0,2.0
487_premise2,The requests were to inflate figures on the company's balance sheet.,0,,CFS,CFS,0.0,0.0,2.0,2.0
488_premise2,though they have not spent a cent on the 300 asylum applications by blacks in the US ...,0,,CFS,CFS,0.0,0.0,3.0,2.0
490_premise2,I go to the gym once a week,0,,UFS,UFS,0.0,0.0,3.0,2.0
496_premise2,I haven't even seen her on AIM lately,0,,UFS,UFS,1.0,0.0,2.0,1.0
498_premise2,I was alone,0,,UFS,UFS,1.0,0.0,2.0,1.0
499_premise2,These corporations are turning people into zombies.,0,,CFS,CFS,1.0,0.0,3.0,1.0
500_premise2,I'm trying to set up a network of all the serious white nationalists across Canada,0,,UFS,UFS,1.0,0.0,2.0,1.0
505_premise2,congrats you have a nice looking boyfriend,0,,NFS,NFS,0.0,0.0,3.0,2.0
510_premise2, a little less crying and a little more doing is called for .,0,,NFS,NFS,0.0,0.0,3.0,2.0
511_premise2,He was sentenced in Manhattan yesterday to at least a year in prison,0,,CFS,CFS,0.0,0.0,2.0,2.0
513_premise2,id really like to see that website whenever you get finished with it Heil Hitler,0,,NFS,NFS,0.0,0.0,3.0,2.0
514_premise2,compare that to the black rapist a while ago who got off scot free .,0,,CFS,NFS,1.0,1.0,1.0,1.0
515_premise2,I want to join the fight.,0,,NFS,NFS,0.0,0.0,2.0,2.0
518_premise2,You are not the only one who is feeling lost.,0,,NFS,NFS,0.0,0.0,2.0,2.0
227_premise3,White nationalists want to create conflict between blacks and Jews.,0,,CFS,CFS,0.0,0.0,2.0,2.0
228_premise3,"Slovenians have their own mythical creature called Kurent, which is still celebrated annually.",0,,CFS,CFS,0.0,0.0,3.0,2.0
229_premise3,Schools Minister Nick Gibb believes there is a shocking waste of talent in many schools across the country.,0,,CFS,CFS,0.0,0.0,2.0,2.0
231_premise3,he got two steps out of the shop and tripped up the bag fell in the road with the shoplifter almost getting run over,0,,UFS,UFS,0.0,0.0,3.0,2.0
232_premise3,"You can do everything in Bulgaria, but you will not have much money.",0,,NFS,CFS,1.0,0.0,3.0,1.0
233_premise3,I saw a few other 's on later trip 's,0,,UFS,UFS,1.0,0.0,3.0,1.0
234_premise3,I am sick of just watching it from the sidelines.,0,,NFS,NFS,0.0,0.0,3.0,2.0
237_premise3,I can prove Einstein stupid,0,,NFS,NFS,0.0,0.0,2.0,2.0
238_premise3,"This includes those who are from low-income families.
",0,,CFS,CFS,1.0,0.0,3.0,1.0
239_premise3,The youth must become keenly aware of social agendas.,0,,NFS,NFS,0.0,0.0,3.0,2.0
240_premise3,I'm tired of being looked down upon from society for being a proud white male.,0,,NFS,NFS,1.0,0.0,2.0,1.0
241_premise3,Melting down smaller countries into one big country would be wrong,0,,NFS,CFS,1.0,0.0,2.0,1.0
242_premise3,Thor was celebrated on the fourth day of the week.,0,,CFS,CFS,0.0,0.0,3.0,2.0
245_premise3,"im 30 yrs old , ( but look 20 or so ) light brown hair , blue eyes.",0,,UFS,UFS,1.0,0.0,3.0,1.0
248_premise3,"On the way back, I was explaining to her my side and her mother's side of our heritage.",0,,UFS,UFS,1.0,0.0,2.0,1.0
249_premise3,The next games will take place in Germany in 2006.,0,,CFS,CFS,0.0,0.0,3.0,2.0
251_premise3,my town is mostly * * * * * * s,0,,UFS,UFS,1.0,0.0,2.0,1.0
252_premise3,theres a small group of us out here,0,,CFS,UFS,1.0,0.0,2.0,1.0
254_premise3,more likely to lie in bed and cry until it 's time to go work .. still hoping life gets better than this,0,,NFS,NFS,0.0,0.0,3.0,2.0
256_premise3,Thats pretty much laying down the ground work for future generations of kids to be obese.,0,,CFS,NFS,1.0,0.0,2.0,1.0
257_premise3,From there I told my friends about it,0,,UFS,UFS,1.0,0.0,2.0,1.0
258_premise3,They are acting like we are suppose to feel sorry for them and they are all innocent.,0,,UFS,NFS,1.0,0.0,2.0,1.0
262_premise3,Agriculture accounts for 1.8% of GDP,0,,CFS,CFS,0.0,0.0,3.0,2.0
263_premise3,The petrol will surely cost more than public transport.,0,,CFS,CFS,1.0,0.0,3.0,1.0
265_premise3,you will never see a untalented white basketball player .,0,,CFS,CFS,0.0,0.0,2.0,2.0
274_premise3,she had coal black hair and a massive nose .,0,,UFS,UFS,1.0,0.0,3.0,1.0
282_premise3,She was 13,0,,UFS,UFS,1.0,0.0,3.0,1.0
293_premise3,The TV went out for 1 minute.,0,,UFS,UFS,1.0,0.0,3.0,1.0
297_premise3,more fools the star for even printing it.,0,,NFS,UFS,1.0,0.0,2.0,1.0
304_premise3,They find out things are not much better.,0,,UFS,UFS,1.0,1.0,1.0,1.0
308_premise3,I concentrated on the dirty area.,0,,UFS,UFS,1.0,0.0,2.0,1.0
309_premise3,I need to get my Yahoo to connect.,0,,UFS,UFS,1.0,0.0,2.0,1.0
317_premise3,"She will someday bring beautiful white children of her own into this world.
",0,,UFS,UFS,1.0,0.0,2.0,1.0
323_premise3,They sit at dirty tables.,0,,UFS,UFS,1.0,1.0,1.0,1.0
324_premise3,cleaning rods with bore brush in electric drills are used.,0,,UFS,UFS,0.0,0.0,2.0,2.0
325_premise3,the people i mentioned never went on trial and were never convicted,0,,CFS,UFS,1.0,0.0,2.0,1.0
328_premise3,the same place i went to boot camp in 1981,0,,UFS,UFS,1.0,0.0,3.0,1.0
330_premise3,People are asked to destroy the Spanish bluebells before they wipe out our own.,0,,CFS,CFS,0.0,0.0,3.0,2.0
331_premise3,The suspects in the attacks were black.,0,,CFS,CFS,0.0,0.0,3.0,2.0
334_premise3,My father's mother is Danish and Norwegian.,0,,UFS,UFS,0.0,0.0,3.0,2.0
338_premise3,I live in Huron county,0,,UFS,UFS,0.0,0.0,3.0,2.0
340_premise3,Suspects' names are Michael Galan and Jarve Green,0,,CFS,CFS,0.0,0.0,2.0,2.0
342_premise3,It is one way of keeping europe white helping to prevent our extintion .,0,,CFS,NFS,1.0,1.0,1.0,1.0
343_premise3,They are dominated by the characteristic blue color of interstellar dust reflecting light from hot young stars .,0,,CFS,CFS,1.0,0.0,3.0,1.0
344_premise3,Julie used to hum while eating.,0,,UFS,UFS,1.0,0.0,3.0,1.0
345_premise3,An update revealed that the murder suspect was found dead in Susquehanna.,0,,CFS,CFS,0.0,0.0,2.0,2.0
348_premise3,we have to secure a homeland here first before we could change anything on a global level .,0,,NFS,NFS,0.0,0.0,3.0,2.0
349_premise3,if you want to talk to a brother I 'm here pm me if you want.,0,,NFS,NFS,0.0,0.0,3.0,2.0
357_premise3,people go to super max for all kinds of reasons ,0,,CFS,CFS,1.0,0.0,2.0,1.0
363_premise3,i belive in quality over quantity.,0,,UFS,UFS,1.0,0.0,2.0,1.0
366_premise3,Cason was taken into custody.,0,,CFS,CFS,0.0,0.0,3.0,2.0
370_premise3,He asked for directions.,0,,UFS,UFS,1.0,0.0,3.0,1.0
382_premise3,The suspect in the U.Va. case is also responsible for the 2009 homicide.,0,,CFS,CFS,0.0,0.0,2.0,2.0
384_premise3,The scheme involved swindling investors out of $20 million.,0,,CFS,CFS,0.0,0.0,2.0,2.0
396_premise3,now he is enjoying.,0,,NFS,UFS,1.0,0.0,2.0,1.0
401_premise3,These were the only two songs Dusty knew.,0,,UFS,UFS,1.0,0.0,3.0,1.0
406_premise3,I feel very sorry for the families of such Jews,0,,NFS,NFS,0.0,0.0,3.0,2.0
408_premise3,Being a good citizen,0,,NFS,NFS,1.0,0.0,2.0,1.0
411_premise3,The two bright stars are at the foot of the celestial twin.,0,,CFS,CFS,1.0,0.0,2.0,1.0
432_premise3,The situation is very similar to what happens in East Germany with the poles and working class Irish.,0,,CFS,CFS,0.0,0.0,3.0,2.0
454_premise3,Native language should be on top of other translations.,0,,NFS,NFS,0.0,0.0,3.0,2.0
455_premise3,The points of gold on the altar glimmer feebly.,0,,UFS,UFS,1.0,0.0,2.0,1.0
456_premise3,The same consequences would apply at most places of work.,0,,CFS,CFS,1.0,0.0,3.0,1.0
461_premise3,The man gives a crooked smile to anyone who suffers on this atrabilious day.,0,,UFS,UFS,1.0,0.0,2.0,1.0
466_premise3,We will eventually rule the world,0,,NFS,NFS,0.0,0.0,3.0,2.0
480_premise3,I do hope my new one is acceptable,0,,NFS,NFS,0.0,0.0,3.0,2.0
483_premise3,Western Armenians are victims of Genocide.,0,,CFS,CFS,0.0,0.0,3.0,2.0
505_premise3,awhile to see if they took my pic off of here yet and put it on there .,0,,NFS,NFS,0.0,0.0,3.0,2.0
511_premise3,"He was found guilty for swindling a Washington Heights woman out of $ 36,000.",0,,CFS,CFS,0.0,0.0,2.0,2.0
516_premise3,what activism has the IRM actually done?,0,,CFS,NFS,0.0,0.0,2.0,2.0
227_premise4,the jews needs blacks as much as blacks need the jews and together they are a force to be recon with .,0,,NFS,NFS,1.0,0.0,2.0,1.0
228_premise4,Some tribes living near Germanic and Baltic tribes have incorporated their gods and creatures into their own beliefs.,0,,CFS,CFS,0.0,0.0,3.0,2.0
231_premise4,he got straight up and run like the wind chased by security ( who failed to catch the thief ),0,,UFS,UFS,0.0,0.0,3.0,2.0
234_premise4,I don't want to see my children exposed to society like this.,0,,NFS,NFS,0.0,0.0,3.0,2.0
237_premise4,I tried to meet David Duke to end Einstein and he did not reply,0,,UFS,UFS,1.0,0.0,3.0,1.0
239_premise4,The youth must become aware of political ramifications of action and inaction.,0,,NFS,NFS,1.0,0.0,3.0,1.0
240_premise4,tired of the `` white boyz '' who are clueless of who they are and where they come from.,0,,NFS,NFS,1.0,0.0,2.0,1.0
241_premise4,We are all white and all brothers and our nations are sacred .,0,,NFS,NFS,0.0,0.0,2.0,2.0
242_premise4,Frigg was celebrated on the fifth day of the week.,0,,CFS,CFS,0.0,0.0,3.0,2.0
245_premise4,"proffesional service technician , with alot of interest.",0,,UFS,UFS,1.0,0.0,3.0,1.0
248_premise4,I was explaining to her where the different countries were.,0,,UFS,UFS,1.0,0.0,2.0,1.0
249_premise4,It would be wonderful if a northern European team won.,0,,NFS,NFS,0.0,0.0,3.0,2.0
252_premise4,it 's so hard to new meet people with your believes,0,,CFS,NFS,1.0,0.0,2.0,1.0
258_premise4,I don`t think one black person was interviewed ...,0,,NFS,NFS,0.0,0.0,2.0,2.0
262_premise4,Main exports are fish and crustaceans (63%) and aluminum (19.4%),0,,CFS,CFS,0.0,0.0,3.0,2.0
282_premise4,We were at the movies,0,,UFS,UFS,1.0,0.0,3.0,1.0
293_premise4,The picture came back when the band was finishing the song.,0,,UFS,UFS,1.0,0.0,3.0,1.0
297_premise4,i dont notice any posts from joeblogs defending him self,0,,UFS,UFS,1.0,0.0,2.0,1.0
308_premise4,I used a couple of clean patches.,0,,UFS,UFS,1.0,0.0,2.0,1.0
309_premise4,I might have to log into chat though.,0,,UFS,NFS,1.0,0.0,2.0,1.0
323_premise4,They have dirty manners.,0,,UFS,UFS,1.0,1.0,1.0,1.0
328_premise4,i fired everything they had but could n't drink beer off the base,0,,UFS,UFS,0.0,0.0,3.0,2.0
340_premise4,Arrest was made by Palatka police,0,,CFS,CFS,1.0,0.0,2.0,1.0
344_premise4,the kiss was in the bushes behind a garden,0,,UFS,UFS,1.0,0.0,3.0,1.0
408_premise4,Attending a school that is not very liberal,0,,UFS,NFS,0.0,0.0,2.0,2.0
234_premise5,I want a change at all costs today.,0,,NFS,NFS,0.0,0.0,3.0,2.0
239_premise5,The youth must understand the strategic logistics of a growing superpower.,0,,NFS,NFS,0.0,0.0,3.0,2.0
248_premise5,I told her we can get a map of Europe.,0,,UFS,UFS,1.0,0.0,2.0,1.0
249_premise5,already i have read about german superiority rascist remarks.,0,,NFS,NFS,0.0,0.0,2.0,2.0
262_premise5,Tourism accounts for 14% of foreign exchange,0,,CFS,CFS,0.0,0.0,3.0,2.0
323_premise5,They have a dirty way of talking.,0,,UFS,UFS,1.0,1.0,1.0,1.0
328_premise5,San Diego is gorgeous tho,0,,NFS,NFS,0.0,0.0,2.0,2.0
344_premise5,last i heard she became a jehovas witness.,0,,UFS,UFS,1.0,0.0,3.0,1.0
0_conclusion,It is not worth taking the risk of allowing homosexuals to raise children.,1,1.0,NFS,CFS,1.0,0.0,2.0,1.0
1_conclusion,Our worst enemies desire to be like us.,1,0.0,NFS,NFS,0.0,0.0,2.0,2.0
2_conclusion,She may or may not be a Jew but she 's certainly stupid.,1,1.0,NFS,NFS,0.0,0.0,2.0,2.0
3_conclusion,It would be cool to see the Pakistani and Indian people annihilate each other through a covertly set off nuclear bomb in Kashmir.,1,1.0,NFS,NFS,0.0,0.0,3.0,2.0
4_conclusion,Seeing them made me feel ill.,1,1.0,NFS,NFS,0.0,0.0,2.0,2.0
5_conclusion,Black people are more dangerous to whites than the other primates.,1,1.0,CFS,CFS,0.0,0.0,3.0,2.0
6_conclusion,Her opinion does not count.,1,1.0,NFS,NFS,0.0,0.0,3.0,2.0
7_conclusion,I would rather see mulatto children end up with blacks so that White bloodlines stay intact.,1,1.0,NFS,NFS,0.0,0.0,3.0,2.0
8_conclusion,Ratting out the coke addict will make you a hero and allow you to have your own party while all the nigs are behind bars.,1,1.0,NFS,NFS,1.0,0.0,2.0,1.0
9_conclusion,They are not going to integrate into Irish society.,1,0.0,CFS,NFS,0.0,0.0,2.0,2.0
10_conclusion,We should teach our women to respect themselves.,1,0.0,NFS,NFS,0.0,0.0,3.0,2.0
11_conclusion,I tell my little sister not to talk with black girls.,1,1.0,UFS,UFS,1.0,0.0,2.0,1.0
12_conclusion,I feel for the white woman who is the victim.,1,0.0,NFS,NFS,0.0,0.0,2.0,2.0
13_conclusion,Black people are scum.,1,1.0,NFS,NFS,1.0,0.0,3.0,1.0
14_conclusion,The fags (homosexuals) will never find a cure for HIV.,1,1.0,NFS,NFS,1.0,0.0,2.0,1.0
15_conclusion,The Jews are using their white appearance to further their goal of destroying us through immigration.,1,1.0,CFS,CFS,0.0,0.0,2.0,2.0
16_conclusion,I must use whatever means necessary to stop the black monkeys from misbehaving.,1,1.0,NFS,NFS,1.0,0.0,3.0,1.0
17_conclusion,I suddenly found this woman to be repulsive and shall never watch anything she is in again.,1,1.0,NFS,NFS,0.0,0.0,2.0,2.0
18_conclusion,"Action needs to be taken to overthrow the government, stop white genocide, deport immigrants, and establish a new government to help indigenous white Britons rebuild the country.",1,1.0,NFS,NFS,1.0,0.0,3.0,1.0
19_conclusion,I certainly don't like this fact.,1,0.0,NFS,NFS,0.0,0.0,2.0,2.0
20_conclusion,We will have to retake France later.,1,1.0,NFS,NFS,0.0,0.0,3.0,2.0
21_conclusion,All of this diversity crap needs to stop.,1,1.0,NFS,NFS,0.0,0.0,3.0,2.0
22_conclusion,I am not surprised by the behavior of blacks in higher education.,1,1.0,NFS,NFS,0.0,0.0,2.0,2.0
23_conclusion,I have no idea who she is.,1,0.0,NFS,NFS,0.0,0.0,2.0,2.0
24_conclusion,The holocaust is a lie.,1,1.0,CFS,CFS,0.0,0.0,3.0,2.0
25_conclusion,The Jews will eventually re-write history around Jesus Christ.,1,1.0,CFS,CFS,0.0,0.0,2.0,2.0
26_conclusion,You should wait until these alternative solutions are financially possible rather than adopting mud babies.,1,1.0,NFS,NFS,0.0,0.0,3.0,2.0
27_conclusion,We should go to the southwest and go on the offensive and drive every race down into Mexico.,1,1.0,NFS,NFS,0.0,0.0,3.0,2.0
28_conclusion,Birds are able to make better huts than the people of Africa.,1,1.0,UFS,UFS,1.0,0.0,2.0,1.0
29_conclusion,I was horrified by the amount of non-white people after moving to Holland.,1,1.0,CFS,CFS,0.0,0.0,2.0,2.0
30_conclusion,Homosexuals and drug users are both on a path to a destructive end.,1,1.0,CFS,CFS,1.0,0.0,2.0,1.0
31_conclusion,Americans and Irish understand each other better than Spaniards and the beaners.,1,0.0,CFS,CFS,1.0,0.0,3.0,1.0
32_conclusion,I understood the consequences of interracial relationships.,1,1.0,NFS,CFS,1.0,0.0,2.0,1.0
33_conclusion,I had to press the panic button twice to get someone to help me from the apes.,1,1.0,UFS,UFS,0.0,0.0,3.0,2.0
34_conclusion,Welcome to skinhead charades.,1,1.0,NFS,NFS,0.0,0.0,3.0,2.0
35_conclusion,This prohibits mercs from operating in South Africa.,1,0.0,CFS,CFS,0.0,0.0,2.0,2.0
36_conclusion,There's no use for people to produce kids if they are wackos because they will be nutjobs as well.,1,1.0,NFS,CFS,1.0,0.0,2.0,1.0
37_conclusion,They only have place on an Irish forum.,1,0.0,NFS,NFS,1.0,1.0,1.0,1.0
38_conclusion,Asians shouldn't mix with Whites.,1,1.0,NFS,NFS,0.0,0.0,2.0,2.0
39_conclusion,This is the work of those * * * * ers Kikes.,1,1.0,UFS,UFS,1.0,0.0,2.0,1.0
40_conclusion,We are all doomed.,1,0.0,UFS,UFS,1.0,0.0,2.0,1.0
41_conclusion,Whites should not oppose Jewish supremacist extermination of all Whites and JS efforts to control humanity's future.,1,1.0,NFS,NFS,1.0,0.0,3.0,1.0
42_conclusion,I hope jews are burning in hell with their father.,1,1.0,NFS,NFS,0.0,0.0,3.0,2.0
43_conclusion,The leftists will have a plan on how to fight the achievement gap in this case.,1,0.0,NFS,CFS,1.0,0.0,2.0,1.0
44_conclusion,We should have a new version of the old Plantation system.,1,1.0,NFS,NFS,0.0,0.0,3.0,2.0
45_conclusion,Black people actions are indicative of the Compton Crips gang's behavior.,1,1.0,CFS,CFS,0.0,0.0,3.0,2.0
46_conclusion,The mother should be arrested and the kids should be put in an orphanage.,1,1.0,NFS,NFS,0.0,0.0,3.0,2.0
47_conclusion,It is unfair to compare Monkeys and Apes with subhuman Negroids.,1,1.0,NFS,NFS,1.0,0.0,2.0,1.0
48_conclusion,Large-scale repatriation of non-whites is absolutely essential.,1,1.0,CFS,CFS,0.0,0.0,2.0,2.0
49_conclusion,Having a debate with a Nigerian woman would be entertaining as she would struggle.,1,1.0,CFS,NFS,1.0,1.0,1.0,1.0
50_conclusion,Hungarians and liberals don't know how to give good arguments.,1,1.0,CFS,NFS,1.0,0.0,2.0,1.0
51_conclusion,Putin finally transformed former Soviet Union into Russian Judea.,1,1.0,CFS,CFS,0.0,0.0,3.0,2.0
52_conclusion,Many of these non-whites do not go to jail.,1,0.0,CFS,CFS,0.0,0.0,3.0,2.0
53_conclusion,I will at least never willingly pay to see this propaganda.,1,0.0,NFS,NFS,0.0,0.0,3.0,2.0
54_conclusion,The blacks in white countries should be on their knees thanking whites for their efforts to civilize them.,1,1.0,NFS,NFS,1.0,0.0,3.0,1.0
55_conclusion,We are all at a loss to prevent the country from becoming a disorderly non-White hegemony.,1,1.0,NFS,CFS,1.0,0.0,2.0,1.0
56_conclusion,Mother nature should be allowed to evolve these people naturally.,1,1.0,NFS,NFS,0.0,0.0,3.0,2.0
57_conclusion,The raw footage of beasts is more effective than books.,1,1.0,CFS,CFS,1.0,0.0,2.0,1.0
58_conclusion,The chimps will be affected by the stink bombs and cause chaos at the event.,1,1.0,UFS,UFS,1.0,0.0,3.0,1.0
59_conclusion,The young girl is vulnerable because the Jew glamorizes the Negro using its media power.,1,1.0,CFS,CFS,0.0,0.0,2.0,2.0
60_conclusion,The situation in Switzerland is terrible.,1,0.0,NFS,CFS,1.0,0.0,2.0,1.0
61_conclusion,All of this is not alright.,1,0.0,NFS,NFS,0.0,0.0,3.0,2.0
62_conclusion,We moved out of our neighborhood.,1,0.0,UFS,UFS,0.0,0.0,3.0,2.0
63_conclusion,They are trying to convince us that they were subjected to inhumane treatment in order to keep them from escaping their forced labor.,1,0.0,CFS,CFS,0.0,0.0,2.0,2.0
64_conclusion,They are selfish and have disrupted thousands of years of evolution.,1,1.0,CFS,NFS,1.0,0.0,2.0,1.0
65_conclusion,There is no way to prevent them from entering Canada.,1,1.0,CFS,CFS,0.0,0.0,3.0,2.0
66_conclusion,Parade and demand for gay rights in the city should not be allowed.,1,1.0,NFS,NFS,1.0,0.0,3.0,1.0
67_conclusion,"In this case, race mixing can be justified.",1,0.0,NFS,NFS,0.0,0.0,2.0,2.0
68_conclusion,The world will see the Jews for who they really are.,1,1.0,NFS,NFS,1.0,0.0,2.0,1.0
69_conclusion,"The girls' lego creations will not include dark dolls, place in the farm pen.",1,1.0,NFS,NFS,0.0,0.0,2.0,2.0
70_conclusion,There is no different versions of bad when it comes to race traitors.,1,1.0,CFS,NFS,1.0,0.0,2.0,1.0
71_conclusion,One person of a certain race is already too many.,1,1.0,CFS,CFS,0.0,0.0,2.0,2.0
72_conclusion,They'll soon run home to daddy.,1,1.0,NFS,NFS,1.0,1.0,1.0,1.0
73_conclusion,Kicking a black person in the nuts is an effective way to hurt them.,1,1.0,UFS,UFS,1.0,1.0,1.0,1.0
74_conclusion,It 's time for the next generation to fight back to regain our country from immigrants.,1,1.0,CFS,NFS,0.0,0.0,2.0,2.0
75_conclusion,I believe that the black man is not very bright.,1,1.0,CFS,NFS,1.0,1.0,1.0,1.0
76_conclusion,"They are a threat to our gene pool, differently from other white Europeans like Polish people.",1,1.0,CFS,CFS,0.0,0.0,3.0,2.0
77_conclusion,I hope something good happens to make them leave.,1,1.0,NFS,NFS,0.0,0.0,3.0,2.0
78_conclusion,Gays are seeking the right to adopt defenseless children.,1,1.0,CFS,CFS,0.0,0.0,3.0,2.0
79_conclusion,ROHAWA is a battle cry.,1,0.0,UFS,CFS,1.0,1.0,1.0,1.0
80_conclusion,White girls are only ones to be trusted .,1,1.0,CFS,CFS,1.0,1.0,1.0,1.0
81_conclusion,Canada would have been better off without pakis.,1,1.0,NFS,CFS,1.0,0.0,2.0,1.0
82_conclusion,Asiacourt has become a garbage-infested Chinese outpost.,1,1.0,CFS,CFS,0.0,0.0,2.0,2.0
83_conclusion,Jews should be assumed guilty until proven innocent.,1,1.0,NFS,NFS,1.0,0.0,2.0,1.0
84_conclusion,I would have done great in public school if the Mexican gang members had stopped kicking me.,1,0.0,NFS,NFS,1.0,0.0,2.0,1.0
85_conclusion,"Giving ""leeches"" Zyklon B for lunch would improve the situation.",1,1.0,NFS,CFS,1.0,0.0,2.0,1.0
86_conclusion,These knackers/pykies are not truly Irish.,1,1.0,CFS,CFS,0.0,0.0,3.0,2.0
87_conclusion,Afganies should run out of Ireland and go home.,1,1.0,NFS,NFS,0.0,0.0,3.0,2.0
88_conclusion,"If whites were not paying taxes, blacks would not be able to collect welfare.",1,1.0,CFS,CFS,0.0,0.0,3.0,2.0
89_conclusion,I do not want to teach in a neighborhood like that.,1,0.0,NFS,NFS,0.0,0.0,3.0,2.0
90_conclusion,I will not go to any place that has a lot of groids working in them.,1,1.0,NFS,NFS,0.0,0.0,3.0,2.0
91_conclusion,The next time they harass you and someone else form a group of buddies and go up to the principal's office .,1,0.0,NFS,NFS,0.0,0.0,3.0,2.0
92_conclusion,Black people make the perfect slaves.,1,1.0,CFS,CFS,0.0,0.0,2.0,2.0
93_conclusion,Liberals are stupid.,1,1.0,NFS,NFS,0.0,0.0,2.0,2.0
94_conclusion,Whites do not see the racial disaster unfolding in Canada.,1,1.0,CFS,CFS,0.0,0.0,2.0,2.0
95_conclusion,Whites should be united to fight against non-whites.,1,1.0,NFS,NFS,1.0,0.0,3.0,1.0
96_conclusion,We should ask the Africans in South Africa why they hate White people so much.,1,0.0,NFS,CFS,1.0,0.0,2.0,1.0
97_conclusion,"Therefore, they think homosexuality is not a bad thing.",1,1.0,CFS,NFS,0.0,1.0,1.0,2.0
98_conclusion,This would prevent the competition with our white children.,1,1.0,CFS,CFS,0.0,0.0,2.0,2.0
99_conclusion,I would like to say and I can proudly say that there are no jews in Iceland.,1,1.0,CFS,CFS,0.0,0.0,3.0,2.0
100_conclusion,"The country of origin matters, even if we all originally came from Africa.",1,0.0,CFS,CFS,0.0,0.0,2.0,2.0
101_conclusion,It was probably just an excuse.,1,0.0,NFS,NFS,0.0,0.0,3.0,2.0
102_conclusion,Racists are not doing something wrong.,1,1.0,CFS,CFS,1.0,0.0,3.0,1.0
103_conclusion,"I am wondering how these immigrants will be ""painted"" in the future.",1,1.0,NFS,NFS,0.0,0.0,3.0,2.0
104_conclusion,I am really disgusted by what Birmingham has become.,1,0.0,NFS,NFS,0.0,0.0,2.0,2.0
105_conclusion,Nigeria wants a bigger handout from the government.,1,0.0,CFS,CFS,0.0,0.0,3.0,2.0
106_conclusion,Liberals are trying to deceive people.,1,1.0,CFS,CFS,0.0,0.0,3.0,2.0
107_conclusion,Muslims want to breed out other races in order to become the majority.,1,1.0,CFS,CFS,0.0,0.0,3.0,2.0
108_conclusion,News and media is pushed by Jews.,1,1.0,CFS,CFS,0.0,0.0,3.0,2.0
109_conclusion,The red scum will never wake up.,1,1.0,NFS,NFS,1.0,0.0,2.0,1.0
110_conclusion,This is becoming a sickening trend in society.,1,0.0,CFS,CFS,1.0,0.0,2.0,1.0
111_conclusion,Legitimate refugees from a war conflict should be treated differently from black and brown refugees.,1,1.0,CFS,CFS,0.0,0.0,2.0,2.0
112_conclusion,Seeing the teams of white nations have black players in their ranks is a depressing sight.,1,1.0,NFS,NFS,1.0,1.0,1.0,1.0
113_conclusion,I hope that O'Connor's pub in Cloghane Village has not been invaded.,1,1.0,NFS,NFS,0.0,0.0,3.0,2.0
114_conclusion,They have no respect for themselves.,1,0.0,UFS,CFS,1.0,1.0,1.0,1.0
115_conclusion,If they ever fired them I'd expect they'd do more damage to themselves.,1,1.0,NFS,NFS,0.0,0.0,3.0,2.0
116_conclusion,These two sombitches need to be taken out.,1,1.0,NFS,NFS,0.0,0.0,3.0,2.0
117_conclusion,Downtown Philadelphia is becoming a cesspool.,1,1.0,CFS,CFS,1.0,0.0,2.0,1.0
118_conclusion,I should pull out my passport when I want into walmart.,1,0.0,NFS,NFS,0.0,0.0,3.0,2.0
119_conclusion,"If they don't, they will be lost in the real world.",1,0.0,NFS,NFS,0.0,0.0,3.0,2.0
120_conclusion,I will never go to the bar again.,1,1.0,NFS,NFS,0.0,0.0,3.0,2.0
121_conclusion,"To do this, they wanted to kill any non-Jewish person who stood in their way or had property that they desired.",1,1.0,CFS,CFS,0.0,0.0,2.0,2.0
122_conclusion,In these houses a large inbred family coming to the UK can be housed.,1,1.0,UFS,UFS,1.0,0.0,2.0,1.0
123_conclusion,I am blessed.,1,0.0,NFS,NFS,0.0,0.0,3.0,2.0
124_conclusion,It is expectable that negroes have been busy the last few weeks.,1,1.0,UFS,UFS,1.0,0.0,2.0,1.0
125_conclusion,It is better to forget her and let her perish in shame.,1,1.0,NFS,NFS,0.0,0.0,3.0,2.0
126_conclusion,"London will become a zombie town of crumbling buildings, dealers, and junkies.",1,1.0,NFS,CFS,1.0,0.0,2.0,1.0
127_conclusion,"I would move to Surrey, just outside Kingston upon Thames,.",1,0.0,NFS,NFS,1.0,0.0,2.0,1.0
128_conclusion,Whites are smarter and stronger than asians and blacks.,1,1.0,CFS,CFS,0.0,0.0,3.0,2.0
129_conclusion,The Swedes' wanted to commit genocide against themselves.,1,1.0,CFS,CFS,0.0,0.0,2.0,2.0
130_conclusion,We don't need to worry about helpless people who have to eat cow crap in order to survive .,1,1.0,NFS,NFS,1.0,0.0,2.0,1.0
131_conclusion,ZOG thinks Marco committed a heinous crime.,1,0.0,UFS,UFS,1.0,0.0,2.0,1.0
132_conclusion,They are poor and starving.,1,1.0,CFS,CFS,0.0,0.0,2.0,2.0
133_conclusion,The swing would hit either yellow or black people.,1,1.0,NFS,NFS,1.0,0.0,2.0,1.0
134_conclusion,They don't care for those around them .,1,1.0,NFS,NFS,0.0,0.0,2.0,2.0
135_conclusion,The locals should take action against the anti-white festival in their town.,1,1.0,NFS,NFS,1.0,0.0,3.0,1.0
136_conclusion,Black people are good athletes.,1,0.0,CFS,CFS,0.0,0.0,3.0,2.0
137_conclusion,"We will never give up, and we will never surrender to the Jews.",1,1.0,NFS,NFS,1.0,0.0,3.0,1.0
138_conclusion,We should call the jackass and inform him about the situation.,1,0.0,NFS,NFS,0.0,0.0,3.0,2.0
139_conclusion,The result can be seen in Tarantino's latest flick Django Unchained.,1,0.0,UFS,UFS,0.0,0.0,3.0,2.0
140_conclusion,A federal judge in New York closed a filthy jew kosher slaughterhouse Tuesday.,1,1.0,CFS,CFS,0.0,0.0,2.0,2.0
141_conclusion,She may or may not be a Jew.,1,0.0,UFS,UFS,1.0,0.0,2.0,1.0
142_conclusion,Her opinion does not count.,1,1.0,NFS,NFS,0.0,0.0,3.0,2.0
143_conclusion,The fags (homosexuals) will never find a cure for HIV.,1,1.0,NFS,CFS,1.0,0.0,2.0,1.0
144_conclusion,I suddenly found this woman to be repulsive and shall never watch anything she is in again.,1,1.0,NFS,NFS,0.0,0.0,3.0,2.0
145_conclusion,I am not surprised by the behavior of blacks in higher education.,1,1.0,UFS,NFS,1.0,0.0,2.0,1.0
146_conclusion,You should wait until these alternative solutions are financially possible rather than adopting mud babies.,1,1.0,NFS,NFS,1.0,0.0,2.0,1.0
147_conclusion,I had to press the panic button twice to get someone to help me.,1,0.0,NFS,UFS,0.0,0.0,2.0,2.0
148_conclusion,Black people actions are indicative of the Compton Crips gang's behavior.,1,1.0,CFS,CFS,0.0,0.0,2.0,2.0
149_conclusion,The mother should be arrested and the kids should be put in an orphanage.,1,1.0,NFS,NFS,1.0,0.0,2.0,1.0
150_conclusion,It is unfair to compare Monkeys and Apes with black people.,1,0.0,NFS,NFS,0.0,0.0,2.0,2.0
151_conclusion,Hungarians and liberals don't know how to give good arguments.,1,1.0,NFS,NFS,0.0,0.0,2.0,2.0
152_conclusion,Putin finally transformed former Soviet Union into Russian Judea.,1,1.0,CFS,CFS,0.0,0.0,3.0,2.0
153_conclusion,We moved out of our neighborhood.,1,0.0,UFS,UFS,1.0,0.0,3.0,1.0
154_conclusion,One person of a certain race is already too many.,1,1.0,NFS,NFS,1.0,0.0,3.0,1.0
155_conclusion,Asiacourt has become a garbage-infested Chinese outpost.,1,1.0,CFS,CFS,0.0,0.0,2.0,2.0
156_conclusion,I will not go to any place that has a lot of groids working in them.,1,1.0,NFS,NFS,0.0,0.0,3.0,2.0
157_conclusion,Liberals are stupid.,1,1.0,NFS,NFS,0.0,0.0,2.0,2.0
158_conclusion,"I am wondering how these immigrants will be ""painted"" in the future.",1,1.0,NFS,NFS,0.0,0.0,3.0,2.0
159_conclusion,Nigeria wants a bigger handout from the government.,1,0.0,CFS,CFS,0.0,0.0,3.0,2.0
160_conclusion,These two sombitches need to be taken out.,1,1.0,NFS,NFS,0.0,0.0,3.0,2.0
161_conclusion,A federal judge in New York closed a kosher slaughterhouse Tuesday.,1,0.0,CFS,CFS,0.0,0.0,2.0,2.0
162_conclusion,i do not want to live in a city like bradford or birmingham where we are outnumbered 2 to 1 or worse.,1,1.0,NFS,NFS,0.0,0.0,2.0,2.0
163_conclusion,people from other countries are locusts or parasites.,1,1.0,CFS,NFS,0.0,0.0,2.0,2.0
164_conclusion,upper class people feel the same way about white working class people as we do about blacks and pakis.,1,1.0,CFS,CFS,0.0,0.0,2.0,2.0
165_conclusion,"there are 50 thousand queers in brighton, all standing on the street.",1,1.0,UFS,CFS,1.0,0.0,2.0,1.0
166_conclusion,all that the anti-whites have constructed will be ripped down some day.,1,1.0,NFS,NFS,1.0,0.0,2.0,1.0
167_conclusion,white nations should consider deportation of non-whites in order to overthrow the powers to be and stop the marxist multiculturistic agenda.,1,1.0,CFS,NFS,0.0,0.0,2.0,2.0
168_conclusion,the only solution to the problem of illegal aliens is the implementation of u.s. troops as guards on the mexican border.,1,0.0,CFS,CFS,0.0,0.0,2.0,2.0
169_conclusion,white people are facing genocide.,1,1.0,CFS,CFS,1.0,0.0,3.0,1.0
170_conclusion,we do not believe in race mixing.,1,1.0,NFS,NFS,0.0,0.0,3.0,2.0
171_conclusion,"this would be beneficial for the black, brown, and yellow peoples of the world.",1,1.0,NFS,NFS,1.0,0.0,3.0,1.0
172_conclusion,"ra-heem and monique are still poor despite getting welfare, food stamps, project housing, free utilities, stolen cars and drugs sold, because they are engaging in criminal activities.",1,1.0,CFS,UFS,0.0,0.0,2.0,2.0
173_conclusion,the target of hate should look into independent study.,1,1.0,NFS,NFS,0.0,0.0,2.0,2.0
174_conclusion,"muslims are the same as ""nigs"" (a derogatory term for african americans).",1,0.0,NFS,CFS,1.0,0.0,2.0,1.0
175_conclusion,we must secure the existence of our people and a future for white children and keep it white.,1,1.0,NFS,NFS,1.0,0.0,3.0,1.0
176_conclusion,it is clear that hungarian nationalists have a strong hatred towards the lgbt community.,1,1.0,CFS,CFS,0.0,0.0,3.0,2.0
177_conclusion,the two niglet boys were the target of hate and violence.,1,1.0,UFS,UFS,1.0,0.0,2.0,1.0
178_conclusion,i should make a joke about tying them to the back of my car and dragging them across the ground till they die.,1,1.0,NFS,NFS,0.0,0.0,3.0,2.0
179_conclusion,"the black monkey children are being compared to apes, implying that they are inferior to whites.",1,1.0,CFS,CFS,0.0,0.0,3.0,2.0
180_conclusion,"whites becoming a minority in europe, the homeland, is a much more serious issue that concerns me greatly.",1,1.0,CFS,CFS,1.0,0.0,2.0,1.0
181_conclusion,the world will not change unless people take these actions against the target of hate.,1,1.0,NFS,NFS,0.0,0.0,3.0,2.0
182_conclusion,"jews are so convinced of their superiority that they think they can trick god of their love and fidelity by pretending to honor him, which is evidenced by the fact that any purported ""holy book"" which says such vile and despicable things about mary and jesus cannot come from a place of goodness.",1,1.0,CFS,CFS,0.0,0.0,2.0,2.0
183_conclusion,the author is expressing hate towards black people and welfare recipients.,1,0.0,UFS,NFS,1.0,0.0,2.0,1.0
184_conclusion,black people are the worse cancer of the world and they are ready to do harm to our countries.,1,1.0,CFS,CFS,0.0,0.0,2.0,2.0
185_conclusion,this is what happens when you make friends with spearchuckers ..,1,1.0,NFS,NFS,0.0,0.0,3.0,2.0
186_conclusion,Blacks and browns are only capable of destruction.,1,1.0,CFS,CFS,1.0,0.0,3.0,1.0
187_conclusion,The law is biased against poor black people.,1,1.0,CFS,CFS,0.0,0.0,3.0,2.0
188_conclusion,"The current situation is worse than before, as it does not help people or keep streets safe.",1,0.0,CFS,CFS,1.0,0.0,2.0,1.0
189_conclusion,It is ridiculous that the Egyptians are talking about how forward thinking and how much they love democracy.,1,1.0,NFS,NFS,1.0,0.0,2.0,1.0
190_conclusion,Somalians = scumalians!,1,1.0,NFS,NFS,1.0,0.0,2.0,1.0
191_conclusion,"Go someplace else that is much better like Bath or Stratford Upon Avon (Shakespeare Birthplace) and avoid Londonistan, which is a craphole.",1,1.0,NFS,NFS,1.0,0.0,3.0,1.0
192_conclusion,The Lebanese got theirs yesterday.,1,1.0,UFS,UFS,1.0,0.0,2.0,1.0
193_conclusion,Little Johnnie is dumping people from different countries into the country.,1,0.0,CFS,CFS,0.0,1.0,1.0,2.0
194_conclusion,The show should be taped and passed around for all to enjoy.,1,0.0,NFS,NFS,0.0,0.0,3.0,2.0
195_conclusion,Nonwhites are the target of hate.,1,0.0,CFS,NFS,1.0,0.0,2.0,1.0
196_conclusion,Non-white people are not as civilized as white people.,1,1.0,CFS,CFS,0.0,0.0,3.0,2.0
197_conclusion,"To get a good job, one should dye their skin black and unlearn their English.",1,1.0,CFS,CFS,0.0,0.0,3.0,2.0
198_conclusion,It would be a shame if nonwhite DNA was destroyed because of leftist ideals.,1,1.0,NFS,NFS,0.0,0.0,3.0,2.0
199_conclusion,Message me and let me know there is still some white brothers out there.,1,1.0,NFS,NFS,0.0,0.0,2.0,2.0
200_conclusion,i feel heartbroken because of the presence of people of color and muslims in galway city.,1,1.0,NFS,NFS,0.0,0.0,2.0,2.0
201_conclusion,every nigerian who has a problem cannot come running over to ireland.,1,1.0,NFS,NFS,1.0,0.0,2.0,1.0
202_conclusion,"it makes me wish it was still 1940 here in alabama, where interracial relationships were not accepted.",1,1.0,NFS,NFS,1.0,0.0,2.0,1.0
203_conclusion,boatloads of third-worlders are being brought to britain.,1,1.0,CFS,CFS,0.0,0.0,3.0,2.0
204_conclusion,"in a few years, there will be full-scale black riots in ireland targeting the police.",1,1.0,CFS,NFS,0.0,0.0,2.0,2.0
205_conclusion,the white girl must always have her own back.,1,1.0,NFS,NFS,0.0,0.0,3.0,2.0
206_conclusion,have a nice life [directed to the two people talking behind his back],1,0.0,NFS,NFS,0.0,0.0,3.0,2.0
207_conclusion,"the only aryans apparently in the east are those with light skin and blue eyes, implying that those with darker skin and eyes are not considered to be aryans.",1,1.0,CFS,CFS,0.0,0.0,3.0,2.0
208_conclusion,the joy of diversity should be brought into white daughter's bedrooms.,1,1.0,NFS,NFS,0.0,0.0,3.0,2.0
209_conclusion,the speaker cannot stand the large number of hispanic people in the school and needs support.,1,1.0,NFS,NFS,0.0,0.0,3.0,2.0
210_conclusion,"i am lucky to have a white high school, and i don't want black people in my community.",1,1.0,NFS,NFS,1.0,0.0,3.0,1.0
211_conclusion,you would not think your neighbor was a nice guy.,1,0.0,NFS,NFS,1.0,0.0,2.0,1.0
212_conclusion,"i can't believe that they are doing this by the millions, it's crazy.",1,0.0,NFS,NFS,0.0,0.0,3.0,2.0
213_conclusion,there is a problem with the white race.,1,0.0,NFS,NFS,1.0,0.0,2.0,1.0
214_conclusion,all whites should be aware of the jewish threat and the threat of the negroid race to our race.,1,1.0,CFS,NFS,0.0,0.0,2.0,2.0
215_conclusion,i won't be buying that stuff ever again.,1,0.0,NFS,NFS,0.0,0.0,3.0,2.0
216_conclusion,we must take action to speak out against hate and to know our enemies in order to defeat them.,1,1.0,NFS,NFS,0.0,0.0,3.0,2.0
217_conclusion,kick the soumalians out of finland.,1,1.0,NFS,NFS,1.0,0.0,3.0,1.0
218_conclusion,"all the ""mud races"" (non-white ethnic groups) are equivalent in number to the poles.",1,1.0,CFS,CFS,0.0,0.0,3.0,2.0
219_conclusion,people of ireland should wake up and take action against the foreigners who are taking advantage of the welfare system.,1,1.0,CFS,NFS,0.0,0.0,2.0,2.0
220_conclusion,i feel heartbroken because of the presence of people of color and muslims in galway city.,1,1.0,NFS,NFS,0.0,0.0,2.0,2.0
221_conclusion,the joy of diversity should be brought into white daughter's bedrooms.,1,1.0,CFS,NFS,1.0,0.0,2.0,1.0
222_conclusion,the speaker cannot stand the large number of hispanic people in the school and needs support.,1,1.0,NFS,NFS,0.0,0.0,3.0,2.0
223_conclusion,"i am lucky to have a white high school, and i don't want black people in my community.",1,1.0,NFS,NFS,0.0,0.0,3.0,2.0
224_conclusion,i won't be buying that stuff ever again.,1,0.0,NFS,NFS,0.0,0.0,3.0,2.0
225_conclusion,all the non-white ethnic groups are equivalent in number to the poles.,1,0.0,CFS,CFS,0.0,0.0,3.0,2.0
226_conclusion,Crime pays in Ireland.,1,0.0,CFS,CFS,0.0,0.0,3.0,2.0
227_conclusion,not goinna happen. ,0,,NFS,NFS,0.0,0.0,3.0,2.0
230_conclusion, i speny most of my teens chasing the bigger kids around with a baseball bat .....,0,,UFS,UFS,1.0,0.0,3.0,1.0
232_conclusion,I will cut some of my fingers if someone american come to live in Bulgaria ...,0,,NFS,NFS,0.0,0.0,3.0,2.0
233_conclusion,you 're not alone comrade.,0,,NFS,NFS,0.0,0.0,3.0,2.0
234_conclusion,"if anyone is in driving distance of massachusetts , post back .",0,,NFS,NFS,0.0,0.0,3.0,2.0
235_conclusion,i can be more educated and prepared to be able to help not only myself but my race ,0,,NFS,NFS,0.0,0.0,3.0,2.0
236_conclusion,as soon as I talk to him at the jail I will let you all know. or if you want to leave a message for him you can just pm me and ill give you the number and you can ask him your self,0,,NFS,NFS,0.0,0.0,3.0,2.0
239_conclusion,Our youth are our future indeed !,0,,NFS,NFS,0.0,0.0,3.0,2.0
240_conclusion,if anyone wants to know more about please ask,0,,NFS,NFS,0.0,0.0,3.0,2.0
241_conclusion,We should work together.,0,,NFS,NFS,0.0,0.0,3.0,2.0
243_conclusion,If a person 's sexuality is an issue for them only then it should be an issue for us,0,,NFS,NFS,0.0,0.0,3.0,2.0
245_conclusion,if your looking fr near the same get ahold of me . eric,0,,NFS,NFS,0.0,0.0,3.0,2.0
246_conclusion,if i end up with kids i would prefer to home school them. ,0,,NFS,NFS,0.0,0.0,3.0,2.0
248_conclusion,She can color in the countries we are from.,0,,UFS,NFS,1.0,0.0,2.0,1.0
251_conclusion,I am a very busy officer,0,,UFS,UFS,1.0,0.0,3.0,1.0
252_conclusion,if your out there give me a email back,0,,NFS,NFS,0.0,0.0,3.0,2.0
253_conclusion,"Say out loud `` would have '' , `` should have '' , `` could have '' 100 times a day for each phrase ( yes for a total of 300 times per day ) until it is part of your normal everyday speech .",0,,NFS,NFS,0.0,0.0,3.0,2.0
256_conclusion,These are corperate sell outs for the government to use,0,,CFS,CFS,1.0,0.0,2.0,1.0
257_conclusion,Now we will try and spread the word !,0,,NFS,NFS,0.0,0.0,3.0,2.0
259_conclusion,"When the discussion of race comes up , this one makes tempers flare like no other.",0,,UFS,UFS,1.0,1.0,1.0,1.0
260_conclusion,Non European peoples who have the same genetic makeup and physical appearance as Europeans must be considered white.,0,,NFS,CFS,1.0,0.0,2.0,1.0
261_conclusion,I won't argue anymore,0,,NFS,NFS,0.0,0.0,3.0,2.0
262_conclusion,"It looks like they have a pretty modern economy , not many low skill jobs available .",0,,CFS,CFS,1.0,0.0,3.0,1.0
263_conclusion,I won't be able to drive it on the road until next week.,0,,NFS,NFS,1.0,0.0,2.0,1.0
266_conclusion,is there a difference in the dna of most jews and europeans or is it mainly a just their condensening holier than thou attitude?,0,,NFS,CFS,0.0,0.0,2.0,2.0
269_conclusion,It couldnt have been `` many ''.,0,,NFS,NFS,0.0,0.0,2.0,2.0
270_conclusion,i dont even know if you could really say i joined. not like u fill out a form or something .,0,,NFS,NFS,1.0,0.0,2.0,1.0
271_conclusion,"make fun of their attire and mannerisms and say things like `` why do n't you act like a white man for a change '' or `` you are really sad , why are you ashamed of being white ? ''",0,,NFS,NFS,0.0,0.0,3.0,2.0
272_conclusion,its important that white women speak about it to white men that are on the edge of being liberals or not lol or brainwashed fruit cakes,0,,NFS,NFS,0.0,0.0,3.0,2.0
275_conclusion,Our numbers will get large when people are exposed to the real world and cold truth.,0,,NFS,NFS,0.0,0.0,3.0,2.0
278_conclusion,even seen a girl dating a black .,0,,UFS,UFS,1.0,0.0,3.0,1.0
279_conclusion,if u would like to talk to me u can email me at killergods2001@yahoo.com thanks for your time hope to hear from u,0,,NFS,NFS,0.0,0.0,3.0,2.0
281_conclusion, I ca n't wait to see the commercials and watch some beauty like Sandra Bullock sink her teeth into it !!,0,,NFS,NFS,0.0,0.0,3.0,2.0
282_conclusion,I figured I 'd take a chance and try to kiss her and it worked.,0,,UFS,NFS,1.0,0.0,2.0,1.0
283_conclusion,Where are all these black computer geniuses hiding?,0,,NFS,NFS,0.0,0.0,3.0,2.0
288_conclusion,I would n't trust anything that is being taught in our schools. I would be highly sceptical (especially in the times we are living now),0,,NFS,NFS,0.0,0.0,3.0,2.0
290_conclusion,The name was removed.,0,,CFS,CFS,1.0,0.0,3.0,1.0
291_conclusion,whats next we 'll not be allowed to sing god save the queen .,0,,NFS,NFS,0.0,0.0,3.0,2.0
292_conclusion,It's very easy for people to sit behind their computers in the comfort of their homes and judge an elderly gentleman.,0,,NFS,NFS,0.0,0.0,3.0,2.0
294_conclusion,I'm with you on using Stormfront as a second source.,0,,NFS,NFS,0.0,0.0,3.0,2.0
295_conclusion,Absolute Vodka is an anti-White company.,0,,CFS,CFS,0.0,0.0,3.0,2.0
296_conclusion,I could be a poster boy for the Alpine group,0,,NFS,UFS,1.0,0.0,2.0,1.0
301_conclusion,I proved that fyromanians are blind people,0,,CFS,CFS,1.0,0.0,2.0,1.0
302_conclusion,it was the enchantment of the white man !,0,,NFS,NFS,0.0,0.0,3.0,2.0
305_conclusion,"This is a rare case, only happening once in a billion.",0,,UFS,NFS,0.0,0.0,2.0,2.0
306_conclusion,"if you like a guy's picture, you should make sure he knows you are either WP or only like White men.",0,,NFS,NFS,0.0,0.0,3.0,2.0
307_conclusion,if anyone is interested in joing or knows or is part of a group that is recruiting send me a private message or e-mail appreciate it .,0,,NFS,NFS,0.0,0.0,3.0,2.0
308_conclusion,The bore looks like new.,0,,UFS,UFS,0.0,0.0,2.0,2.0
309_conclusion,I will send a message to you if I can get my Yahoo to connect.,0,,NFS,NFS,0.0,0.0,3.0,2.0
311_conclusion,"If its an organised group , they do n't sound too smart .",0,,UFS,UFS,1.0,0.0,2.0,1.0
314_conclusion,I will not push my views on him. My child will learn right from wrong from my positive examples and he will see the truth .,0,,NFS,NFS,0.0,0.0,3.0,2.0
315_conclusion,The school board is completely blinded to the events that go on with their schools.,0,,NFS,NFS,1.0,0.0,2.0,1.0
316_conclusion,It seems that our enemies in Congress are once again introducing a bill.,0,,CFS,CFS,1.0,0.0,3.0,1.0
317_conclusion,It is my duty to educate and teach her white values and her heritage.,0,,NFS,NFS,0.0,0.0,3.0,2.0
318_conclusion,its a damn shame ...,0,,NFS,NFS,0.0,0.0,3.0,2.0
323_conclusion,They wear dirty clothes have dirty smiles and are all-around dirty nasty people .,0,,UFS,UFS,1.0,1.0,1.0,1.0
327_conclusion,I don't feel so bad about nicking those cans now.,0,,NFS,NFS,0.0,0.0,3.0,2.0
332_conclusion,hows the scene out there ? has it picked up in the last few years or was the guy i talked to full of it ?,0,,NFS,NFS,0.0,0.0,3.0,2.0
333_conclusion,it shouldn t be used and should go down in history where it belongs .,0,,NFS,NFS,0.0,0.0,3.0,2.0
334_conclusion,I am making me blonde hair blue eyes with a big barrel chest just like my german grandfather .,0,,UFS,UFS,1.0,0.0,3.0,1.0
336_conclusion,put your fear aside and do whats right for the baby 's sake. Have that baby removed from her wretched hands and have it be properly cared for,0,,NFS,NFS,0.0,0.0,3.0,2.0
338_conclusion,PM me if you have a group I could join or if you know of one in my area !,0,,NFS,NFS,0.0,0.0,3.0,2.0
341_conclusion,I knew something like this could happen,0,,NFS,NFS,0.0,0.0,3.0,2.0
342_conclusion,It looks like a good investment,0,,NFS,NFS,0.0,0.0,3.0,2.0
350_conclusion,it is clear that the intention is to move the world into the same economic interdependency.,0,,CFS,CFS,0.0,0.0,2.0,2.0
351_conclusion,"the Slavic Croats arrived and assimilated those Illyrian-Celts , and on end we have Germanic influx during Frankish empire , Holy Roman Empire , Austro-Hungarian Empire and ww1 + ww2 period .",0,,CFS,CFS,0.0,0.0,3.0,2.0
354_conclusion,"If you need a good dog , you ca n't beat a bull terrier",0,,NFS,NFS,0.0,0.0,3.0,2.0
355_conclusion,Listeners are welcome to send material to be read on-air during any live broadcast.,0,,CFS,NFS,1.0,1.0,1.0,1.0
356_conclusion,"the larger the fish , the more chance they will have some mercury in them .",0,,CFS,CFS,0.0,0.0,3.0,2.0
358_conclusion,friends told me easy way to kept the pounds off Don t eat anything white.,0,,UFS,UFS,1.0,0.0,2.0,1.0
359_conclusion,"They did not look for rape, they went just for the murder charge",0,,CFS,NFS,0.0,0.0,2.0,2.0
363_conclusion,We would have maybe 2 to 4 .,0,,NFS,NFS,0.0,0.0,3.0,2.0
367_conclusion,If anybody can email me and let me know how I can get involved please let me know : therealfixxx@hotmail.com,0,,NFS,NFS,0.0,0.0,3.0,2.0
368_conclusion,It just all depends.,0,,NFS,NFS,0.0,0.0,3.0,2.0
369_conclusion,You have your priorities mixed up,0,,NFS,NFS,1.0,0.0,2.0,1.0
371_conclusion,I'll just bid like crazy the last few minutes of the auction and hopefully get it .,0,,NFS,NFS,0.0,0.0,3.0,2.0
374_conclusion,We will have to find out more from white parents already there that send their children to public school.,0,,NFS,NFS,0.0,0.0,3.0,2.0
375_conclusion,"Bach adapted rhythms, forms, and textures from abroad.",0,,CFS,CFS,0.0,0.0,3.0,2.0
376_conclusion,I know the feeling ,0,,NFS,NFS,0.0,0.0,3.0,2.0
379_conclusion,why dont they have anything small that I can print out on my printer and cut them up so I can place them in library books and phone booths ?,0,,NFS,NFS,0.0,0.0,3.0,2.0
381_conclusion,I have no problem cleaning my own toilets infact I dont even hate it.,0,,NFS,NFS,0.0,0.0,3.0,2.0
386_conclusion,ALWAYS SPEAK OUT WHEN IN A CLASS WITH A BRAINWASHING TEACHER,0,,NFS,NFS,0.0,0.0,3.0,2.0
387_conclusion,Feel free to pm me.,0,,NFS,NFS,0.0,0.0,3.0,2.0
388_conclusion,That woman SHOULD have had an abortion !!! there is NO WAY that could have gone well,0,,NFS,NFS,1.0,0.0,2.0,1.0
390_conclusion,I look forward to reading his wisdom as often as he posts it .,0,,NFS,NFS,0.0,0.0,3.0,2.0
391_conclusion,That 's hardly good police procedure ,0,,NFS,NFS,0.0,0.0,3.0,2.0
393_conclusion,Hang in there brother,0,,NFS,NFS,0.0,0.0,3.0,2.0
398_conclusion,if your a cute white women into boston oi e mail me hammerfist@attbi.com.,0,,NFS,NFS,0.0,0.0,3.0,2.0
400_conclusion,you guys should go out and do the same,0,,NFS,NFS,0.0,0.0,3.0,2.0
402_conclusion,Thats just stupid to say that ,0,,NFS,NFS,0.0,0.0,3.0,2.0
403_conclusion,"Either way, I can't win",0,,NFS,NFS,0.0,0.0,3.0,2.0
407_conclusion,I do n't think we 'll be welcome back for a LONG time .,0,,NFS,NFS,0.0,0.0,3.0,2.0
408_conclusion,Most teachers will not take time out of their day for you,0,,NFS,NFS,0.0,0.0,3.0,2.0
409_conclusion,"if anybody would like to meet or talk to a white nationalist , neo-confederate , klansman , teenager from manhattan, just email me.",0,,NFS,NFS,0.0,0.0,3.0,2.0
410_conclusion,"I told him to turn the damn thing off and put on some music , look at things on the internet , or go somewhere out of the house ",0,,UFS,NFS,1.0,0.0,2.0,1.0
415_conclusion,There is no reason to hate any foods just because some other race found a nice way to prepare it.,0,,NFS,NFS,0.0,0.0,3.0,2.0
416_conclusion,I now realize how foolish it was to start consuming poison in the first place.,0,,NFS,NFS,0.0,0.0,3.0,2.0
417_conclusion,I take great pride as you all see,0,,UFS,NFS,1.0,0.0,2.0,1.0
418_conclusion,Stop it and preserve Ireland.,0,,NFS,NFS,0.0,0.0,3.0,2.0
419_conclusion,"I intentionally do n't make clear whether I 'm married or not , or whether I 'm a father or mother",0,,UFS,UFS,1.0,0.0,2.0,1.0
427_conclusion,What does any of that have to do with racial preservation and the resistance to the deliberate and calculated extermination of the White race and the destruction of western civilization?,0,,NFS,NFS,0.0,0.0,3.0,2.0
429_conclusion,I think being a cop is one of the best WN jobs,0,,NFS,NFS,1.0,0.0,2.0,1.0
430_conclusion,I'm not leaving my children 's values up for grabs,0,,NFS,NFS,0.0,0.0,3.0,2.0
433_conclusion,We are expected to believe that they did n't take turns at her while before finally killing her ...,0,,NFS,CFS,1.0,0.0,2.0,1.0
437_conclusion,Let 's take a look at some of their ritual practices : [ IMG ] http://torture.justsick * * * * .com/wp-content/uploads/2007/10/butter-electric-chair-botched.jpg [ /IMG ],0,,CFS,CFS,1.0,0.0,2.0,1.0
438_conclusion,It is a huge obstacle we need to overcome .,0,,CFS,NFS,1.0,0.0,2.0,1.0
441_conclusion,I need to dust these off and get them back in my work out routine.,0,,NFS,NFS,0.0,0.0,3.0,2.0
443_conclusion,My husband and i will be proud to be voting BNP as usual in the nxt election,0,,NFS,NFS,0.0,0.0,2.0,2.0
444_conclusion,Anyone who has not visited the PLE-UK web site for some time is invited to return,0,,NFS,NFS,0.0,0.0,3.0,2.0
446_conclusion,The mass population has been brainwashed,0,,CFS,CFS,1.0,0.0,3.0,1.0
447_conclusion,Giving kids FAS is unnecessary punishment.,0,,CFS,UFS,1.0,1.0,1.0,1.0
457_conclusion,you should go and see get ur booty too,0,,NFS,NFS,0.0,0.0,3.0,2.0
468_conclusion,Only the mother and father of the baby should have a say in whether she quits or not.,0,,NFS,NFS,1.0,0.0,3.0,1.0
471_conclusion,The kid could get put in a foster home if a good doer calls the cops.,0,,NFS,NFS,1.0,0.0,2.0,1.0
473_conclusion,You ca n't really compare .,0,,NFS,NFS,0.0,0.0,3.0,2.0
474_conclusion,Damn proud of it too ,0,,NFS,NFS,0.0,0.0,3.0,2.0
475_conclusion,WE SHOULD BE PROUD OF WHAT WE DID NOT OF WHAT SOME AUSTRIAN DID !!!,0,,NFS,NFS,0.0,0.0,3.0,2.0
477_conclusion,"Jewish propaganda masqueraded as `` reality '' , lololo .",0,,CFS,CFS,1.0,0.0,2.0,1.0
479_conclusion,which is why I keep my views limited,0,,NFS,NFS,0.0,0.0,3.0,2.0
481_conclusion,It is my `` brush gun '' during blackpowder deer season or when going after feral hogs .,0,,UFS,UFS,1.0,0.0,2.0,1.0
482_conclusion,They may decide thay they do n't want anything to do with us.,0,,NFS,NFS,1.0,0.0,2.0,1.0
485_conclusion,Everyone gets one two to a customer .,0,,CFS,NFS,1.0,0.0,2.0,1.0
486_conclusion,Look at post #13 for Christ's sake,0,,NFS,NFS,0.0,0.0,3.0,2.0
490_conclusion,I am proud of these.,0,,NFS,NFS,0.0,0.0,3.0,2.0
492_conclusion,Does anyone know any tactics to where i might be able to get them to understand?,0,,NFS,NFS,0.0,0.0,3.0,2.0
495_conclusion,"In my opinion , from my experience with the schools in my area , the teachers say it is not their job to break up a fight",0,,UFS,CFS,1.0,0.0,2.0,1.0
496_conclusion,Email is the best way to contact her,0,,NFS,NFS,0.0,0.0,3.0,2.0
498_conclusion,Learn how to defend yourself your friends and your family for any and all possibilities,0,,NFS,NFS,0.0,0.0,3.0,2.0
499_conclusion,"Let 's break the monopoly of news and information by supporting alternative , pro-white media like Stormfront .",0,,CFS,NFS,0.0,0.0,2.0,2.0
501_conclusion,Shoot me yopur #again.,0,,NFS,NFS,0.0,0.0,3.0,2.0
502_conclusion,In other words turn it into a wasteland of celebrity worship and wipe out all of it 's potential as a medium for informing and educating .,0,,CFS,CFS,1.0,0.0,2.0,1.0
503_conclusion,if you want to talk to someone who is trying to get their degrees pm me on sf or im me on aol aryan14words@aol.com or yahoo whiteqt242002 christy88,0,,NFS,NFS,0.0,0.0,3.0,2.0
504_conclusion,The artist has new material and a fresh sound on myspace.,0,,CFS,UFS,1.0,0.0,2.0,1.0
507_conclusion,See for yourself before making assumptions about Ireland and its people.,0,,NFS,NFS,0.0,0.0,3.0,2.0
508_conclusion,"If it ever comes down to doomsday, we are going to need a good smithy.",0,,NFS,NFS,0.0,0.0,3.0,2.0
512_conclusion,here goes with the new one 88 to all i know and to those i will meet,0,,UFS,NFS,1.0,0.0,2.0,1.0
515_conclusion,"If anyone is going from around here or can get me there, please send me a private message.",0,,NFS,NFS,0.0,0.0,3.0,2.0
518_conclusion,Would you like to move to East Asia with me?,0,,NFS,NFS,0.0,0.0,3.0,2.0
